Order ID,Order Date,Customer Name,City,Country,Region,Segment,Ship Date,Ship Mode,State,lon,lat
BN-2011-7407039,01/01/2011,Ruby Patel,Stockholm,Sweden,North,Home Office,05/01/2011,Economy Plus,Stockholm,18.0685808,59.3293235
AZ-2011-9050313,03/01/2011,Summer Hayward,Southport,United Kingdom,North,Consumer,07/01/2011,Economy,England,-3.010113,53.645708
AZ-2011-6674300,04/01/2011,Devin Huddleston,Valence,France,Central,Consumer,08/01/2011,Economy,Auvergne-Rhône-Alpes,4.89236,44.933393
BN-2011-2819714,04/01/2011,Mary Parker,Birmingham,United Kingdom,North,Corporate,09/01/2011,Economy,England,-1.890401,52.486243
AZ-2011-617423,05/01/2011,Daniel Burke,Echirolles,France,Central,Home Office,07/01/2011,Priority,Auvergne-Rhône-Alpes,5.718034,45.142151
AZ-2011-2918397,07/01/2011,Fredrick Beveridge,La Seyne-sur-Mer,France,Central,Corporate,08/01/2011,Priority,Provence-Alpes-Côte d'Azur,5.878219,43.102976
BN-2011-3248724,08/01/2011,Archer Hort,Toulouse,France,Central,Consumer,14/01/2011,Economy,Languedoc-Roussillon-Midi-Pyrénées,1.444209,43.604652
AZ-2011-6712797,11/01/2011,Evie Flockhart,Genoa,Italy,South,Consumer,16/01/2011,Economy,Liguria,8.946256,44.4056499
AZ-2011-4827146,11/01/2011,Faith Greenwood,Vienna,Austria,Central,Consumer,15/01/2011,Economy,Vienna,16.3738189,48.2081743
AZ-2011-6439906,11/01/2011,Summer Hayward,Murcia,Spain,South,Consumer,15/01/2011,Economy,Murcia,-1.1306544,37.9922399
AZ-2011-7053593,11/01/2011,Gracie Powell,Woking,United Kingdom,North,Consumer,11/01/2011,Immediate,England,-0.5600349,51.316774
AZ-2011-5702370,12/01/2011,Hershel Snyder,Lohne,Germany,Central,Corporate,19/01/2011,Economy,Lower Saxony,8.7220862,52.1941419
AZ-2011-9927716,12/01/2011,Julia Martell,Leicester,United Kingdom,North,Home Office,17/01/2011,Economy,England,-1.1397592,52.6368778
AZ-2011-2222024,12/01/2011,Viola Watson,Sheffield,United Kingdom,North,Consumer,15/01/2011,Priority,England,-1.470085,53.381129
BN-2011-4913858,13/01/2011,Julian Dobie,Dordrecht,Netherlands,Central,Consumer,19/01/2011,Economy,South Holland,4.6900929,51.8132979
BN-2011-2807470,13/01/2011,Rose Heap,Gothenburg,Sweden,North,Consumer,20/01/2011,Economy,Västra Götaland,11.97456,57.70887
AZ-2011-5960662,14/01/2011,Ella Troy,Vienna,Austria,Central,Home Office,19/01/2011,Economy,Vienna,16.3738189,48.2081743
AZ-2011-7675351,15/01/2011,Everett Dunbar,Langen,Germany,Central,Corporate,20/01/2011,Economy Plus,Lower Saxony,8.6634007,49.9914663
BN-2011-3770060,17/01/2011,Georgia Bermingham,Copenhagen,Denmark,North,Home Office,23/01/2011,Economy,Hovedstaden,12.5683371,55.6760968
AZ-2011-7419210,18/01/2011,Christopher Goold,Gandia,Spain,South,Corporate,21/01/2011,Priority,Valenciana,-0.1844671,38.968032
AZ-2011-1816950,18/01/2011,John Baca,Esbjerg,Denmark,North,Consumer,23/01/2011,Economy Plus,South Denmark,8.459405,55.476466
AZ-2011-3059419,19/01/2011,Kai Leonard,Sesto San Giovanni,Italy,South,Corporate,21/01/2011,Priority,Lombardy,9.2256875,45.5328245
AZ-2011-5342265,19/01/2011,Jennifer Mattingly,Trapani,Italy,South,Home Office,20/01/2011,Priority,Sicily,12.537202,38.0176177
AZ-2011-2002251,20/01/2011,Nathan Iqbal,Villiers-sur-Marne,France,Central,Consumer,25/01/2011,Economy,Ile-de-France,2.546798,48.825787
AZ-2011-5357101,21/01/2011,Noah Chamberlain,Bielefeld,Germany,Central,Consumer,26/01/2011,Economy,North Rhine-Westphalia,8.5324708,52.0302285
AZ-2011-2245674,22/01/2011,Dylan Disney,Leuven,Belgium,Central,Home Office,26/01/2011,Economy,Flemish Brabant,4.7005176,50.8798438
AZ-2011-8034411,22/01/2011,Melissa Bean,Prato,Italy,South,Home Office,26/01/2011,Economy,Tuscany,11.102228,43.8777049
AZ-2011-6684426,24/01/2011,Vaughn Gibbs,Gela,Italy,South,Home Office,26/01/2011,Economy Plus,Sicily,14.2403537,37.0741526
BN-2011-7883641,24/01/2011,William Horton,Bologna,Italy,South,Consumer,26/01/2011,Priority,Emilia-Romagna,11.3426163,44.494887
AZ-2011-4205736,25/01/2011,David Harney,Menden,Germany,Central,Corporate,01/02/2011,Economy,North Rhine-Westphalia,7.7953337,51.4377453
AZ-2011-5010109,25/01/2011,Walter Coley,Maisons-Alfort,France,Central,Consumer,30/01/2011,Economy,Ile-de-France,2.429443,48.801148
AZ-2011-201891,26/01/2011,Lori Miller,Madrid,Spain,South,Consumer,30/01/2011,Economy,Madrid,-3.7037902,40.4167754
AZ-2011-5708655,26/01/2011,Hayley Baldwinson,Oslo,Norway,North,Consumer,30/01/2011,Economy,Oslo,10.7522454,59.9138688
BN-2011-6722454,26/01/2011,Joseph Locke,Lisbon,Portugal,South,Corporate,30/01/2011,Economy,Lisboa,-9.1393366,38.7222524
BN-2011-486854,28/01/2011,Gracie Hicks,Draguignan,France,Central,Consumer,03/02/2011,Economy,Provence-Alpes-Côte d'Azur,6.464993,43.5377269
AZ-2011-2825684,01/02/2011,Hollie Norris,Halle,Germany,Central,Consumer,07/02/2011,Economy,North Rhine-Westphalia,11.9688029,51.4969802
AZ-2011-494581,01/02/2011,Kiara Allen,Parma,Italy,South,Consumer,05/02/2011,Economy,Emilia-Romagna,10.3279036,44.801485
AZ-2011-838467,02/02/2011,Ronald Everson,Dresden,Germany,Central,Corporate,05/02/2011,Priority,Saxony,13.7372621,51.0504088
AZ-2011-4987681,02/02/2011,Daryl Claypool,Seville,Spain,South,Corporate,06/02/2011,Economy Plus,Andalusía,-5.9844589,37.3890924
AZ-2011-4614904,02/02/2011,Caleb Kenyon,Torrevieja,Spain,South,Corporate,04/02/2011,Priority,Valenciana,-0.6808233,37.9847003
AZ-2011-7043718,02/02/2011,Winnie Moss,Barcelona,Spain,South,Consumer,07/02/2011,Economy Plus,Catalonia,2.1734035,41.3850639
AZ-2011-4696725,02/02/2011,Courtney Hancock,London,United Kingdom,North,Consumer,04/02/2011,Priority,England,-0.1277583,51.5073509
BN-2011-2468159,02/02/2011,Brandon Preston,Reims,France,Central,Consumer,06/02/2011,Economy,Alsace-Champagne-Ardenne-Lorraine,4.031696,49.258329
BN-2011-9336144,02/02/2011,Lara Stoate,Rosenheim,Germany,Central,Corporate,02/02/2011,Immediate,Bavaria,12.1181047,47.8571272
BN-2011-7087921,03/02/2011,Max Ludwig,Uppsala,Sweden,North,Home Office,05/02/2011,Economy Plus,Uppsala,17.6389267,59.8585638
AZ-2011-6835828,04/02/2011,Summer Hayward,Nice,France,Central,Consumer,08/02/2011,Economy,Provence-Alpes-Côte d'Azur,7.2619532,43.7101728
AZ-2011-2397035,07/02/2011,Millie Newman,Boulogne-sur-Mer,France,Central,Consumer,11/02/2011,Economy,Nord-Pas-de-Calais-Picardie,1.613334,50.725231
AZ-2011-9421435,07/02/2011,Larry Klaus,La Crau,France,Central,Corporate,12/02/2011,Economy,Provence-Alpes-Côte d'Azur,6.073127,43.147764
AZ-2011-2956456,08/02/2011,Shelby Dunston,Siena,Italy,South,Consumer,13/02/2011,Economy,Tuscany,11.3307574,43.318809
AZ-2011-9107304,09/02/2011,Erin Gill,Barcelona,Spain,South,Home Office,14/02/2011,Economy,Catalonia,2.1734035,41.3850639
AZ-2011-2606042,09/02/2011,Piper Wilder-Neligan,Frankfurt,Germany,Central,Consumer,09/02/2011,Immediate,Hesse,8.6821267,50.1109221
AZ-2011-5195846,09/02/2011,Patricia Lukes,Almelo,Netherlands,Central,Corporate,13/02/2011,Economy,Overijssel,6.6684919,52.3670267
AZ-2011-7255147,10/02/2011,Lilian Macredie,Basel,Switzerland,Central,Corporate,14/02/2011,Economy,Basel-Stadt,7.5885761,47.5595986
AZ-2011-5676694,10/02/2011,Jasmine Slater,Coslada,Spain,South,Corporate,15/02/2011,Economy,Madrid,-3.5651646,40.4260459
AZ-2011-819110,10/02/2011,Charlotte Taylor,Marseille,France,Central,Consumer,14/02/2011,Economy,Provence-Alpes-Côte d'Azur,5.36978,43.296482
BN-2011-3032749,10/02/2011,Victoria Bell,Hanover,Germany,Central,Home Office,10/02/2011,Immediate,Lower Saxony,9.7320104,52.3758916
AZ-2011-6048331,14/02/2011,Kayleigh Farmer,Elda,Spain,South,Consumer,19/02/2011,Economy Plus,Valenciana,-0.7964597,38.4765073
BN-2011-493873,15/02/2011,Tyson Ebden,Hardenberg,Netherlands,Central,Consumer,20/02/2011,Economy,Overijssel,6.6166947,52.5754084
BN-2011-408191,15/02/2011,Sophie Franklin,Seville,Spain,South,Corporate,21/02/2011,Economy,Andalusía,-5.9844589,37.3890924
BN-2011-307477,16/02/2011,Maya O'Sullivan,Muret,France,Central,Corporate,19/02/2011,Economy Plus,Languedoc-Roussillon-Midi-Pyrénées,1.33071,43.461574
AZ-2011-8122214,18/02/2011,Ronald Everson,Beaune,France,Central,Corporate,24/02/2011,Economy,Bourgogne-Franche-Comté,4.840004,47.02603
AZ-2011-9155070,18/02/2011,Julian Mack,Paris,France,Central,Consumer,23/02/2011,Economy,Ile-de-France,2.3522219,48.856614
AZ-2011-2939440,18/02/2011,Tegan Savage,Castrop-Rauxel,Germany,Central,Consumer,22/02/2011,Economy Plus,North Rhine-Westphalia,7.3150145,51.5632625
AZ-2011-2270958,21/02/2011,Eva Hargraves,Milan,Italy,South,Consumer,26/02/2011,Economy,Lombardy,9.1859243,45.4654219
BN-2011-555099,21/02/2011,Jonathan Summons,Zurich,Switzerland,Central,Consumer,25/02/2011,Economy,Zürich,8.541694,47.3768866
AZ-2011-8091357,22/02/2011,Darcy Farnell,Grosseto,Italy,South,Consumer,26/02/2011,Economy,Tuscany,11.1123634,42.7635254
AZ-2011-6186921,22/02/2011,Katherine Grant,Paris,France,Central,Consumer,24/02/2011,Economy Plus,Ile-de-France,2.3522219,48.856614
BN-2011-5307099,22/02/2011,Jared Wurster,Dublin,Ireland,North,Consumer,27/02/2011,Economy,Dublin,-6.2603097,53.3498053
BN-2011-8574171,23/02/2011,Kayla Ronald,Rome,Italy,South,Corporate,28/02/2011,Economy,Lazio,12.4963655,41.9027835
AZ-2011-8279503,24/02/2011,Angus Reading,Namur,Belgium,Central,Corporate,28/02/2011,Economy,Namur,4.8719854,50.4673883
BN-2011-3728079,26/02/2011,Jodie Mellor,Zaanstad,Netherlands,Central,Consumer,04/03/2011,Economy,North Holland,4.7510425,52.4579659
AZ-2011-2777408,01/03/2011,Maya Summers,Bochum,Germany,Central,Home Office,04/03/2011,Economy Plus,North Rhine-Westphalia,7.2162363,51.4818445
AZ-2011-4069925,01/03/2011,Oscar Clayton,Colmar,France,Central,Consumer,08/03/2011,Economy,Alsace-Champagne-Ardenne-Lorraine,7.358512,48.0793589
AZ-2011-7903656,01/03/2011,Angus De Groot,Farnborough,United Kingdom,North,Corporate,06/03/2011,Economy,England,-0.752615,51.2868939
AZ-2011-8074602,01/03/2011,Caleb Kenyon,Berlin,Germany,Central,Corporate,05/03/2011,Economy,Berlin,13.404954,52.5200066
AZ-2011-1410648,01/03/2011,Carl Proctor,Rome,Italy,South,Consumer,05/03/2011,Economy,Lazio,12.4963655,41.9027835
AZ-2011-496083,01/03/2011,Spencer Akhtar,Berlin,Germany,Central,Consumer,05/03/2011,Economy,Berlin,13.404954,52.5200066
AZ-2011-6969006,03/03/2011,Lincoln Want,Rimini,Italy,South,Consumer,09/03/2011,Economy,Emilia-Romagna,12.5695158,44.0678288
AZ-2011-5822789,07/03/2011,Niamh Mann,Paris,France,Central,Consumer,08/03/2011,Priority,Ile-de-France,2.3522219,48.856614
AZ-2011-7677596,08/03/2011,Nicole Nash,Baden-Baden,Germany,Central,Consumer,13/03/2011,Economy,Baden-Württemberg,8.2285242,48.76564
AZ-2011-3190941,09/03/2011,Joshua Romero,Madrid,Spain,South,Consumer,12/03/2011,Priority,Madrid,-3.7037902,40.4167754
AZ-2011-5422408,10/03/2011,John Kemp,Pforzheim,Germany,Central,Home Office,10/03/2011,Immediate,Baden-Württemberg,8.6946286,48.8921862
AZ-2011-9147715,10/03/2011,Ryan Greenwood,Sheffield,United Kingdom,North,Consumer,14/03/2011,Economy,England,-1.470085,53.381129
AZ-2011-1278696,10/03/2011,Naomi Hancock,Coventry,United Kingdom,North,Corporate,17/03/2011,Economy,England,-1.519693,52.406822
AZ-2011-8295770,11/03/2011,Thomas Stephens,Berlin,Germany,Central,Corporate,14/03/2011,Priority,Berlin,13.404954,52.5200066
AZ-2011-3714764,11/03/2011,Ashton Charles,Pessac,France,Central,Consumer,15/03/2011,Economy,Aquitaine-Limousin-Poitou-Charentes,-0.630386,44.80583
AZ-2011-4612792,12/03/2011,Shannon Howe,Helsinki,Finland,North,Consumer,19/03/2011,Economy,Uusimaa,24.938379,60.1698557
AZ-2011-7682838,12/03/2011,Joseph Ford,Basel,Switzerland,Central,Corporate,17/03/2011,Economy,Basel-Stadt,7.5885761,47.5595986
AZ-2011-9700826,14/03/2011,Alexander Bennett,Berlin,Germany,Central,Corporate,18/03/2011,Economy,Berlin,13.404954,52.5200066
AZ-2011-6222257,14/03/2011,Koby Phillip,Bonn,Germany,Central,Consumer,16/03/2011,Priority,North Rhine-Westphalia,7.0982068,50.73743
AZ-2011-823697,14/03/2011,Thomas McCallum,Leipzig,Germany,Central,Consumer,17/03/2011,Economy Plus,Saxony,12.3730747,51.3396955
AZ-2011-5265250,14/03/2011,Donna Nash,Tourcoing,France,Central,Corporate,19/03/2011,Economy Plus,Nord-Pas-de-Calais-Picardie,3.16207,50.724993
BN-2011-1399750,15/03/2011,Wanda Wingert,London,United Kingdom,North,Consumer,15/03/2011,Immediate,England,-0.1277583,51.5073509
AZ-2011-254910,16/03/2011,Scarlett Truchanas,Bari,Italy,South,Corporate,21/03/2011,Economy,Apulia,16.8718715,41.1171432
AZ-2011-8252363,17/03/2011,Jessica Paramor,Magdeburg,Germany,Central,Corporate,23/03/2011,Economy,Saxony-Anhalt,11.6276237,52.1205333
AZ-2011-1584987,18/03/2011,Charlie Brooks,Marseille,France,Central,Consumer,22/03/2011,Economy,Provence-Alpes-Côte d'Azur,5.36978,43.296482
AZ-2011-4707711,18/03/2011,Sam Wood,Noisy-le-Sec,France,Central,Home Office,20/03/2011,Priority,Ile-de-France,2.458625,48.892489
AZ-2011-7499604,21/03/2011,Gabriel Sanders,Stavanger,Norway,North,Consumer,26/03/2011,Economy,Rogaland,5.7331073,58.9699756
AZ-2011-1916360,21/03/2011,Charles Builder,Cagliari,Italy,South,Consumer,23/03/2011,Economy Plus,Sardinia,9.1216613,39.2238411
AZ-2011-2169445,21/03/2011,Aaron Bootman,Marsala,Italy,South,Consumer,24/03/2011,Priority,Sicily,12.4370156,37.798045
AZ-2011-7024596,21/03/2011,Kayla Tearle,Basel,Switzerland,Central,Corporate,25/03/2011,Economy,Basel-Stadt,7.5885761,47.5595986
BN-2011-7253620,21/03/2011,Kayla Ronald,Emmen,Netherlands,Central,Corporate,27/03/2011,Economy,Drenthe,6.8975851,52.7858037
AZ-2011-6314494,22/03/2011,Mary Wilson,Augsburg,Germany,Central,Consumer,27/03/2011,Economy Plus,Bavaria,10.89779,48.3705449
AZ-2011-3556179,23/03/2011,Paige Horsfall,Stralsund,Germany,Central,Home Office,27/03/2011,Economy,Mecklenburg-Vorpommern,13.0770347,54.3090654
AZ-2011-8308381,24/03/2011,Lily Tyler,Carcassonne,France,Central,Home Office,27/03/2011,Priority,Languedoc-Roussillon-Midi-Pyrénées,2.353663,43.212161
AZ-2011-5004051,25/03/2011,Charlie Wells,Sheffield,United Kingdom,North,Home Office,27/03/2011,Economy Plus,England,-1.470085,53.381129
AZ-2011-9505872,25/03/2011,Edward Zwar,Munich,Germany,Central,Consumer,27/03/2011,Economy Plus,Bavaria,11.5819806,48.1351253
AZ-2011-8738856,25/03/2011,Anthony Stewart,Wigan,United Kingdom,North,Home Office,27/03/2011,Priority,England,-2.6325074,53.5450645
BN-2011-8211228,25/03/2011,Sharon Kerley,Helmond,Netherlands,Central,Consumer,30/03/2011,Economy Plus,North Brabant,5.6570096,51.4792547
AZ-2011-5185285,26/03/2011,Samuel Thomas,Castres,France,Central,Consumer,28/03/2011,Priority,Languedoc-Roussillon-Midi-Pyrénées,2.241295,43.606214
BN-2011-9474783,26/03/2011,Benjamin Humphries,Zurich,Switzerland,Central,Consumer,01/04/2011,Economy,Zürich,8.541694,47.3768866
AZ-2011-4565223,28/03/2011,Morgan Anderson,Foligno,Italy,South,Corporate,01/04/2011,Economy,Umbria,12.7014749,42.9508683
BN-2011-6425274,28/03/2011,Luca Graham,Dresden,Germany,Central,Consumer,02/04/2011,Economy,Saxony,13.7372621,51.0504088
AZ-2011-8743509,29/03/2011,Chelsea Bannister,Hamm,Germany,Central,Consumer,30/03/2011,Priority,North Rhine-Westphalia,7.8159816,51.6738583
BN-2011-2502895,29/03/2011,Juanita Smalls,Hanover,Germany,Central,Home Office,04/04/2011,Economy,Lower Saxony,9.7320104,52.3758916
AZ-2011-8369879,30/03/2011,Alexis Code,Troisdorf,Germany,Central,Corporate,03/04/2011,Economy,North Rhine-Westphalia,7.1430246,50.8177471
AZ-2011-5463300,31/03/2011,Toby Conway,Geneva,Switzerland,Central,Consumer,04/04/2011,Economy,Geneva,6.1431577,46.2043907
AZ-2011-8060803,31/03/2011,Adam Bentley,Newcastle upon Tyne,United Kingdom,North,Consumer,04/04/2011,Economy,England,-1.61778,54.978252
BN-2011-2967562,31/03/2011,Angus De Groot,Gothenburg,Sweden,North,Corporate,06/04/2011,Economy,Västra Götaland,11.97456,57.70887
AZ-2011-8060550,01/04/2011,Harry Nelson,Treviso,Italy,South,Consumer,04/04/2011,Priority,Veneto,12.2430437,45.6668893
BN-2011-6893107,01/04/2011,Kayla Tearle,Rome,Italy,South,Corporate,04/04/2011,Priority,Lazio,12.4963655,41.9027835
AZ-2011-7089649,04/04/2011,Daryl Claypool,Le Havre,France,Central,Corporate,09/04/2011,Economy,Normandy,0.107929,49.49437
AZ-2011-9409671,04/04/2011,Aaron Bootman,Edinburgh,United Kingdom,North,Consumer,09/04/2011,Economy,Scotland,-3.188267,55.953252
AZ-2011-7659767,04/04/2011,Alexandra Macdonald,Saint-Priest,France,Central,Corporate,06/04/2011,Priority,Auvergne-Rhône-Alpes,4.947071,45.698938
AZ-2011-3089735,05/04/2011,Alexandra Macdonald,La Seyne-sur-Mer,France,Central,Corporate,09/04/2011,Economy,Provence-Alpes-Côte d'Azur,5.878219,43.102976
AZ-2011-3293357,06/04/2011,Skye McCaffrey,Lattes,France,Central,Consumer,12/04/2011,Economy,Languedoc-Roussillon-Midi-Pyrénées,3.896473,43.567296
AZ-2011-5817638,06/04/2011,Michelle Barrett,Geneva,Switzerland,Central,Consumer,10/04/2011,Economy,Geneva,6.1431577,46.2043907
AZ-2011-7072417,07/04/2011,Evie Rees,Le Blanc-Mesnil,France,Central,Consumer,13/04/2011,Economy,Ile-de-France,2.46436,48.941345
AZ-2011-2762983,07/04/2011,David Harney,Essen,Germany,Central,Corporate,11/04/2011,Economy Plus,North Rhine-Westphalia,7.0115552,51.4556432
BN-2011-5443120,09/04/2011,Kaitlyn Dorsch,Coimbra,Portugal,South,Corporate,11/04/2011,Economy Plus,Coimbra,-8.4102573,40.2033145
AZ-2011-3885003,11/04/2011,Logan Tilley,Bonn,Germany,Central,Consumer,13/04/2011,Economy Plus,North Rhine-Westphalia,7.0982068,50.73743
AZ-2011-107716,11/04/2011,Corey Norton,Marseille,France,Central,Consumer,16/04/2011,Economy,Provence-Alpes-Côte d'Azur,5.36978,43.296482
AZ-2011-4173505,12/04/2011,Owen Howell,Ponferrada,Spain,South,Home Office,16/04/2011,Economy Plus,Castile and León,-6.598259,42.5499958
BN-2011-6178410,12/04/2011,Molly Palmer,Nacka,Sweden,North,Corporate,13/04/2011,Priority,Stockholm,18.156042,59.307903
AZ-2011-1546153,14/04/2011,Nicholas Carey,Crewe,United Kingdom,North,Consumer,18/04/2011,Economy,England,-2.4438209,53.100405
AZ-2011-122598,14/04/2011,Eve Bates,Duisburg,Germany,Central,Consumer,17/04/2011,Priority,North Rhine-Westphalia,6.7623293,51.4344079
AZ-2011-231889,15/04/2011,Molly Palmer,Montigny-le-Bretonneux,France,Central,Corporate,17/04/2011,Economy Plus,Ile-de-France,2.0360157,48.7738734
BN-2011-7646735,16/04/2011,Gerald Galvan,Apeldoorn,Netherlands,Central,Corporate,21/04/2011,Economy,Gelderland,5.9699231,52.211157
AZ-2011-3304186,18/04/2011,Benjamin Lee,Brindisi,Italy,South,Corporate,20/04/2011,Economy Plus,Apulia,17.9417616,40.6327278
AZ-2011-9598217,18/04/2011,Donald Pak,Hamburg,Germany,Central,Corporate,22/04/2011,Economy,Hamburg,9.9936818,53.5510846
BN-2011-1677989,18/04/2011,Alexander Bennett,Fontainebleau,France,Central,Corporate,25/04/2011,Economy,Ile-de-France,2.70162,48.404676
AZ-2011-332801,19/04/2011,Koby Tompson,Riom,France,Central,Consumer,25/04/2011,Economy,Auvergne-Rhône-Alpes,3.114932,45.8939949
AZ-2011-4613853,19/04/2011,Mackenzie Whitford,Limoges,France,Central,Consumer,24/04/2011,Economy Plus,Aquitaine-Limousin-Poitou-Charentes,1.261105,45.833619
AZ-2011-6557147,20/04/2011,Sofia de Castella,Potsdam,Germany,Central,Consumer,26/04/2011,Economy,Brandenburg,13.0644729,52.3905689
AZ-2011-804486,20/04/2011,Eve Spencer,Lowestoft,United Kingdom,North,Consumer,26/04/2011,Economy,England,1.753449,52.481138
BN-2011-5751868,20/04/2011,Amy Nixon,Dublin,Ireland,North,Consumer,27/04/2011,Economy,Dublin,-6.2603097,53.3498053
AZ-2011-252578,21/04/2011,Sebastian McClelland,Elx,Spain,South,Consumer,26/04/2011,Economy,Valenciana,-0.7125608,38.2699329
AZ-2011-643323,22/04/2011,Luca Varley,Sannois,France,Central,Corporate,26/04/2011,Economy,Ile-de-France,2.256869,48.970782
BN-2011-2002150,25/04/2011,Tara Hines,Rotterdam,Netherlands,Central,Consumer,30/04/2011,Economy,South Holland,4.4777325,51.9244201
AZ-2011-5690380,26/04/2011,Jay Andrews,Halifax,United Kingdom,North,Consumer,30/04/2011,Economy,England,-1.85754,53.72702
AZ-2011-1362591,26/04/2011,Ava Giles,Duisburg,Germany,Central,Corporate,01/05/2011,Economy,North Rhine-Westphalia,6.7623293,51.4344079
BN-2011-7884993,26/04/2011,Gracie Powell,Paris,France,Central,Consumer,27/04/2011,Immediate,Ile-de-France,2.3522219,48.856614
BN-2011-5290627,26/04/2011,Kristal McCaslin,Milan,Italy,South,Corporate,02/05/2011,Economy,Lombardy,9.1859243,45.4654219
AZ-2011-5098375,27/04/2011,Mariam McMeckan,Rubí,Spain,South,Corporate,02/05/2011,Economy,Catalonia,2.0349243,41.4971174
AZ-2011-8844789,27/04/2011,Lori Miller,Le Petit-Quevilly,France,Central,Consumer,03/05/2011,Economy,Normandy,1.054325,49.429895
BN-2011-357064,27/04/2011,William Somerville,Nijmegen,Netherlands,Central,Corporate,02/05/2011,Economy,Gelderland,5.8372264,51.8125626
BN-2011-5672017,27/04/2011,Louie Knight,Chaumont,France,Central,Consumer,03/05/2011,Economy,Alsace-Champagne-Ardenne-Lorraine,5.1392559,48.113748
AZ-2011-4159708,28/04/2011,Jodie Garner,Vernon,France,Central,Consumer,04/05/2011,Economy,Normandy,1.488107,49.091958
AZ-2011-1372644,29/04/2011,Imogen Daly,Geneva,Switzerland,Central,Consumer,05/05/2011,Economy,Geneva,6.1431577,46.2043907
AZ-2011-3114201,29/04/2011,Mohammed Fox,Cholet,France,Central,Consumer,03/05/2011,Economy,Pays de la Loire,-0.879787,47.059407
AZ-2011-2564570,29/04/2011,Charlotte Taylor,Siena,Italy,South,Consumer,03/05/2011,Economy,Tuscany,11.3307574,43.318809
AZ-2011-6133674,29/04/2011,Melody Nelson,Cesena,Italy,South,Corporate,03/05/2011,Economy,Emilia-Romagna,12.2464292,44.1396438
AZ-2011-7804688,29/04/2011,Jacob Roemer,Nogent-sur-Oise,France,Central,Corporate,03/05/2011,Economy,Nord-Pas-de-Calais-Picardie,2.464688,49.278948
AZ-2011-5801302,29/04/2011,Leslie Wilson,Antwerp,Belgium,Central,Consumer,01/05/2011,Priority,Antwerp,4.4024643,51.2194475
AZ-2011-7732593,02/05/2011,Eileen Walker,Pontoise,France,Central,Consumer,06/05/2011,Economy,Ile-de-France,2.100645,49.050966
AZ-2011-1672552,02/05/2011,Sam French,Krefeld,Germany,Central,Consumer,09/05/2011,Economy,North Rhine-Westphalia,6.5853417,51.3387609
AZ-2011-3348631,03/05/2011,Ebony Sadlier,Bremen,Germany,Central,Corporate,07/05/2011,Economy Plus,Bremen,8.8016937,53.0792962
AZ-2011-9958697,04/05/2011,Dylan Disney,Augsburg,Germany,Central,Home Office,09/05/2011,Economy,Bavaria,10.89779,48.3705449
AZ-2011-7976569,04/05/2011,Toby Clunie,London,United Kingdom,North,Consumer,08/05/2011,Economy,England,-0.1277583,51.5073509
AZ-2011-821395,04/05/2011,Rose Heap,Munich,Germany,Central,Consumer,07/05/2011,Economy Plus,Bavaria,11.5819806,48.1351253
AZ-2011-6843566,04/05/2011,Edward Webber,Moers,Germany,Central,Home Office,08/05/2011,Economy,North Rhine-Westphalia,6.6408148,51.4516041
AZ-2011-6807336,04/05/2011,Philip Newsom,Ulm,Germany,Central,Corporate,10/05/2011,Economy,Baden-Württemberg,9.9876076,48.4010822
AZ-2011-6172786,05/05/2011,Louis Scott,Vienna,Austria,Central,Corporate,10/05/2011,Economy,Vienna,16.3738189,48.2081743
BN-2011-8990099,05/05/2011,John Kemp,Erfurt,Germany,Central,Home Office,11/05/2011,Economy,Thuringia,11.0298799,50.9847679
AZ-2011-3973701,06/05/2011,Eva Arnold,Watford,United Kingdom,North,Consumer,08/05/2011,Priority,England,-0.39032,51.656489
AZ-2011-5289752,07/05/2011,Lisa Watkins,Alcobendas,Spain,South,Consumer,09/05/2011,Economy Plus,Madrid,-3.6372245,40.5372512
BN-2011-4790136,07/05/2011,Richard Poole,Amsterdam,Netherlands,Central,Home Office,12/05/2011,Economy Plus,North Holland,4.8951679,52.3702157
BN-2011-827720,09/05/2011,Ewan Hyde,Stockholm,Sweden,North,Consumer,14/05/2011,Economy,Stockholm,18.0685808,59.3293235
BN-2011-7286308,09/05/2011,Patricia Smith,Porto,Portugal,South,Corporate,12/05/2011,Priority,Porto,-8.6291053,41.1579438
AZ-2011-2112563,10/05/2011,Francesca Bowen,Champigny-sur-Marne,France,Central,Consumer,15/05/2011,Economy,Ile-de-France,2.515556,48.817049
AZ-2011-7847155,10/05/2011,Denise Harris,Dudley,United Kingdom,North,Consumer,14/05/2011,Economy,England,-2.081112,52.512255
BN-2011-8749099,10/05/2011,Phoebe Moore,Barcelona,Spain,South,Corporate,10/05/2011,Immediate,Catalonia,2.1734035,41.3850639
BN-2011-8234232,10/05/2011,Erick Tanner,Stockholm,Sweden,North,Corporate,12/05/2011,Economy Plus,Stockholm,18.0685808,59.3293235
BN-2011-1627157,11/05/2011,Viola Watson,Apeldoorn,Netherlands,Central,Consumer,15/05/2011,Economy Plus,Gelderland,5.9699231,52.211157
AZ-2011-6296469,12/05/2011,Maddison Newman,Utrecht,Netherlands,Central,Corporate,17/05/2011,Economy,Utrecht,5.1214201,52.0907374
BN-2011-7737747,12/05/2011,Patrick Townson,Bordeaux,France,Central,Home Office,14/05/2011,Priority,Aquitaine-Limousin-Poitou-Charentes,-0.57918,44.837789
AZ-2011-6532640,13/05/2011,Jason Roger,Messina,Italy,South,Corporate,15/05/2011,Economy Plus,Sicily,15.5540152,38.1938137
AZ-2011-7005483,13/05/2011,Robert James,Vincennes,France,Central,Home Office,17/05/2011,Economy,Ile-de-France,2.4394969,48.847759
AZ-2011-2189408,15/05/2011,Edward Hodges,Neuilly-sur-Marne,France,Central,Consumer,19/05/2011,Economy Plus,Ile-de-France,2.528373,48.856898
BN-2011-815729,16/05/2011,Ralph Holmes,Dublin,Ireland,North,Consumer,21/05/2011,Economy,Dublin,-6.2603097,53.3498053
AZ-2011-9083887,17/05/2011,Tina Phelps,Milan,Italy,South,Consumer,23/05/2011,Economy,Lombardy,9.1859243,45.4654219
AZ-2011-1366554,18/05/2011,Rebecca Chamberlain,Argenteuil,France,Central,Home Office,18/05/2011,Immediate,Ile-de-France,2.2466847,48.9472096
AZ-2011-7326281,18/05/2011,Maddison Breen,Berlin,Germany,Central,Corporate,22/05/2011,Economy,Berlin,13.404954,52.5200066
AZ-2011-3434177,18/05/2011,Ryan Price,Vienna,Austria,Central,Consumer,24/05/2011,Economy,Vienna,16.3738189,48.2081743
BN-2011-5141814,18/05/2011,Gabriel Sanders,Quartu Sant'Elena,Italy,South,Consumer,25/05/2011,Economy,Sardinia,9.1836462,39.2413493
AZ-2011-309750,19/05/2011,Milla Hollinworth,Toledo,Spain,South,Corporate,23/05/2011,Economy,Castile-La Mancha,-4.0273231,39.8628316
AZ-2011-6212291,19/05/2011,Henry Chandler,Rennes,France,Central,Home Office,21/05/2011,Economy Plus,Brittany,-1.6777926,48.117266
AZ-2011-1474073,21/05/2011,Mary Parker,Rome,Italy,South,Corporate,27/05/2011,Economy,Lazio,12.4963655,41.9027835
BN-2011-553410,21/05/2011,Bianca Monsoor,Breda,Netherlands,Central,Consumer,25/05/2011,Economy Plus,North Brabant,4.768323,51.5719149
BN-2011-5294325,25/05/2011,Angus Reading,Naples,Italy,South,Corporate,29/05/2011,Economy,Campania,14.2681244,40.8517746
AZ-2011-8742773,26/05/2011,Alana Zahel,Lisieux,France,Central,Consumer,28/05/2011,Priority,Normandy,0.227849,49.145922
AZ-2011-8973571,26/05/2011,Lily Dallachy,Portsmouth,United Kingdom,North,Corporate,30/05/2011,Economy,England,-1.0879769,50.8197675
AZ-2011-3247022,26/05/2011,Louis Wilson,London,United Kingdom,North,Consumer,02/06/2011,Economy,England,-0.1277583,51.5073509
AZ-2011-2598415,27/05/2011,Lincoln Want,Pulheim,Germany,Central,Consumer,30/05/2011,Priority,North Rhine-Westphalia,6.8076853,50.9995815
AZ-2011-4835209,27/05/2011,Esther Henderson,Hamburg,Germany,Central,Consumer,31/05/2011,Economy,Hamburg,9.9936818,53.5510846
BN-2011-602308,27/05/2011,Mariam McMeckan,Stockholm,Sweden,North,Corporate,30/05/2011,Priority,Stockholm,18.0685808,59.3293235
AZ-2011-5869323,28/05/2011,Elijah Sodeman,Luton,United Kingdom,North,Consumer,02/06/2011,Economy,England,-0.4200255,51.8786707
BN-2011-6162681,30/05/2011,Angus Ibsch,Talence,France,Central,Consumer,02/06/2011,Priority,Aquitaine-Limousin-Poitou-Charentes,-0.588054,44.802614
BN-2011-764592,31/05/2011,Leon Thompson,Rome,Italy,South,Consumer,05/06/2011,Economy,Lazio,12.4963655,41.9027835
AZ-2011-1655349,01/06/2011,Lorri Stratton,Deuil-la-Barre,France,Central,Consumer,06/06/2011,Economy,Ile-de-France,2.3272339,48.975751
AZ-2011-2820672,01/06/2011,Rachel Tyler,Lyon,France,Central,Corporate,05/06/2011,Economy,Auvergne-Rhône-Alpes,4.835659,45.764043
AZ-2011-1723003,01/06/2011,Paige Horsfall,Barcelona,Spain,South,Home Office,05/06/2011,Economy,Catalonia,2.1734035,41.3850639
AZ-2011-5002447,01/06/2011,Maddison Breen,Cork,Ireland,North,Corporate,06/06/2011,Economy,Cork,-8.4863157,51.8968917
AZ-2011-3515834,01/06/2011,Molly Crawford,Wigan,United Kingdom,North,Corporate,04/06/2011,Priority,England,-2.6325074,53.5450645
AZ-2011-3846849,01/06/2011,Tyler Whitehead,Warrington,United Kingdom,North,Corporate,04/06/2011,Economy Plus,England,-2.5969501,53.3900441
AZ-2011-1332474,02/06/2011,David Mortlock,Milan,Italy,South,Consumer,07/06/2011,Economy,Lombardy,9.1859243,45.4654219
AZ-2011-3020021,02/06/2011,Bianca Whitford,London,United Kingdom,North,Corporate,07/06/2011,Economy,England,-0.1277583,51.5073509
BN-2011-9771202,02/06/2011,Angus De Groot,Augsburg,Germany,Central,Corporate,04/06/2011,Economy Plus,Bavaria,10.89779,48.3705449
BN-2011-8337636,02/06/2011,Minnie Cash,Groningen,Netherlands,Central,Corporate,07/06/2011,Economy Plus,Groningen,6.5665018,53.2193835
BN-2011-4249147,03/06/2011,Ada Dalton,Strasbourg,France,Central,Corporate,08/06/2011,Economy,Alsace-Champagne-Ardenne-Lorraine,7.7521113,48.5734053
AZ-2011-6122805,04/06/2011,Molly De Mole,Edinburgh,United Kingdom,North,Corporate,10/06/2011,Economy,Scotland,-3.188267,55.953252
BN-2011-7796258,04/06/2011,Elise Ali,Hanover,Germany,Central,Home Office,09/06/2011,Economy,Lower Saxony,9.7320104,52.3758916
AZ-2011-2948812,06/06/2011,Eva Butler,Oyonnax,France,Central,Corporate,09/06/2011,Priority,Auvergne-Rhône-Alpes,5.655335,46.257773
AZ-2011-7014445,06/06/2011,Rory Gunson,Vienna,Austria,Central,Consumer,07/06/2011,Priority,Vienna,16.3738189,48.2081743
AZ-2011-8121091,06/06/2011,Maya Pamphlett,Cologne,Germany,Central,Consumer,08/06/2011,Economy Plus,North Rhine-Westphalia,6.9602786,50.937531
AZ-2011-8223268,06/06/2011,Harry Ahmed,Marseille,France,Central,Consumer,09/06/2011,Priority,Provence-Alpes-Côte d'Azur,5.36978,43.296482
AZ-2011-2179552,06/06/2011,Pamela Searles,London,United Kingdom,North,Home Office,10/06/2011,Economy,England,-0.1277583,51.5073509
AZ-2011-9876342,06/06/2011,Charlie Donnelly,Colchester,United Kingdom,North,Consumer,13/06/2011,Economy,England,0.891874,51.895927
BN-2011-9297999,06/06/2011,Tilly Payne,Dublin,Ireland,North,Consumer,10/06/2011,Economy,Dublin,-6.2603097,53.3498053
AZ-2011-7200468,07/06/2011,Molly Bidmead,Paris,France,Central,Home Office,11/06/2011,Economy,Ile-de-France,2.3522219,48.856614
AZ-2011-981373,07/06/2011,Samuel Hardey,Drancy,France,Central,Home Office,11/06/2011,Economy,Ile-de-France,2.445676,48.924298
AZ-2011-4872140,07/06/2011,Erin Rogers,Mannheim,Germany,Central,Consumer,12/06/2011,Economy,Baden-Württemberg,8.4660395,49.4874592
AZ-2011-3308302,07/06/2011,Carrie Boots,Evreux,France,Central,Corporate,09/06/2011,Economy Plus,Normandy,1.151361,49.0270129
AZ-2011-2118516,07/06/2011,Madeline Crooks,Norwich,United Kingdom,North,Consumer,11/06/2011,Economy,England,1.297355,52.6308859
AZ-2011-4599404,07/06/2011,Susan Williams,Southend-on-Sea,United Kingdom,North,Home Office,12/06/2011,Economy,England,0.7077123,51.5459269
BN-2011-4708578,07/06/2011,Steven Prince,Palermo,Italy,South,Home Office,13/06/2011,Economy,Sicily,13.3612671,38.1156879
BN-2011-28993,07/06/2011,Louise Winter,Worcester,United Kingdom,North,Corporate,08/06/2011,Priority,England,-2.221575,52.193636
AZ-2011-1240916,08/06/2011,Tyson Hanna,Ghent,Belgium,Central,Consumer,11/06/2011,Priority,East Flanders,3.7174243,51.0543422
AZ-2011-2143841,08/06/2011,Joseph Locke,Berlin,Germany,Central,Corporate,12/06/2011,Economy,Berlin,13.404954,52.5200066
AZ-2011-2875746,08/06/2011,Harry Ahmed,Chatham,United Kingdom,North,Consumer,12/06/2011,Economy,England,0.52213,51.380952
AZ-2011-1584049,08/06/2011,Georgina Garner,Ceuta,Spain,South,Consumer,13/06/2011,Economy,Ceuta,-5.3213455,35.8893874
AZ-2011-8788804,09/06/2011,Ellie Chapman,Mannheim,Germany,Central,Home Office,14/06/2011,Economy,Baden-Württemberg,8.4660395,49.4874592
AZ-2011-5917724,09/06/2011,Tyler Miah,Remscheid,Germany,Central,Home Office,09/06/2011,Immediate,North Rhine-Westphalia,7.1896962,51.1787418
AZ-2011-1116129,09/06/2011,Marcus Leon,Munich,Germany,Central,Corporate,11/06/2011,Economy Plus,Bavaria,11.5819806,48.1351253
BN-2011-2203231,09/06/2011,Katie Thom,Toulouse,France,Central,Corporate,12/06/2011,Economy Plus,Languedoc-Roussillon-Midi-Pyrénées,1.444209,43.604652
BN-2011-8607391,09/06/2011,William Reichert,Hautmont,France,Central,Consumer,10/06/2011,Priority,Nord-Pas-de-Calais-Picardie,3.91708,50.246997
AZ-2011-1174243,10/06/2011,Louis Scott,London,United Kingdom,North,Corporate,13/06/2011,Priority,England,-0.1277583,51.5073509
BN-2011-1694636,10/06/2011,Jayden Ali,Lille,France,Central,Consumer,13/06/2011,Priority,Nord-Pas-de-Calais-Picardie,3.057256,50.62925
BN-2011-4315830,10/06/2011,Adam Harte,Aprilia,Italy,South,Corporate,16/06/2011,Economy,Lazio,12.6560314,41.5944018
AZ-2011-4087409,11/06/2011,Anna Leal,Vienna,Austria,Central,Consumer,14/06/2011,Priority,Vienna,16.3738189,48.2081743
AZ-2011-8128618,11/06/2011,Theresa Varner,Milan,Italy,South,Corporate,11/06/2011,Immediate,Lombardy,9.1859243,45.4654219
AZ-2011-9350558,13/06/2011,Hubert Lindahl,Thonon-les-Bains,France,Central,Corporate,18/06/2011,Economy,Auvergne-Rhône-Alpes,6.477635,46.373565
AZ-2011-555801,13/06/2011,Angus Gether,Vitry-sur-Seine,France,Central,Consumer,18/06/2011,Economy Plus,Ile-de-France,2.39851,48.792001
AZ-2011-8824972,13/06/2011,Zara Money,Antwerp,Belgium,Central,Corporate,16/06/2011,Priority,Antwerp,4.4024643,51.2194475
AZ-2011-9119536,13/06/2011,Ethan Barrett,Venice,Italy,South,Consumer,17/06/2011,Economy,Veneto,12.3155151,45.4408474
AZ-2011-6646927,14/06/2011,Eve Bates,Bamberg,Germany,Central,Consumer,18/06/2011,Economy Plus,Bavaria,10.9027636,49.8988135
AZ-2011-1335871,14/06/2011,Ruby Patel,London,United Kingdom,North,Home Office,18/06/2011,Economy,England,-0.1277583,51.5073509
AZ-2011-4229445,14/06/2011,Casey Forte,Bolton,United Kingdom,North,Consumer,18/06/2011,Economy,England,-2.4282192,53.5768647
AZ-2011-5228035,15/06/2011,Kelly Long,Vienna,Austria,Central,Corporate,17/06/2011,Priority,Vienna,16.3738189,48.2081743
AZ-2011-96343,15/06/2011,Peter Daly,Halmstad,Sweden,North,Consumer,17/06/2011,Priority,Halland,12.8577884,56.6743748
BN-2011-7723992,15/06/2011,Sofia de Castella,Paris,France,Central,Consumer,21/06/2011,Economy,Ile-de-France,2.3522219,48.856614
AZ-2011-1253407,16/06/2011,Isabella Falkiner,Odense,Denmark,North,Corporate,19/06/2011,Priority,South Denmark,10.40237,55.403756
AZ-2011-6268545,16/06/2011,Hayden Perkins,Aprilia,Italy,South,Consumer,17/06/2011,Priority,Lazio,12.6560314,41.5944018
AZ-2011-310635,16/06/2011,Susan Williams,Wallasey,United Kingdom,North,Home Office,20/06/2011,Economy,England,-3.066215,53.426521
AZ-2011-7695869,16/06/2011,Lauren Knight,London,United Kingdom,North,Consumer,18/06/2011,Economy Plus,England,-0.1277583,51.5073509
BN-2011-5228628,16/06/2011,Robert Zapata,Southport,United Kingdom,North,Consumer,20/06/2011,Economy Plus,England,-3.010113,53.645708
AZ-2011-8734686,17/06/2011,Michael Watkins,Talence,France,Central,Home Office,22/06/2011,Economy,Aquitaine-Limousin-Poitou-Charentes,-0.588054,44.802614
AZ-2011-6819869,17/06/2011,Josh Wilkinson,Lormont,France,Central,Corporate,19/06/2011,Priority,Aquitaine-Limousin-Poitou-Charentes,-0.523108,44.880163
BN-2011-2650591,17/06/2011,Lucas Wood,Maisons-Alfort,France,Central,Corporate,24/06/2011,Economy,Ile-de-France,2.429443,48.801148
BN-2011-8274717,17/06/2011,Marcus Griffin,Wolverhampton,United Kingdom,North,Home Office,20/06/2011,Priority,England,-2.12882,52.586973
BN-2011-3154402,17/06/2011,Larry Lambert,Gothenburg,Sweden,North,Consumer,21/06/2011,Economy,Västra Götaland,11.97456,57.70887
AZ-2011-8968615,18/06/2011,Sam French,Vienna,Austria,Central,Consumer,22/06/2011,Economy,Vienna,16.3738189,48.2081743
AZ-2011-9703855,18/06/2011,Nancy Fike,Valladolid,Spain,South,Consumer,25/06/2011,Economy,Castile and León,-4.7245321,41.652251
BN-2011-5897988,18/06/2011,Casey Forte,Pamplona,Spain,South,Consumer,20/06/2011,Economy Plus,Navarra,-1.6457745,42.812526
AZ-2011-9747557,20/06/2011,Don Willie,Venice,Italy,South,Corporate,24/06/2011,Economy,Veneto,12.3155151,45.4408474
AZ-2011-9528187,20/06/2011,Charlie Power,Mansfield,United Kingdom,North,Home Office,24/06/2011,Economy,England,-1.198674,53.147195
BN-2011-2779245,20/06/2011,Stella Hellyer,Perpignan,France,Central,Consumer,24/06/2011,Economy,Languedoc-Roussillon-Midi-Pyrénées,2.8948332,42.6886591
AZ-2011-9777525,21/06/2011,Charlie Horrocks,Weston-super-Mare,United Kingdom,North,Consumer,27/06/2011,Economy,England,-2.977255,51.347405
AZ-2011-209146,22/06/2011,Charlie Horrocks,Messina,Italy,South,Consumer,27/06/2011,Economy,Sicily,15.5540152,38.1938137
AZ-2011-9153342,22/06/2011,Harold Smith,Hagen,Germany,Central,Consumer,25/06/2011,Economy Plus,North Rhine-Westphalia,7.4632841,51.3670777
AZ-2011-7162549,22/06/2011,Tammy Chamblee,Minden,Germany,Central,Consumer,26/06/2011,Economy,North Rhine-Westphalia,8.8949206,52.2964919
AZ-2011-4946550,22/06/2011,Joseph Locke,Vienna,Austria,Central,Corporate,25/06/2011,Priority,Vienna,16.3738189,48.2081743
AZ-2011-7543304,22/06/2011,Lane Taylor,Ludwigshafen am Rhein,Germany,Central,Corporate,26/06/2011,Economy,Rhineland-Palatinate,8.44518,49.47741
BN-2011-9883465,22/06/2011,Sophia Owen,Zwolle,Netherlands,Central,Corporate,24/06/2011,Economy Plus,Overijssel,6.0830219,52.5167747
AZ-2011-9194903,24/06/2011,Ralph Holmes,La Seyne-sur-Mer,France,Central,Consumer,28/06/2011,Economy,Provence-Alpes-Côte d'Azur,5.878219,43.102976
AZ-2011-8847796,24/06/2011,Walter Aguilar,Madrid,Spain,South,Consumer,28/06/2011,Economy,Madrid,-3.7037902,40.4167754
BN-2011-3243410,24/06/2011,David Lowe,Roermond,Netherlands,Central,Consumer,29/06/2011,Economy,Limburg,5.9877715,51.1913202
BN-2011-151204,24/06/2011,Benjamin Lee,Freiburg,Germany,Central,Corporate,30/06/2011,Economy,Baden-Württemberg,7.8421043,47.9990077
BN-2011-7016974,25/06/2011,Jordan Peacock,Stockholm,Sweden,North,Corporate,01/07/2011,Economy,Stockholm,18.0685808,59.3293235
AZ-2011-2884922,27/06/2011,Courtney Hancock,Roanne,France,Central,Consumer,02/07/2011,Economy,Auvergne-Rhône-Alpes,4.072695,46.034432
AZ-2011-635398,27/06/2011,Georgina Garner,Vienna,Austria,Central,Consumer,29/06/2011,Economy Plus,Vienna,16.3738189,48.2081743
AZ-2011-2627856,27/06/2011,Randall Roberts,Las Rozas de Madrid,Spain,South,Consumer,03/07/2011,Economy,Madrid,-3.8757916,40.4935329
AZ-2011-3901505,27/06/2011,Kayla Tearle,Mont-de-Marsan,France,Central,Corporate,02/07/2011,Economy,Aquitaine-Limousin-Poitou-Charentes,-0.499782,43.893485
AZ-2011-177100,27/06/2011,Edward Davidson,Gallarate,Italy,South,Home Office,01/07/2011,Economy,Lombardy,8.7921269,45.6623632
AZ-2011-4442288,27/06/2011,Mike Langer,Wiesbaden,Germany,Central,Corporate,28/06/2011,Immediate,Hesse,8.2397608,50.0782184
AZ-2011-3921026,27/06/2011,Jordan Peacock,Saint-Laurent-du-Var,France,Central,Corporate,02/07/2011,Economy,Provence-Alpes-Côte d'Azur,7.189811,43.673417
BN-2011-3143758,27/06/2011,Kimberly Boyd,Messina,Italy,South,Corporate,03/07/2011,Economy,Sicily,15.5540152,38.1938137
AZ-2011-7652463,28/06/2011,Ava Corbin,Berlin,Germany,Central,Home Office,05/07/2011,Economy,Berlin,13.404954,52.5200066
AZ-2011-6447932,28/06/2011,William Martin,Barcelona,Spain,South,Corporate,03/07/2011,Economy,Catalonia,2.1734035,41.3850639
AZ-2011-5827692,28/06/2011,Jonathan Bottrill,Glasgow,United Kingdom,North,Consumer,02/07/2011,Economy,Scotland,-4.251806,55.864237
AZ-2011-1260928,28/06/2011,Ruby Frost,Torremolinos,Spain,South,Home Office,04/07/2011,Economy,Andalusía,-4.4994767,36.6225541
AZ-2011-5082038,28/06/2011,Lane Taylor,Anglet,France,Central,Corporate,01/07/2011,Priority,Aquitaine-Limousin-Poitou-Charentes,-1.514699,43.481402
BN-2011-1481332,28/06/2011,Sam French,London,United Kingdom,North,Consumer,02/07/2011,Economy,England,-0.1277583,51.5073509
AZ-2011-2389500,29/06/2011,Jack Brier,Paris,France,Central,Consumer,03/07/2011,Economy,Ile-de-France,2.3522219,48.856614
BN-2011-8231931,29/06/2011,Laura Akhtar,London,United Kingdom,North,Consumer,06/07/2011,Economy,England,-0.1277583,51.5073509
AZ-2011-1722024,01/07/2011,Chelsea Bannister,Coventry,United Kingdom,North,Consumer,03/07/2011,Priority,England,-1.519693,52.406822
BN-2011-9985747,02/07/2011,Charlotte Savage,Dublin,Ireland,North,Consumer,03/07/2011,Priority,Dublin,-6.2603097,53.3498053
AZ-2011-8945919,06/07/2011,Daryl Claypool,Bressuire,France,Central,Corporate,13/07/2011,Economy,Aquitaine-Limousin-Poitou-Charentes,-0.492866,46.84246
AZ-2011-1773848,06/07/2011,Desiree Hurt,Gronau,Germany,Central,Home Office,10/07/2011,Economy,North Rhine-Westphalia,7.0289361,52.1841199
AZ-2011-9520720,06/07/2011,Henry Pedder,Rochdale,United Kingdom,North,Consumer,06/07/2011,Immediate,England,-2.1561,53.6097136
AZ-2011-5663696,07/07/2011,Paul Cleary,Villingen-Schwenningen,Germany,Central,Corporate,12/07/2011,Economy,Baden-Württemberg,8.4640869,48.0594021
AZ-2011-6053355,08/07/2011,Hollie Morris,Les Lilas,France,Central,Corporate,12/07/2011,Economy Plus,Ile-de-France,2.419452,48.881935
AZ-2011-8727445,08/07/2011,Mia McLean,Hamburg,Germany,Central,Corporate,14/07/2011,Economy,Hamburg,9.9936818,53.5510846
AZ-2011-6011646,09/07/2011,Nancy Fike,Vincennes,France,Central,Consumer,13/07/2011,Economy,Ile-de-France,2.4394969,48.847759
AZ-2011-800016,09/07/2011,Denise Harris,Linz,Austria,Central,Consumer,13/07/2011,Economy,Upper Austria,14.28583,48.30694
AZ-2011-597829,11/07/2011,Liam Mathias,Langenhagen,Germany,Central,Corporate,15/07/2011,Economy,Lower Saxony,9.7443992,52.4528001
AZ-2011-7412293,12/07/2011,Georgina Garner,Remscheid,Germany,Central,Consumer,14/07/2011,Economy Plus,North Rhine-Westphalia,7.1896962,51.1787418
AZ-2011-5420037,12/07/2011,Caleb Kenyon,Cottbus,Germany,Central,Corporate,17/07/2011,Economy,Brandenburg,14.3328679,51.7563108
AZ-2011-7586957,12/07/2011,Robert Ramsey,Marsala,Italy,South,Consumer,18/07/2011,Economy,Sicily,12.4370156,37.798045
BN-2011-2207137,12/07/2011,Juanita Smalls,Birmingham,United Kingdom,North,Home Office,16/07/2011,Economy,England,-1.890401,52.486243
AZ-2011-2201547,13/07/2011,Lola Hughes,Bideford,United Kingdom,North,Consumer,18/07/2011,Economy,England,-4.206666,51.016684
AZ-2011-9195433,14/07/2011,Kristina Moore,Ponferrada,Spain,South,Corporate,20/07/2011,Economy,Castile and León,-6.598259,42.5499958
BN-2011-6142692,14/07/2011,Jack Brier,London,United Kingdom,North,Consumer,15/07/2011,Priority,England,-0.1277583,51.5073509
AZ-2011-9806635,16/07/2011,Isabella Secombe,Vienna,Austria,Central,Consumer,19/07/2011,Economy Plus,Vienna,16.3738189,48.2081743
AZ-2011-4743912,18/07/2011,Cerys Edwards,Landerneau,France,Central,Consumer,24/07/2011,Economy,Brittany,-4.248437,48.450821
AZ-2011-1693949,18/07/2011,Cynthia Zielinski,Derby,United Kingdom,North,Home Office,23/07/2011,Economy,England,-1.4746186,52.9225301
AZ-2011-7849219,20/07/2011,Abby Mei,Vantaa,Finland,North,Corporate,20/07/2011,Immediate,Uusimaa,25.0377686,60.2933524
BN-2011-2343184,20/07/2011,Rory Martindale,Aylesbury,United Kingdom,North,Consumer,22/07/2011,Economy Plus,England,-0.8084,51.815606
BN-2011-5006178,21/07/2011,Amy Nixon,Dublin,Ireland,North,Consumer,25/07/2011,Economy Plus,Dublin,-6.2603097,53.3498053
AZ-2011-3252710,22/07/2011,Archie Whittaker,Hastings,United Kingdom,North,Home Office,24/07/2011,Economy Plus,England,0.573453,50.854259
BN-2011-9020794,24/07/2011,Kian Thomson,Vila Nova de Gaia,Portugal,South,Consumer,26/07/2011,Priority,Porto,-8.6117851,41.1238759
AZ-2011-9278870,26/07/2011,Chloe Miller,Stuttgart,Germany,Central,Consumer,30/07/2011,Economy,Baden-Württemberg,9.1829321,48.7758459
AZ-2011-9510405,27/07/2011,Donald Pak,Reus,Spain,South,Corporate,01/08/2011,Economy,Catalonia,1.1055321,41.1498259
AZ-2011-2831492,27/07/2011,Jasper Neighbour,Grosseto,Italy,South,Corporate,31/07/2011,Economy Plus,Tuscany,11.1123634,42.7635254
AZ-2011-3976238,27/07/2011,Ashton Foley,Bressuire,France,Central,Consumer,31/07/2011,Economy,Aquitaine-Limousin-Poitou-Charentes,-0.492866,46.84246
BN-2011-1490641,27/07/2011,Ali Jerger,Genoa,Italy,South,Corporate,29/07/2011,Priority,Liguria,8.946256,44.4056499
BN-2011-326585,27/07/2011,Lily Dallachy,Cerignola,Italy,South,Corporate,30/07/2011,Economy Plus,Apulia,15.8939163,41.2656592
AZ-2011-1603295,28/07/2011,Joel Peters,La Madeleine,France,Central,Home Office,04/08/2011,Economy,Nord-Pas-de-Calais-Picardie,3.073511,50.654836
BN-2011-743949,28/07/2011,Mohammed Fox,The Hague,Netherlands,Central,Consumer,01/08/2011,Economy,South Holland,4.3006999,52.0704978
AZ-2011-4432302,29/07/2011,Henry Winder,Rostock,Germany,Central,Corporate,31/07/2011,Economy Plus,Mecklenburg-Vorpommern,12.0991466,54.0924406
AZ-2011-1362199,29/07/2011,Luz Reilly,Dresden,Germany,Central,Consumer,05/08/2011,Economy,Saxony,13.7372621,51.0504088
BN-2011-5036253,29/07/2011,Lucas Wood,Sheffield,United Kingdom,North,Corporate,01/08/2011,Priority,England,-1.470085,53.381129
AZ-2011-5148757,31/07/2011,Ebony Sadlier,Antwerp,Belgium,Central,Corporate,04/08/2011,Economy,Antwerp,4.4024643,51.2194475
AZ-2011-1029887,31/07/2011,Brooke Hodgson,Leipzig,Germany,Central,Consumer,03/08/2011,Economy Plus,Saxony,12.3730747,51.3396955
AZ-2011-1680940,01/08/2011,Leslie Wilson,Champigny-sur-Marne,France,Central,Consumer,08/08/2011,Economy,Ile-de-France,2.515556,48.817049
AZ-2011-5466756,01/08/2011,Ellie Chapman,Leverkusen,Germany,Central,Home Office,03/08/2011,Economy Plus,North Rhine-Westphalia,7.0192196,51.0459248
AZ-2011-882043,02/08/2011,Leroy Samson,Cestas,France,Central,Home Office,06/08/2011,Economy,Aquitaine-Limousin-Poitou-Charentes,-0.684355,44.741163
AZ-2011-7833524,03/08/2011,Mike Langer,Huddersfield,United Kingdom,North,Corporate,07/08/2011,Economy,England,-1.785035,53.645792
AZ-2011-65889,03/08/2011,Hollie Morris,Limoges,France,Central,Corporate,07/08/2011,Economy,Aquitaine-Limousin-Poitou-Charentes,1.261105,45.833619
AZ-2011-2148580,03/08/2011,Demi Power,Passau,Germany,Central,Consumer,06/08/2011,Economy Plus,Bavaria,13.4319466,48.5667364
AZ-2011-1536006,03/08/2011,Norma McCowan,Biarritz,France,Central,Consumer,08/08/2011,Economy,Aquitaine-Limousin-Poitou-Charentes,-1.558626,43.4831519
BN-2011-3572647,03/08/2011,Eve Spencer,Berlin,Germany,Central,Consumer,05/08/2011,Economy Plus,Berlin,13.404954,52.5200066
AZ-2011-8761469,04/08/2011,Erick Tanner,Aix-en-Provence,France,Central,Corporate,06/08/2011,Economy Plus,Provence-Alpes-Côte d'Azur,5.447427,43.529742
AZ-2011-8748429,04/08/2011,Noah Chamberlain,Ashford,United Kingdom,North,Consumer,10/08/2011,Economy,England,0.875019,51.1464659
AZ-2011-7007630,04/08/2011,Eden Kern,Kiel,Germany,Central,Consumer,09/08/2011,Economy Plus,Schleswig-Holstein,10.1227652,54.3232927
AZ-2011-5097391,05/08/2011,Nancy Fike,Basel,Switzerland,Central,Consumer,10/08/2011,Economy Plus,Basel-Stadt,7.5885761,47.5595986
AZ-2011-8072611,05/08/2011,Aaron Cunningham,Innsbruck,Austria,Central,Consumer,09/08/2011,Economy,Tyrol,11.4041024,47.2692124
AZ-2011-6288321,05/08/2011,Eden Kern,Cologne,Germany,Central,Consumer,08/08/2011,Priority,North Rhine-Westphalia,6.9602786,50.937531
BN-2011-4396152,05/08/2011,Jodie Mellor,Dordrecht,Netherlands,Central,Consumer,12/08/2011,Economy,South Holland,4.6900929,51.8132979
AZ-2011-4764378,06/08/2011,Lauren Knight,Belfort,France,Central,Consumer,10/08/2011,Economy,Bourgogne-Franche-Comté,6.863849,47.639674
AZ-2011-130330,07/08/2011,Joseph Locke,Vienna,Austria,Central,Corporate,10/08/2011,Priority,Vienna,16.3738189,48.2081743
AZ-2011-3117259,08/08/2011,Kiera Chandler,Fontenay-aux-Roses,France,Central,Consumer,12/08/2011,Economy Plus,Ile-de-France,2.287181,48.789776
AZ-2011-6535299,08/08/2011,Leo Bannister,Courbevoie,France,Central,Home Office,14/08/2011,Economy,Ile-de-France,2.25929,48.900552
AZ-2011-7868957,09/08/2011,Laura Akhtar,Ajaccio,France,Central,Consumer,12/08/2011,Priority,Corsica,8.738635,41.919229
AZ-2011-3223139,09/08/2011,Anna Moreton,Paris,France,Central,Corporate,10/08/2011,Priority,Ile-de-France,2.3522219,48.856614
AZ-2011-3182961,09/08/2011,Norma McCowan,Augsburg,Germany,Central,Consumer,11/08/2011,Priority,Bavaria,10.89779,48.3705449
AZ-2011-3674097,09/08/2011,Tom Charlton,Harrow,United Kingdom,North,Corporate,15/08/2011,Economy,England,-0.341995,51.580559
AZ-2011-5517169,09/08/2011,Andrew Shah,Arnsberg,Germany,Central,Home Office,14/08/2011,Economy Plus,North Rhine-Westphalia,8.052771,51.4073375
AZ-2011-1916555,09/08/2011,Terence Welch,Altamura,Italy,South,Consumer,12/08/2011,Priority,Apulia,16.5527874,40.8253924
AZ-2011-3227418,09/08/2011,Kiara Allen,Frankfurt,Germany,Central,Consumer,13/08/2011,Economy,Hesse,8.6821267,50.1109221
AZ-2011-5482172,09/08/2011,Tina Brantley,Vallauris,France,Central,Home Office,13/08/2011,Economy,Provence-Alpes-Côte d'Azur,7.055041,43.577244
AZ-2011-4802355,09/08/2011,Alana Tyson,Valencia,Spain,South,Home Office,13/08/2011,Economy,Valenciana,-0.3762881,39.4699075
AZ-2011-1499597,10/08/2011,Eloise Mahmood,Trento,Italy,South,Corporate,12/08/2011,Economy Plus,Trentino-Alto Adige,11.1217486,46.0747793
AZ-2011-5059692,10/08/2011,Natasha Sykes,London,United Kingdom,North,Consumer,17/08/2011,Economy,England,-0.1277583,51.5073509
AZ-2011-5707449,11/08/2011,Oliver Stephenson,Parma,Italy,South,Consumer,16/08/2011,Economy,Emilia-Romagna,10.3279036,44.801485
AZ-2011-6919505,11/08/2011,Eva Sanderson,Wiesbaden,Germany,Central,Consumer,13/08/2011,Priority,Hesse,8.2397608,50.0782184
AZ-2011-5526022,11/08/2011,Max Baker,Halle,Germany,Central,Home Office,16/08/2011,Economy Plus,Saxony-Anhalt,11.9688029,51.4969802
AZ-2011-2273790,11/08/2011,Leah Barrett,Bologna,Italy,South,Consumer,13/08/2011,Priority,Emilia-Romagna,11.3426163,44.494887
AZ-2011-2750871,12/08/2011,James Fleming,Vienna,Austria,Central,Corporate,17/08/2011,Economy,Vienna,16.3738189,48.2081743
AZ-2011-8338326,12/08/2011,Robert Ramsey,Sunderland,United Kingdom,North,Consumer,19/08/2011,Economy,England,-1.383801,54.906869
AZ-2011-8207490,12/08/2011,Ellie Chapman,Tarragona,Spain,South,Home Office,15/08/2011,Priority,Catalonia,1.2444909,41.1188827
AZ-2011-7845997,12/08/2011,Spencer Wallis,London,United Kingdom,North,Consumer,15/08/2011,Priority,England,-0.1277583,51.5073509
BN-2011-377186,12/08/2011,Georgia Bermingham,Como,Italy,South,Home Office,18/08/2011,Economy,Lombardy,9.0851765,45.8080597
AZ-2011-7944653,15/08/2011,Isabelle Macghey,Hamburg,Germany,Central,Consumer,21/08/2011,Economy,Hamburg,9.9936818,53.5510846
AZ-2011-1902971,15/08/2011,Hayden Perkins,Bolton,United Kingdom,North,Consumer,15/08/2011,Immediate,England,-2.4282192,53.5768647
AZ-2011-9715464,15/08/2011,Lilly Akhtar,Manchester,United Kingdom,North,Home Office,15/08/2011,Immediate,England,-2.2426305,53.4807593
AZ-2011-7732849,15/08/2011,Darcy Farnell,Treviso,Italy,South,Consumer,17/08/2011,Economy Plus,Veneto,12.2430437,45.6668893
AZ-2011-921935,15/08/2011,Brandon Preston,Schwerin,Germany,Central,Consumer,17/08/2011,Economy Plus,Mecklenburg-Vorpommern,11.4012499,53.6355022
AZ-2011-9316144,15/08/2011,Melissa Bean,Norwich,United Kingdom,North,Home Office,16/08/2011,Priority,England,1.297355,52.6308859
AZ-2011-7213826,16/08/2011,Molly Palmer,Harrogate,United Kingdom,North,Corporate,21/08/2011,Economy,England,-1.541812,53.99212
AZ-2011-9357982,16/08/2011,Rory Gunson,Cologne,Germany,Central,Consumer,20/08/2011,Economy,North Rhine-Westphalia,6.9602786,50.937531
AZ-2011-9172584,16/08/2011,Kai Wicks,Sant Boi de Llobregat,Spain,South,Corporate,17/08/2011,Priority,Catalonia,2.035041,41.3458415
AZ-2011-8275005,16/08/2011,Cerys Edwards,Berlin,Germany,Central,Consumer,21/08/2011,Economy,Berlin,13.404954,52.5200066
AZ-2011-2851167,17/08/2011,Ruby Blomfield,Madrid,Spain,South,Consumer,21/08/2011,Economy,Madrid,-3.7037902,40.4167754
BN-2011-2476139,17/08/2011,Lola Hughes,Arnhem,Netherlands,Central,Consumer,22/08/2011,Economy,Gelderland,5.8987296,51.9851034
AZ-2011-2369759,18/08/2011,Rory Jess,London,United Kingdom,North,Home Office,20/08/2011,Economy Plus,England,-0.1277583,51.5073509
AZ-2011-5965584,18/08/2011,Rose Heap,Cergy,France,Central,Consumer,23/08/2011,Economy,Ile-de-France,2.060325,49.035617
AZ-2011-7873401,18/08/2011,Claire Harrington,Cologne,Germany,Central,Home Office,20/08/2011,Economy Plus,North Rhine-Westphalia,6.9602786,50.937531
BN-2011-74934,18/08/2011,Isabelle Norton,Apeldoorn,Netherlands,Central,Consumer,22/08/2011,Economy,Gelderland,5.9699231,52.211157
BN-2011-1246931,18/08/2011,Ryan Ackland,London,United Kingdom,North,Consumer,22/08/2011,Economy,England,-0.1277583,51.5073509
AZ-2011-8032051,19/08/2011,Lisa Boyette,Madrid,Spain,South,Corporate,22/08/2011,Economy Plus,Madrid,-3.7037902,40.4167754
AZ-2011-145488,21/08/2011,Georgina Garner,Noisy-le-Grand,France,Central,Consumer,21/08/2011,Immediate,Ile-de-France,2.55261,48.848579
AZ-2011-6634822,21/08/2011,Isabella Secombe,Madrid,Spain,South,Consumer,21/08/2011,Immediate,Madrid,-3.7037902,40.4167754
BN-2011-980083,21/08/2011,Alexandra Whitehouse,Lausanne,Switzerland,Central,Consumer,26/08/2011,Economy,Vaud,6.6322734,46.5196535
AZ-2011-1645475,22/08/2011,Millie Franklin,Bristol,United Kingdom,North,Consumer,24/08/2011,Economy Plus,England,-2.58791,51.454513
AZ-2011-8007862,23/08/2011,Millie Arnold,Lille,France,Central,Consumer,27/08/2011,Economy,Nord-Pas-de-Calais-Picardie,3.057256,50.62925
AZ-2011-9167855,23/08/2011,Patricia Epps,London,United Kingdom,North,Corporate,30/08/2011,Economy,England,-0.1277583,51.5073509
AZ-2011-5471262,23/08/2011,Toby Williamson,Saint-Avold,France,Central,Home Office,28/08/2011,Economy Plus,Alsace-Champagne-Ardenne-Lorraine,6.705793,49.104408
BN-2011-2986565,23/08/2011,Harry Josephson,Breda,Netherlands,Central,Consumer,29/08/2011,Economy,North Brabant,4.768323,51.5719149
AZ-2011-7181024,24/08/2011,Ethan Howarth,Montpellier,France,Central,Consumer,29/08/2011,Economy,Languedoc-Roussillon-Midi-Pyrénées,3.876716,43.610769
AZ-2011-2748688,24/08/2011,Francesca Bowen,High Wycombe,United Kingdom,North,Consumer,28/08/2011,Economy,England,-0.748229,51.628611
BN-2011-251096,24/08/2011,Abby Muramats,Lucca,Italy,South,Consumer,24/08/2011,Immediate,Tuscany,10.4950609,43.8376211
BN-2011-7963759,24/08/2011,Anna Kelly,Turin,Italy,South,Corporate,28/08/2011,Economy,Piedmont,7.6868565,45.070312
AZ-2011-2847355,25/08/2011,Gemma Curlewis,Baden-Baden,Germany,Central,Corporate,25/08/2011,Immediate,Baden-Württemberg,8.2285242,48.76564
AZ-2011-5040391,25/08/2011,Angelina Hurst,Menton,France,Central,Consumer,29/08/2011,Economy,Provence-Alpes-Côte d'Azur,7.49754,43.774481
AZ-2011-2536125,25/08/2011,Phoebe Baines,Crotone,Italy,South,Home Office,30/08/2011,Economy,Calabria,17.1271102,39.0807932
AZ-2011-2223205,25/08/2011,Madison Rowley,Vertou,France,Central,Consumer,25/08/2011,Immediate,Pays de la Loire,-1.473378,47.168194
AZ-2011-3535148,25/08/2011,Georgina Arnold,Paisley,United Kingdom,North,Corporate,29/08/2011,Economy,Scotland,-4.440114,55.847258
BN-2011-1973226,25/08/2011,Eve Spencer,The Hague,Netherlands,Central,Consumer,28/08/2011,Priority,South Holland,4.3006999,52.0704978
AZ-2011-4704797,26/08/2011,Robert Quick,Vigo,Spain,South,Consumer,30/08/2011,Economy,Galicia,-8.7207268,42.2405989
AZ-2011-3930237,26/08/2011,Mark Westfall,Rochdale,United Kingdom,North,Consumer,30/08/2011,Economy Plus,England,-2.1561,53.6097136
AZ-2011-7404693,26/08/2011,Robert Quick,Roubaix,France,Central,Consumer,30/08/2011,Economy Plus,Nord-Pas-de-Calais-Picardie,3.177847,50.6927049
AZ-2011-512368,26/08/2011,Karon Shah,Stuttgart,Germany,Central,Corporate,30/08/2011,Economy,Baden-Württemberg,9.1829321,48.7758459
AZ-2011-8709949,26/08/2011,Hudson Ordell,Taverny,France,Central,Corporate,27/08/2011,Immediate,Ile-de-France,2.223507,49.027441
AZ-2011-6296214,27/08/2011,Michael Halcomb,Helsinki,Finland,North,Corporate,03/09/2011,Economy,Uusimaa,24.938379,60.1698557
AZ-2011-3213049,27/08/2011,Gracie Hunter,Brindisi,Italy,South,Consumer,29/08/2011,Economy Plus,Apulia,17.9417616,40.6327278
AZ-2011-8164175,27/08/2011,Gemma Curlewis,Hamburg,Germany,Central,Corporate,02/09/2011,Economy,Hamburg,9.9936818,53.5510846
AZ-2011-1322840,27/08/2011,Alexandra Whitehouse,Palermo,Italy,South,Consumer,02/09/2011,Economy,Sicily,13.3612671,38.1156879
BN-2011-7569474,29/08/2011,Esther Henderson,Emmen,Netherlands,Central,Consumer,31/08/2011,Priority,Drenthe,6.8975851,52.7858037
BN-2011-4950607,29/08/2011,Ronald Everson,Dublin,Ireland,North,Corporate,30/08/2011,Priority,Dublin,-6.2603097,53.3498053
AZ-2011-9722198,30/08/2011,Evan Allen,Chester,United Kingdom,North,Corporate,03/09/2011,Economy,England,-2.893075,53.193392
AZ-2011-3937280,30/08/2011,Aaron Bootman,Vicenza,Italy,South,Consumer,01/09/2011,Economy Plus,Veneto,11.5354214,45.5454787
BN-2011-8431343,30/08/2011,Terence Welch,Vallauris,France,Central,Consumer,05/09/2011,Economy,Provence-Alpes-Côte d'Azur,7.055041,43.577244
BN-2011-2113749,30/08/2011,Elise Ali,Dublin,Ireland,North,Home Office,06/09/2011,Economy,Dublin,-6.2603097,53.3498053
AZ-2011-5263190,31/08/2011,Gracie Hunter,Wuppertal,Germany,Central,Consumer,04/09/2011,Economy,North Rhine-Westphalia,7.1507636,51.2562128
AZ-2011-8906544,31/08/2011,Mary Wilson,Herne,Germany,Central,Consumer,05/09/2011,Economy,North Rhine-Westphalia,7.2009147,51.5368948
AZ-2011-8361446,01/09/2011,Libby McDonald,High Wycombe,United Kingdom,North,Home Office,04/09/2011,Priority,England,-0.748229,51.628611
BN-2011-4718947,01/09/2011,Georgia Arundale,Drammen,Norway,North,Corporate,04/09/2011,Priority,Buskerud,10.2044564,59.7440738
BN-2011-6588034,01/09/2011,Michael Myers,Jena,Germany,Central,Home Office,05/09/2011,Economy,Thuringia,11.5892372,50.927054
AZ-2011-1229073,02/09/2011,Isaac David,Friedrichshafen,Germany,Central,Corporate,02/09/2011,Immediate,Baden-Württemberg,9.4800113,47.6617648
AZ-2011-5608865,02/09/2011,Demi Hodgson,Vienna,Austria,Central,Consumer,04/09/2011,Priority,Vienna,16.3738189,48.2081743
AZ-2011-2787690,02/09/2011,Stacy Cummings,Wattrelos,France,Central,Consumer,06/09/2011,Economy,Nord-Pas-de-Calais-Picardie,3.215007,50.701174
AZ-2011-9995644,03/09/2011,Ethan Cover,Oslo,Norway,North,Home Office,08/09/2011,Economy,Oslo,10.7522454,59.9138688
BN-2011-7176889,03/09/2011,Evie Flockhart,Gothenburg,Sweden,North,Consumer,07/09/2011,Economy,Västra Götaland,11.97456,57.70887
AZ-2011-734782,05/09/2011,Lauren Knight,Orsay,France,Central,Consumer,11/09/2011,Economy,Ile-de-France,2.189617,48.697161
AZ-2011-897579,06/09/2011,Ruby Nicholls,Dreux,France,Central,Corporate,10/09/2011,Economy,Centre-Val de Loire,1.370889,48.736134
AZ-2011-1331897,06/09/2011,Joel Peters,Reggio nell'Emilia,Italy,South,Home Office,10/09/2011,Economy,Emilia-Romagna,10.6296859,44.6989932
AZ-2011-5265175,06/09/2011,Ryan Price,Dudley,United Kingdom,North,Consumer,11/09/2011,Economy,England,-2.081112,52.512255
BN-2011-4861178,06/09/2011,Ryan Greenwood,Amsterdam,Netherlands,Central,Consumer,10/09/2011,Economy,North Holland,4.8951679,52.3702157
AZ-2011-9146320,07/09/2011,Mary Parker,Salamanca,Spain,South,Corporate,07/09/2011,Immediate,Castile and León,-5.6635397,40.9701039
AZ-2011-1445249,08/09/2011,Lincoln Want,Bordeaux,France,Central,Consumer,08/09/2011,Immediate,Aquitaine-Limousin-Poitou-Charentes,-0.57918,44.837789
AZ-2011-5437243,08/09/2011,Gary Crume,Oberhausen,Germany,Central,Consumer,09/09/2011,Priority,North Rhine-Westphalia,6.8637765,51.4963341
AZ-2011-5313166,08/09/2011,Alexander Bond,Lugo,Spain,South,Corporate,11/09/2011,Economy Plus,Galicia,-7.5567582,43.0097384
AZ-2011-8408139,08/09/2011,Ashton Foley,Neuilly-sur-Seine,France,Central,Consumer,14/09/2011,Economy,Ile-de-France,2.26851,48.884831
AZ-2011-3755505,09/09/2011,Jeremy Pilcher,Innsbruck,Austria,Central,Corporate,16/09/2011,Economy,Tyrol,11.4041024,47.2692124
AZ-2011-5721905,09/09/2011,Lilly Le Grand,Rome,Italy,South,Home Office,16/09/2011,Economy,Lazio,12.4963655,41.9027835
AZ-2011-1137571,10/09/2011,Cerys Edwards,Offenbach,Germany,Central,Consumer,12/09/2011,Economy Plus,Hesse,8.7760843,50.0956362
AZ-2011-1868249,12/09/2011,Leah Marsh,Alicante,Spain,South,Corporate,16/09/2011,Economy,Valenciana,-0.4906855,38.3459963
BN-2011-2505496,12/09/2011,Geraldine Mizelle,Dublin,Ireland,North,Corporate,16/09/2011,Economy Plus,Dublin,-6.2603097,53.3498053
BN-2011-3405497,12/09/2011,Georgina Arnold,Breda,Netherlands,Central,Corporate,15/09/2011,Priority,North Brabant,4.768323,51.5719149
AZ-2011-9883921,13/09/2011,William Horton,Frankfurt,Germany,Central,Consumer,17/09/2011,Economy,Hesse,8.6821267,50.1109221
AZ-2011-4951642,13/09/2011,Terence Welch,Brindisi,Italy,South,Consumer,13/09/2011,Immediate,Apulia,17.9417616,40.6327278
AZ-2011-8227978,14/09/2011,Anna Kelly,Northampton,United Kingdom,North,Corporate,19/09/2011,Economy,England,-0.902656,52.240477
AZ-2011-1484679,14/09/2011,Jay Andrews,Darlington,United Kingdom,North,Consumer,19/09/2011,Economy Plus,England,-1.559458,54.52361
AZ-2011-257509,14/09/2011,Jason Martinez,Strasbourg,France,Central,Corporate,21/09/2011,Economy,Alsace-Champagne-Ardenne-Lorraine,7.7521113,48.5734053
AZ-2011-8465032,14/09/2011,Tahlia Murnin,Worcester,United Kingdom,North,Consumer,14/09/2011,Immediate,England,-2.221575,52.193636
AZ-2011-1279238,14/09/2011,Natasha Sykes,Esbjerg,Denmark,North,Consumer,19/09/2011,Economy,South Denmark,8.459405,55.476466
AZ-2011-7694862,14/09/2011,Patricia Smith,Zwickau,Germany,Central,Corporate,21/09/2011,Economy,Saxony,12.4733725,50.7102169
BN-2011-2762940,14/09/2011,Mia Pugh,Aulnay-sous-Bois,France,Central,Consumer,18/09/2011,Economy,Ile-de-France,2.4970711,48.9412151
AZ-2011-1087704,15/09/2011,Elijah Ruatoka,Karlsruhe,Germany,Central,Home Office,19/09/2011,Economy,Baden-Württemberg,8.4036527,49.0068901
AZ-2011-578089,15/09/2011,Tyson Jonathan,Madrid,Spain,South,Consumer,22/09/2011,Economy,Madrid,-3.7037902,40.4167754
AZ-2011-6765105,15/09/2011,Mike Obrien,Valencia,Spain,South,Consumer,19/09/2011,Economy,Valenciana,-0.3762881,39.4699075
BN-2011-801002,15/09/2011,Aaron Cunningham,Dublin,Ireland,North,Consumer,15/09/2011,Immediate,Dublin,-6.2603097,53.3498053
BN-2011-6498909,15/09/2011,John Town,Loughborough,United Kingdom,North,Consumer,22/09/2011,Economy,England,-1.206166,52.772099
BN-2011-4029264,15/09/2011,Hubert Lindahl,Gera,Germany,Central,Corporate,20/09/2011,Economy,Thuringia,12.0807203,50.8850706
AZ-2011-5376119,16/09/2011,Mary Saterfiel,Woking,United Kingdom,North,Consumer,20/09/2011,Economy,England,-0.5600349,51.316774
AZ-2011-9164512,16/09/2011,Ashton Morey,Amsterdam,Netherlands,Central,Consumer,18/09/2011,Economy Plus,North Holland,4.8951679,52.3702157
AZ-2011-3810756,16/09/2011,Ginger Owens,Rostock,Germany,Central,Consumer,20/09/2011,Economy,Mecklenburg-Vorpommern,12.0991466,54.0924406
AZ-2011-259939,16/09/2011,Dennis Conaway,Bonn,Germany,Central,Consumer,20/09/2011,Economy,North Rhine-Westphalia,7.0982068,50.73743
AZ-2011-7534020,17/09/2011,Maya O'Sullivan,Vignola,Italy,South,Corporate,23/09/2011,Economy,Emilia-Romagna,11.0131217,44.4835861
AZ-2011-4818219,17/09/2011,Alannah Langridge,Castrop-Rauxel,Germany,Central,Consumer,22/09/2011,Economy,North Rhine-Westphalia,7.3150145,51.5632625
AZ-2011-839331,18/09/2011,Angelina Beeton,Dudley,United Kingdom,North,Consumer,22/09/2011,Economy,England,-2.081112,52.512255
AZ-2011-176674,19/09/2011,Abby Colebe,Poissy,France,Central,Consumer,21/09/2011,Priority,Ile-de-France,2.046982,48.929584
AZ-2011-7159051,19/09/2011,Daryl Claypool,Ludwigshafen am Rhein,Germany,Central,Corporate,24/09/2011,Economy,Rhineland-Palatinate,8.44518,49.47741
AZ-2011-9992253,19/09/2011,Ralph Holmes,Blackburn,United Kingdom,North,Consumer,26/09/2011,Economy,England,-2.487529,53.748575
AZ-2011-3127133,19/09/2011,Hershel Snyder,Murcia,Spain,South,Corporate,23/09/2011,Economy,Murcia,-1.1306544,37.9922399
AZ-2011-3004709,19/09/2011,Ethan Barrett,Perpignan,France,Central,Consumer,23/09/2011,Economy,Languedoc-Roussillon-Midi-Pyrénées,2.8948332,42.6886591
BN-2011-1950255,19/09/2011,Aaron Macrossan,Cumbernauld,United Kingdom,North,Home Office,24/09/2011,Economy,Scotland,-3.992534,55.945668
AZ-2011-2523831,20/09/2011,Holly Doyle,Wuppertal,Germany,Central,Consumer,22/09/2011,Economy Plus,North Rhine-Westphalia,7.1507636,51.2562128
AZ-2011-5113507,20/09/2011,Gilbert Montgomery,Bochum,Germany,Central,Consumer,22/09/2011,Economy Plus,North Rhine-Westphalia,7.2162363,51.4818445
AZ-2011-5492852,20/09/2011,Spencer Calvert,Plymouth,United Kingdom,North,Corporate,22/09/2011,Priority,England,-4.1426565,50.3754565
AZ-2011-7643452,20/09/2011,Zachary Disher,Colchester,United Kingdom,North,Consumer,20/09/2011,Immediate,England,0.891874,51.895927
AZ-2011-2459767,20/09/2011,George To Rot,Catania,Italy,South,Corporate,25/09/2011,Economy,Sicily,15.0830304,37.5078772
AZ-2011-3828424,20/09/2011,Viola Watson,Leeds,United Kingdom,North,Consumer,24/09/2011,Economy,England,-1.5490774,53.8007554
AZ-2011-2202582,20/09/2011,Noah Hart,Drancy,France,Central,Consumer,23/09/2011,Economy Plus,Ile-de-France,2.445676,48.924298
AZ-2011-3640757,21/09/2011,Milla Hollinworth,Bolzano,Italy,South,Corporate,23/09/2011,Priority,Trentino-Alto Adige,11.3547582,46.4982953
BN-2011-3102464,21/09/2011,Lily Tyler,La Baule-Escoublac,France,Central,Home Office,23/09/2011,Economy Plus,Pays de la Loire,-2.3913777,47.2869183
AZ-2011-2669941,22/09/2011,Edward Zwar,York,United Kingdom,North,Consumer,26/09/2011,Economy,England,-1.0872979,53.9599651
AZ-2011-2859436,22/09/2011,Aaron Davey,Munich,Germany,Central,Consumer,29/09/2011,Economy,Bavaria,11.5819806,48.1351253
AZ-2011-3958316,22/09/2011,Xavier Martindale,Cologne,Germany,Central,Consumer,27/09/2011,Economy,North Rhine-Westphalia,6.9602786,50.937531
AZ-2011-666847,22/09/2011,Paul Cleary,Paris,France,Central,Corporate,26/09/2011,Economy,Ile-de-France,2.3522219,48.856614
AZ-2011-8078797,22/09/2011,Ngoc Orozco,Molfetta,Italy,South,Home Office,22/09/2011,Immediate,Apulia,16.5987187,41.2027767
AZ-2011-5170408,23/09/2011,Lucas Warren,Krefeld,Germany,Central,Consumer,28/09/2011,Economy Plus,North Rhine-Westphalia,6.5853417,51.3387609
AZ-2011-1776203,23/09/2011,Lily Dallachy,Verdun,France,Central,Corporate,25/09/2011,Economy Plus,Alsace-Champagne-Ardenne-Lorraine,5.3844231,49.1598764
AZ-2011-9137114,23/09/2011,Jake Barry,Magdeburg,Germany,Central,Home Office,29/09/2011,Economy,Saxony-Anhalt,11.6276237,52.1205333
BN-2011-8011625,23/09/2011,Audrey Knowles,Berlin,Germany,Central,Consumer,25/09/2011,Priority,Berlin,13.404954,52.5200066
BN-2011-5999704,23/09/2011,Alexandra Portus,Gothenburg,Sweden,North,Corporate,29/09/2011,Economy,Västra Götaland,11.97456,57.70887
AZ-2011-5981422,24/09/2011,Alannah Callaway,Birkenhead,United Kingdom,North,Consumer,27/09/2011,Priority,England,-3.023009,53.389991
AZ-2011-3081666,24/09/2011,Isabella Falkiner,Mannheim,Germany,Central,Corporate,27/09/2011,Priority,Baden-Württemberg,8.4660395,49.4874592
AZ-2011-8385833,26/09/2011,Joseph Wright,Beauvais,France,Central,Home Office,30/09/2011,Economy,Nord-Pas-de-Calais-Picardie,2.0807123,49.4295387
AZ-2011-9846690,26/09/2011,Eve Spencer,Duisburg,Germany,Central,Consumer,01/10/2011,Economy,North Rhine-Westphalia,6.7623293,51.4344079
BN-2011-7685910,26/09/2011,Bradley Howell,Wiesbaden,Germany,Central,Corporate,01/10/2011,Economy,Hesse,8.2397608,50.0782184
BN-2011-9556882,26/09/2011,Isabelle Radcliffe,Arras,France,Central,Corporate,02/10/2011,Economy,Nord-Pas-de-Calais-Picardie,2.777535,50.291002
AZ-2011-7123116,27/09/2011,Madison Chadwick,Littlehampton,United Kingdom,North,Consumer,01/10/2011,Economy,England,-0.5386609,50.811057
AZ-2011-2571428,27/09/2011,Jack Brier,Berlin,Germany,Central,Consumer,01/10/2011,Economy,Berlin,13.404954,52.5200066
AZ-2011-3149617,27/09/2011,David Harney,Saint-Malo,France,Central,Corporate,29/09/2011,Priority,Brittany,-2.025674,48.649337
AZ-2011-3101381,27/09/2011,Devin Huddleston,Cagliari,Italy,South,Consumer,01/10/2011,Economy,Sardinia,9.1216613,39.2238411
AZ-2011-8378099,27/09/2011,Juan Smith,Newcastle upon Tyne,United Kingdom,North,Consumer,02/10/2011,Economy,England,-1.61778,54.978252
BN-2011-2579878,27/09/2011,Jason Martinez,Dijon,France,Central,Corporate,03/10/2011,Economy,Bourgogne-Franche-Comté,5.04148,47.322047
BN-2011-188092,27/09/2011,Peter Daly,Carrara,Italy,South,Consumer,04/10/2011,Economy,Tuscany,10.097677,44.0793245
AZ-2011-4234441,28/09/2011,Jean Crowley,Graz,Austria,Central,Corporate,30/09/2011,Economy Plus,Styria,15.439504,47.070714
AZ-2011-3982438,28/09/2011,Spencer Calvert,Quimper,France,Central,Corporate,02/10/2011,Economy,Brittany,-4.097899,47.997542
AZ-2011-7671743,28/09/2011,Christy Wiley,Cologne,Germany,Central,Consumer,30/09/2011,Economy Plus,North Rhine-Westphalia,6.9602786,50.937531
AZ-2011-5023465,28/09/2011,Samuel Hardey,Valencia,Spain,South,Home Office,30/09/2011,Economy Plus,Valenciana,-0.3762881,39.4699075
AZ-2011-3998709,28/09/2011,Chloe O'Dea,Gloucester,United Kingdom,North,Consumer,03/10/2011,Economy,England,-2.238156,51.8642449
AZ-2011-6026153,28/09/2011,Abbie Perry,Massa,Italy,South,Consumer,03/10/2011,Economy,Tuscany,10.1393221,44.0354437
AZ-2011-3858939,29/09/2011,Julian Mack,Courbevoie,France,Central,Consumer,05/10/2011,Economy,Ile-de-France,2.25929,48.900552
AZ-2011-9451747,29/09/2011,Casey Forte,Duisburg,Germany,Central,Consumer,04/10/2011,Economy,North Rhine-Westphalia,6.7623293,51.4344079
AZ-2011-5582578,29/09/2011,Ali Mander-Jones,Dos Hermanas,Spain,South,Home Office,05/10/2011,Economy,Andalusía,-5.9242391,37.2865803
AZ-2011-7921819,30/09/2011,Archer Hort,Toulouse,France,Central,Consumer,04/10/2011,Economy,Languedoc-Roussillon-Midi-Pyrénées,1.444209,43.604652
AZ-2011-2445910,30/09/2011,Susan Williams,Pescara,Italy,South,Home Office,04/10/2011,Economy,Abruzzi,14.2160898,42.4617902
AZ-2011-5942639,30/09/2011,Michael Watkins,Wuppertal,Germany,Central,Home Office,30/09/2011,Immediate,North Rhine-Westphalia,7.1507636,51.2562128
AZ-2011-6274862,30/09/2011,Jason Roger,Langenhagen,Germany,Central,Corporate,03/10/2011,Priority,Lower Saxony,9.7443992,52.4528001
BN-2011-5132700,03/10/2011,Walter Aguilar,Novara,Italy,South,Consumer,09/10/2011,Economy,Piedmont,8.6221612,45.44693
AZ-2011-2730322,04/10/2011,Mark Washington,Montreuil,France,Central,Home Office,11/10/2011,Economy,Ile-de-France,2.448451,48.863812
AZ-2011-3999419,06/10/2011,Nathan Clayton,Berlin,Germany,Central,Consumer,12/10/2011,Economy,Berlin,13.404954,52.5200066
AZ-2011-8864835,07/10/2011,Noah Chamberlain,Stockton-on-Tees,United Kingdom,North,Consumer,08/10/2011,Priority,England,-1.3289821,54.5704551
AZ-2011-3706904,08/10/2011,Hayley Swanston,Hamburg,Germany,Central,Home Office,12/10/2011,Economy,Hamburg,9.9936818,53.5510846
BN-2011-1778575,08/10/2011,Daniel Burke,Stockholm,Sweden,North,Home Office,11/10/2011,Economy Plus,Stockholm,18.0685808,59.3293235
AZ-2011-3120181,10/10/2011,Daniel Hamilton,Recklinghausen,Germany,Central,Home Office,16/10/2011,Economy,North Rhine-Westphalia,7.1979453,51.6140649
AZ-2011-8232296,10/10/2011,Kayleigh Summers,Troisdorf,Germany,Central,Consumer,13/10/2011,Priority,North Rhine-Westphalia,7.1430246,50.8177471
AZ-2011-8069544,10/10/2011,Maddison Newman,Linz,Austria,Central,Corporate,12/10/2011,Priority,Upper Austria,14.28583,48.30694
AZ-2011-1735855,11/10/2011,Sebastian Barber,Waterlooville,United Kingdom,North,Home Office,16/10/2011,Economy,England,-1.028751,50.890312
AZ-2011-9710351,11/10/2011,Demi Power,Frontignan,France,Central,Consumer,11/10/2011,Immediate,Languedoc-Roussillon-Midi-Pyrénées,3.755999,43.444815
AZ-2011-5060005,11/10/2011,Gary Crume,Hanover,Germany,Central,Consumer,14/10/2011,Priority,Lower Saxony,9.7320104,52.3758916
AZ-2011-9620626,12/10/2011,Toby Williamson,Madrid,Spain,South,Home Office,12/10/2011,Immediate,Madrid,-3.7037902,40.4167754
BN-2011-1490837,12/10/2011,Will Poynton,Trier,Germany,Central,Consumer,16/10/2011,Economy,Rhineland-Palatinate,6.6371433,49.749992
AZ-2011-8967076,13/10/2011,Betty Reynolds,Hamburg,Germany,Central,Corporate,13/10/2011,Immediate,Hamburg,9.9936818,53.5510846
BN-2011-7314925,13/10/2011,Daniel Lucas,Rotterdam,Netherlands,Central,Home Office,13/10/2011,Immediate,South Holland,4.4777325,51.9244201
AZ-2011-1890132,14/10/2011,Dennis Conaway,Heilbronn,Germany,Central,Consumer,17/10/2011,Priority,Baden-Württemberg,9.210879,49.1426929
AZ-2011-269617,14/10/2011,Lisa Watkins,Aachen,Germany,Central,Consumer,19/10/2011,Economy,North Rhine-Westphalia,6.0838868,50.7753455
AZ-2011-1475254,17/10/2011,Bradley Howell,Bilbao,Spain,South,Corporate,22/10/2011,Economy Plus,Basque Country,-2.9349852,43.2630126
AZ-2011-1114253,18/10/2011,Amy Pendred,Hamburg,Germany,Central,Consumer,22/10/2011,Economy Plus,Hamburg,9.9936818,53.5510846
AZ-2011-479838,19/10/2011,Sandra Cook,Worcester,United Kingdom,North,Consumer,24/10/2011,Economy,England,-2.221575,52.193636
BN-2011-2093591,19/10/2011,Mary Hough,Helmond,Netherlands,Central,Home Office,23/10/2011,Economy,North Brabant,5.6570096,51.4792547
AZ-2011-2320734,20/10/2011,Charlie Wells,Saint-Ouen,France,Central,Home Office,25/10/2011,Economy,Ile-de-France,2.333764,48.911856
AZ-2011-7589945,20/10/2011,Rebecca Heysen,Vienna,Austria,Central,Corporate,24/10/2011,Economy,Vienna,16.3738189,48.2081743
BN-2011-5624168,20/10/2011,Sandra Cook,Berlin,Germany,Central,Consumer,27/10/2011,Economy,Berlin,13.404954,52.5200066
AZ-2011-9162974,21/10/2011,Edward Martinez,Helsinki,Finland,North,Corporate,27/10/2011,Economy,Uusimaa,24.938379,60.1698557
AZ-2011-8519360,22/10/2011,Taj Knetes,Alfortville,France,Central,Consumer,26/10/2011,Economy,Ile-de-France,2.422317,48.80093
AZ-2011-2001312,22/10/2011,Harriet Chadwick,Preston,United Kingdom,North,Corporate,26/10/2011,Economy,England,-2.70309,53.763201
AZ-2011-3586083,24/10/2011,Elijah Ruatoka,Marseille,France,Central,Home Office,28/10/2011,Economy Plus,Provence-Alpes-Côte d'Azur,5.36978,43.296482
BN-2011-303096,24/10/2011,Sandra Hooks,Ferrara,Italy,South,Corporate,28/10/2011,Economy,Emilia-Romagna,11.619787,44.8381237
AZ-2011-9917214,25/10/2011,Millie Newman,Clermont-Ferrand,France,Central,Consumer,29/10/2011,Economy Plus,Auvergne-Rhône-Alpes,3.087025,45.777222
BN-2011-1885034,25/10/2011,Bethany Hunt,Reims,France,Central,Corporate,27/10/2011,Economy Plus,Alsace-Champagne-Ardenne-Lorraine,4.031696,49.258329
AZ-2011-504913,26/10/2011,Tyson Jonathan,Digne-les-Bains,France,Central,Consumer,31/10/2011,Economy,Provence-Alpes-Côte d'Azur,6.235976,44.092193
AZ-2011-4763989,27/10/2011,Sam Wood,Glasgow,United Kingdom,North,Home Office,02/11/2011,Economy,Scotland,-4.251806,55.864237
BN-2011-8153992,28/10/2011,George Dawson,Berlin,Germany,Central,Home Office,03/11/2011,Economy,Berlin,13.404954,52.5200066
AZ-2011-2141552,31/10/2011,Craig Rayner,Pozzuoli,Italy,South,Consumer,02/11/2011,Priority,Campania,14.0932861,40.8459469
AZ-2011-1754604,31/10/2011,Zachary Warner,Berlin,Germany,Central,Consumer,06/11/2011,Economy,Berlin,13.404954,52.5200066
BN-2011-1815779,31/10/2011,Isabel Turnbull,Zurich,Switzerland,Central,Home Office,04/11/2011,Economy Plus,Zürich,8.541694,47.3768866
AZ-2011-9632713,01/11/2011,Isabelle Vaughan,Castres,France,Central,Consumer,06/11/2011,Economy,Languedoc-Roussillon-Midi-Pyrénées,2.241295,43.606214
AZ-2011-8878816,01/11/2011,Larry Lambert,Messina,Italy,South,Consumer,06/11/2011,Economy,Sicily,15.5540152,38.1938137
AZ-2011-5511380,01/11/2011,Holly Doyle,Magdeburg,Germany,Central,Consumer,05/11/2011,Economy,Saxony-Anhalt,11.6276237,52.1205333
BN-2011-7628560,01/11/2011,Libby Thompson,Slough,United Kingdom,North,Consumer,06/11/2011,Economy Plus,England,-0.5950406,51.5105384
BN-2011-4260093,01/11/2011,Casey Forte,Norderstedt,Germany,Central,Consumer,06/11/2011,Economy,Schleswig-Holstein,10.0008798,53.6993066
AZ-2011-8893613,02/11/2011,Ebony Northcott,Nuremberg,Germany,Central,Consumer,08/11/2011,Economy,Bavaria,11.0796553,49.4254092
AZ-2011-6106265,02/11/2011,Kayleigh Farmer,Palermo,Italy,South,Consumer,06/11/2011,Economy,Sicily,13.3612671,38.1156879
AZ-2011-1445262,02/11/2011,Amy Nixon,Berlin,Germany,Central,Consumer,07/11/2011,Economy,Berlin,13.404954,52.5200066
AZ-2011-3234061,02/11/2011,Gemma Sharp,Ipswich,United Kingdom,North,Corporate,07/11/2011,Economy Plus,England,1.14822,52.056736
AZ-2011-7934727,02/11/2011,Dylan Disney,Hamburg,Germany,Central,Home Office,08/11/2011,Economy,Hamburg,9.9936818,53.5510846
BN-2011-3508590,02/11/2011,Charlie Power,Leipzig,Germany,Central,Home Office,07/11/2011,Economy,Saxony,12.3730747,51.3396955
AZ-2011-3981757,03/11/2011,Riley Douglas,Menden,Germany,Central,Corporate,05/11/2011,Priority,North Rhine-Westphalia,7.7953337,51.4377453
AZ-2011-8898585,03/11/2011,Isabelle Vaughan,Lyon,France,Central,Consumer,07/11/2011,Economy Plus,Auvergne-Rhône-Alpes,4.835659,45.764043
AZ-2011-8427293,03/11/2011,Rita McCann,Murcia,Spain,South,Consumer,05/11/2011,Economy Plus,Murcia,-1.1306544,37.9922399
AZ-2011-9028844,03/11/2011,Leah Marsh,Allauch,France,Central,Corporate,07/11/2011,Economy,Provence-Alpes-Côte d'Azur,5.4825739,43.336148
AZ-2011-3004753,03/11/2011,Ruby Blomfield,Montreuil,France,Central,Consumer,07/11/2011,Economy,Ile-de-France,2.448451,48.863812
AZ-2011-8257474,03/11/2011,Mark Westfall,Pozzuoli,Italy,South,Consumer,08/11/2011,Economy Plus,Campania,14.0932861,40.8459469
AZ-2011-7479897,03/11/2011,Leah Barrett,Hamburg,Germany,Central,Consumer,08/11/2011,Economy,Hamburg,9.9936818,53.5510846
BN-2011-5239456,03/11/2011,Adam Bentley,Erfurt,Germany,Central,Consumer,08/11/2011,Economy,Thuringia,11.0298799,50.9847679
AZ-2011-211681,04/11/2011,Madison Rowley,Wolverhampton,United Kingdom,North,Consumer,09/11/2011,Economy,England,-2.12882,52.586973
AZ-2011-438758,04/11/2011,Denise Harris,Tarragona,Spain,South,Consumer,09/11/2011,Economy Plus,Catalonia,1.2444909,41.1188827
AZ-2011-529480,04/11/2011,Cerys Edwards,Munich,Germany,Central,Consumer,04/11/2011,Immediate,Bavaria,11.5819806,48.1351253
AZ-2011-8648970,04/11/2011,Dylan Dry,Cinisello Balsamo,Italy,South,Consumer,06/11/2011,Economy Plus,Lombardy,9.2143838,45.5583553
AZ-2011-8421926,04/11/2011,Peter Daly,Hildesheim,Germany,Central,Consumer,08/11/2011,Economy,Lower Saxony,9.9579652,52.154778
BN-2011-183687,04/11/2011,Paige Hopley,Birmingham,United Kingdom,North,Consumer,09/11/2011,Economy Plus,England,-1.890401,52.486243
AZ-2011-9431896,05/11/2011,Ashton Charles,Nice,France,Central,Consumer,09/11/2011,Economy Plus,Provence-Alpes-Côte d'Azur,7.2619532,43.7101728
BN-2011-1486107,06/11/2011,Annabelle Heydon,Laval,France,Central,Home Office,08/11/2011,Priority,Pays de la Loire,-0.7669906,48.0785146
AZ-2011-1845681,07/11/2011,Paul Collazo,Hamburg,Germany,Central,Home Office,13/11/2011,Economy,Hamburg,9.9936818,53.5510846
AZ-2011-5592307,07/11/2011,Oscar Serena,Halle,Germany,Central,Consumer,13/11/2011,Economy,North Rhine-Westphalia,11.9688029,51.4969802
AZ-2011-6545414,08/11/2011,Ella Troy,Ercolano,Italy,South,Home Office,12/11/2011,Economy,Campania,14.3481628,40.8079195
AZ-2011-6783792,08/11/2011,Tyson Brookman,Paris,France,Central,Consumer,10/11/2011,Priority,Ile-de-France,2.3522219,48.856614
AZ-2011-5476846,08/11/2011,Ethan Barrett,Longjumeau,France,Central,Consumer,11/11/2011,Economy Plus,Ile-de-France,2.2947615,48.6930642
AZ-2011-3828805,08/11/2011,Juanita Smalls,Herten,Germany,Central,Home Office,12/11/2011,Economy,North Rhine-Westphalia,7.1389575,51.6020534
AZ-2011-816625,08/11/2011,Alexandra Macdonald,Pforzheim,Germany,Central,Corporate,08/11/2011,Immediate,Baden-Württemberg,8.6946286,48.8921862
AZ-2011-4802639,09/11/2011,Thomas Shepherd,Stockport,United Kingdom,North,Corporate,16/11/2011,Economy,England,-2.1575332,53.4106316
AZ-2011-6019271,09/11/2011,Brooke Horton,Paris,France,Central,Consumer,12/11/2011,Economy Plus,Ile-de-France,2.3522219,48.856614
AZ-2011-6223481,10/11/2011,Lucas Warren,Bochum,Germany,Central,Consumer,13/11/2011,Economy Plus,North Rhine-Westphalia,7.2162363,51.4818445
AZ-2011-3903564,10/11/2011,Toby Clunie,Paris,France,Central,Consumer,17/11/2011,Economy,Ile-de-France,2.3522219,48.856614
AZ-2011-1589827,10/11/2011,Angie Massengill,Girona,Spain,South,Consumer,13/11/2011,Priority,Catalonia,2.8214264,41.9794005
AZ-2011-7655744,10/11/2011,David Chadwick,Hamburg,Germany,Central,Corporate,13/11/2011,Priority,Hamburg,9.9936818,53.5510846
BN-2011-6545829,10/11/2011,Imogen Daly,Santander,Spain,South,Consumer,16/11/2011,Economy,Cantabria,-3.8099803,43.4623057
BN-2011-886514,10/11/2011,Michael Watkins,Pulheim,Germany,Central,Home Office,17/11/2011,Economy,North Rhine-Westphalia,6.8076853,50.9995815
BN-2011-3910885,11/11/2011,Nate Dacey,Mougins,France,Central,Consumer,16/11/2011,Economy,Provence-Alpes-Côte d'Azur,7.006491,43.6023319
AZ-2011-4452827,13/11/2011,Jake Barry,Lisieux,France,Central,Home Office,19/11/2011,Economy,Normandy,0.227849,49.145922
AZ-2011-2881763,14/11/2011,Louise Winter,Magdeburg,Germany,Central,Corporate,16/11/2011,Economy Plus,Saxony-Anhalt,11.6276237,52.1205333
BN-2011-6464780,14/11/2011,Nathan Iqbal,Bolton,United Kingdom,North,Consumer,18/11/2011,Economy,England,-2.4282192,53.5768647
AZ-2011-5353512,15/11/2011,Leon Barnes,Helsinki,Finland,North,Consumer,20/11/2011,Economy,Uusimaa,24.938379,60.1698557
AZ-2011-7041508,15/11/2011,Natasha Heane,Rovigo,Italy,South,Home Office,18/11/2011,Priority,Veneto,11.7902158,45.0698118
AZ-2011-8642559,15/11/2011,Archer Hort,Vannes,France,Central,Consumer,18/11/2011,Priority,Brittany,-2.760847,47.658236
AZ-2011-9135395,16/11/2011,Toby Conway,Vienna,Austria,Central,Consumer,18/11/2011,Economy Plus,Vienna,16.3738189,48.2081743
BN-2011-5491702,16/11/2011,Claudia Poore,Stockholm,Sweden,North,Corporate,23/11/2011,Economy,Stockholm,18.0685808,59.3293235
AZ-2011-4072657,17/11/2011,Alexis O'Flaherty,Madrid,Spain,South,Home Office,21/11/2011,Economy,Madrid,-3.7037902,40.4167754
BN-2011-6956959,17/11/2011,Francesca Bowen,London,United Kingdom,North,Consumer,22/11/2011,Economy,England,-0.1277583,51.5073509
BN-2011-2028933,17/11/2011,Leah Marsh,Sheffield,United Kingdom,North,Corporate,22/11/2011,Economy,England,-1.470085,53.381129
AZ-2011-9747665,18/11/2011,Tammy Chamblee,Lille,France,Central,Consumer,22/11/2011,Economy,Nord-Pas-de-Calais-Picardie,3.057256,50.62925
BN-2011-5791319,19/11/2011,Philip Newsom,Bologna,Italy,South,Corporate,21/11/2011,Economy Plus,Emilia-Romagna,11.3426163,44.494887
AZ-2011-6256805,21/11/2011,Zoe Lowin,Antibes,France,Central,Consumer,27/11/2011,Economy,Provence-Alpes-Côte d'Azur,7.125102,43.580418
AZ-2011-7981755,21/11/2011,Faith Chambers,Hattingen,Germany,Central,Consumer,26/11/2011,Economy Plus,North Rhine-Westphalia,7.1911567,51.4018117
BN-2011-2329209,21/11/2011,Tyson Jonathan,Muret,France,Central,Consumer,25/11/2011,Economy,Languedoc-Roussillon-Midi-Pyrénées,1.33071,43.461574
AZ-2011-1967754,22/11/2011,Alta Nokes,Augsburg,Germany,Central,Home Office,29/11/2011,Economy,Bavaria,10.89779,48.3705449
AZ-2011-7962115,22/11/2011,Eva Hargraves,Bremen,Germany,Central,Consumer,24/11/2011,Economy Plus,Bremen,8.8016937,53.0792962
AZ-2011-4495779,22/11/2011,Ramona Hohl,Vienna,Austria,Central,Consumer,27/11/2011,Economy,Vienna,16.3738189,48.2081743
AZ-2011-7225915,22/11/2011,Kieran Herbert,Guildford,United Kingdom,North,Consumer,23/11/2011,Immediate,England,-0.570409,51.23622
BN-2011-191610,22/11/2011,Molly Hawkins,Reims,France,Central,Home Office,29/11/2011,Economy,Alsace-Champagne-Ardenne-Lorraine,4.031696,49.258329
AZ-2011-3378761,23/11/2011,Oscar Serena,Ulm,Germany,Central,Consumer,27/11/2011,Economy,Baden-Württemberg,9.9876076,48.4010822
AZ-2011-2690707,23/11/2011,Rory Martindale,Carcassonne,France,Central,Consumer,29/11/2011,Economy,Languedoc-Roussillon-Midi-Pyrénées,2.353663,43.212161
AZ-2011-2986519,24/11/2011,Kerry Dorsey,Vienna,Austria,Central,Consumer,26/11/2011,Priority,Vienna,16.3738189,48.2081743
AZ-2011-6402982,25/11/2011,Nicole Johns,Fuengirola,Spain,South,Consumer,30/11/2011,Economy,Andalusía,-4.6249439,36.544148
BN-2011-452629,25/11/2011,Peter Daly,Birmingham,United Kingdom,North,Consumer,29/11/2011,Economy,England,-1.890401,52.486243
AZ-2011-5348577,26/11/2011,Thomas Thompson,Florence,Italy,South,Corporate,29/11/2011,Priority,Tuscany,11.2558136,43.7695604
AZ-2011-3963408,26/11/2011,Eva Butler,Velbert,Germany,Central,Corporate,01/12/2011,Economy,North Rhine-Westphalia,7.0426775,51.3370703
BN-2011-7580951,26/11/2011,Charli Rose,Menden,Germany,Central,Consumer,30/11/2011,Economy,North Rhine-Westphalia,7.7953337,51.4377453
AZ-2011-9147201,27/11/2011,Dominic Jordan,Grigny,France,Central,Consumer,01/12/2011,Economy,Ile-de-France,2.385166,48.656473
BN-2011-8382355,27/11/2011,Kyle Beard,Lisbon,Portugal,South,Consumer,28/11/2011,Priority,Lisboa,-9.1393366,38.7222524
AZ-2011-1661180,28/11/2011,Freya Daniels,Milan,Italy,South,Consumer,03/12/2011,Economy Plus,Lombardy,9.1859243,45.4654219
AZ-2011-8345224,28/11/2011,Craig Rayner,Oslo,Norway,North,Consumer,03/12/2011,Economy,Oslo,10.7522454,59.9138688
BN-2011-315660,28/11/2011,Nicholas Watkins,London,United Kingdom,North,Consumer,04/12/2011,Economy,England,-0.1277583,51.5073509
BN-2011-1148567,28/11/2011,Maynard Moorman,Haarlem,Netherlands,Central,Consumer,03/12/2011,Economy Plus,North Holland,4.6462194,52.3873878
AZ-2011-831255,29/11/2011,Milla Day,Torrevieja,Spain,South,Consumer,03/12/2011,Economy,Valenciana,-0.6808233,37.9847003
AZ-2011-4765625,29/11/2011,Lilly Le Grand,La Seyne-sur-Mer,France,Central,Home Office,06/12/2011,Economy,Provence-Alpes-Côte d'Azur,5.878219,43.102976
BN-2011-5873722,29/11/2011,Hershel Snyder,Stockholm,Sweden,North,Corporate,05/12/2011,Economy,Stockholm,18.0685808,59.3293235
AZ-2011-8123773,30/11/2011,James Casados,Mijas,Spain,South,Consumer,06/12/2011,Economy,Andalusía,-4.6323067,36.5967755
AZ-2011-8742152,30/11/2011,Amelie North,Paris,France,Central,Corporate,01/12/2011,Priority,Ile-de-France,2.3522219,48.856614
BN-2011-5579284,30/11/2011,Alex Greenwood,Hove,United Kingdom,North,Consumer,04/12/2011,Economy,England,-0.168749,50.8279319
BN-2011-2010578,30/11/2011,Charles Carey,Amsterdam,Netherlands,Central,Consumer,01/12/2011,Priority,North Holland,4.8951679,52.3702157
AZ-2011-2669880,01/12/2011,Julian Corbin,Valencia,Spain,South,Home Office,03/12/2011,Economy Plus,Valenciana,-0.3762881,39.4699075
AZ-2011-3509727,01/12/2011,Elise Ali,Genk,Belgium,Central,Home Office,06/12/2011,Economy,Limburg,5.5021,50.96613
AZ-2011-5788290,01/12/2011,Toby Starling,Valladolid,Spain,South,Consumer,04/12/2011,Priority,Castile and León,-4.7245321,41.652251
BN-2011-3829449,01/12/2011,Alex Greenwood,Paris,France,Central,Consumer,05/12/2011,Economy,Ile-de-France,2.3522219,48.856614
BN-2011-5662753,01/12/2011,Caleb Kenyon,Stockholm,Sweden,North,Corporate,03/12/2011,Priority,Stockholm,18.0685808,59.3293235
AZ-2011-1930058,02/12/2011,Matthew Gill,Villeurbanne,France,Central,Home Office,08/12/2011,Economy,Auvergne-Rhône-Alpes,4.8901709,45.771944
AZ-2011-9670304,02/12/2011,Harry Josephson,Paris,France,Central,Consumer,03/12/2011,Priority,Ile-de-France,2.3522219,48.856614
AZ-2011-9996962,02/12/2011,Riley Douglas,Huddersfield,United Kingdom,North,Corporate,08/12/2011,Economy,England,-1.785035,53.645792
AZ-2011-4501299,02/12/2011,Scott Higgins,Offenbach,Germany,Central,Home Office,06/12/2011,Economy,Hesse,8.7760843,50.0956362
AZ-2011-6683192,03/12/2011,Gracie Hicks,Siegen,Germany,Central,Consumer,06/12/2011,Priority,North Rhine-Westphalia,8.0209591,50.8838492
AZ-2011-2030946,03/12/2011,Leroy Samson,Grenoble,France,Central,Home Office,08/12/2011,Economy,Auvergne-Rhône-Alpes,5.724524,45.188529
AZ-2011-2079755,05/12/2011,Joyce Cornell,Cartagena,Spain,South,Consumer,08/12/2011,Priority,Murcia,-0.9965839,37.6256827
AZ-2011-9711046,05/12/2011,Lara Stoate,Greifswald,Germany,Central,Corporate,09/12/2011,Economy,Mecklenburg-Vorpommern,13.3923414,54.0865463
AZ-2011-2905039,06/12/2011,Andres Woodruff,Firminy,France,Central,Home Office,11/12/2011,Economy,Auvergne-Rhône-Alpes,4.287617,45.387638
AZ-2011-1328316,06/12/2011,Lorri Stratton,Hamburg,Germany,Central,Consumer,06/12/2011,Immediate,Hamburg,9.9936818,53.5510846
AZ-2011-9008538,06/12/2011,Kenneth Gonzales,Stockport,United Kingdom,North,Consumer,12/12/2011,Economy,England,-2.1575332,53.4106316
AZ-2011-9983326,06/12/2011,Alexander Bennett,Foggia,Italy,South,Corporate,08/12/2011,Economy Plus,Apulia,15.5446302,41.4621984
AZ-2011-7213764,06/12/2011,Rory Chambers,Vittoria,Italy,South,Consumer,06/12/2011,Immediate,Sicily,14.5372653,36.9520998
AZ-2011-144325,07/12/2011,Jessica Spring,Magdeburg,Germany,Central,Consumer,14/12/2011,Economy,Saxony-Anhalt,11.6276237,52.1205333
AZ-2011-7687877,07/12/2011,Norma McCowan,Berlin,Germany,Central,Consumer,11/12/2011,Economy Plus,Berlin,13.404954,52.5200066
AZ-2011-5009632,08/12/2011,Tom Charlton,Argenteuil,France,Central,Corporate,13/12/2011,Economy,Ile-de-France,2.2466847,48.9472096
AZ-2011-2892090,08/12/2011,Isabelle Vaughan,Harrow,United Kingdom,North,Consumer,08/12/2011,Immediate,England,-0.341995,51.580559
AZ-2011-297789,08/12/2011,Lewis Greenwood,Karlsruhe,Germany,Central,Consumer,10/12/2011,Economy Plus,Baden-Württemberg,8.4036527,49.0068901
BN-2011-3654306,08/12/2011,Jonathan Franklin,Duisburg,Germany,Central,Home Office,12/12/2011,Economy Plus,North Rhine-Westphalia,6.7623293,51.4344079
AZ-2011-7077665,09/12/2011,Adam Harte,Nottingham,United Kingdom,North,Corporate,14/12/2011,Economy,England,-1.1581086,52.9547832
AZ-2011-8245903,09/12/2011,Ethel Cole,Lunel,France,Central,Home Office,10/12/2011,Priority,Languedoc-Roussillon-Midi-Pyrénées,4.135366,43.67445
AZ-2011-9732880,10/12/2011,Sofia Goddard,London,United Kingdom,North,Corporate,13/12/2011,Priority,England,-0.1277583,51.5073509
AZ-2011-6561347,10/12/2011,Harry Josephson,Ludwigshafen am Rhein,Germany,Central,Consumer,14/12/2011,Economy,Rhineland-Palatinate,8.44518,49.47741
BN-2011-9080680,10/12/2011,Freya Daniels,Moers,Germany,Central,Consumer,14/12/2011,Economy,North Rhine-Westphalia,6.6408148,51.4516041
BN-2011-7943667,10/12/2011,Mary Hough,Laval,France,Central,Home Office,15/12/2011,Economy,Pays de la Loire,-0.7669906,48.0785146
AZ-2011-6142647,12/12/2011,Dominic Elliott,Peterborough,United Kingdom,North,Consumer,17/12/2011,Economy,England,-0.2405299,52.5694985
AZ-2011-8806181,12/12/2011,Alexandra Macdonald,Ravenna,Italy,South,Corporate,17/12/2011,Economy,Emilia-Romagna,12.2035294,44.4183598
BN-2011-7263458,12/12/2011,Joseph Wright,Cannes,France,Central,Home Office,18/12/2011,Economy,Provence-Alpes-Côte d'Azur,7.017369,43.552847
BN-2011-3742620,13/12/2011,Bianca Whitford,Foggia,Italy,South,Corporate,17/12/2011,Economy Plus,Apulia,15.5446302,41.4621984
BN-2011-4097137,13/12/2011,Holly Noble,Amadora,Portugal,South,Consumer,18/12/2011,Economy,Lisboa,-9.2245474,38.7577603
BN-2011-3210796,13/12/2011,Kevin Madigan,Oviedo,Spain,South,Consumer,17/12/2011,Economy,Asturias,-5.8493887,43.3619145
BN-2011-4328697,13/12/2011,Isaac David,La Rochelle,France,Central,Corporate,19/12/2011,Economy,Aquitaine-Limousin-Poitou-Charentes,-1.151139,46.160329
BN-2011-473171,13/12/2011,Amy Nixon,Turin,Italy,South,Consumer,16/12/2011,Economy Plus,Piedmont,7.6868565,45.070312
BN-2011-4438698,13/12/2011,Zoe Lanigan,Naples,Italy,South,Corporate,18/12/2011,Economy Plus,Campania,14.2681244,40.8517746
BN-2011-2470191,13/12/2011,Jasmine Hanson,Nacka,Sweden,North,Consumer,19/12/2011,Economy,Stockholm,18.156042,59.307903
BN-2011-5636693,14/12/2011,Niamh Mann,Rosny-sous-Bois,France,Central,Consumer,18/12/2011,Economy,Ile-de-France,2.485932,48.875661
AZ-2011-7080428,15/12/2011,Jonathan Loftus,Augsburg,Germany,Central,Home Office,20/12/2011,Economy,Bavaria,10.89779,48.3705449
AZ-2011-6377121,15/12/2011,Toby Williamson,Alicante,Spain,South,Home Office,19/12/2011,Economy,Valenciana,-0.4906855,38.3459963
AZ-2011-7779959,15/12/2011,Justin Armit,London,United Kingdom,North,Consumer,19/12/2011,Economy,England,-0.1277583,51.5073509
AZ-2011-8335226,15/12/2011,Adam Walpole,Berlin,Germany,Central,Corporate,22/12/2011,Economy,Berlin,13.404954,52.5200066
AZ-2011-8128467,15/12/2011,Thomas Stephens,Marly-le-Roi,France,Central,Corporate,20/12/2011,Economy,Ile-de-France,2.097727,48.868389
AZ-2011-6123217,15/12/2011,Lilly Akhtar,Turku,Finland,North,Home Office,19/12/2011,Economy,Finland Proper,22.2666303,60.4518126
AZ-2011-6604383,16/12/2011,Jade Farmer,Walsall,United Kingdom,North,Consumer,20/12/2011,Economy,England,-1.982919,52.586214
AZ-2011-2792664,16/12/2011,Koby Phillip,Cagliari,Italy,South,Consumer,19/12/2011,Economy Plus,Sardinia,9.1216613,39.2238411
AZ-2011-1315772,17/12/2011,Denise Harris,Herford,Germany,Central,Consumer,21/12/2011,Economy,North Rhine-Westphalia,8.6793998,52.1178305
AZ-2011-7176168,17/12/2011,Carl Proctor,Vienna,Austria,Central,Consumer,24/12/2011,Economy,Vienna,16.3738189,48.2081743
AZ-2011-5720864,17/12/2011,Carrie Boots,Vienna,Austria,Central,Corporate,21/12/2011,Economy,Vienna,16.3738189,48.2081743
BN-2011-493079,17/12/2011,Mia Pugh,Lisbon,Portugal,South,Consumer,19/12/2011,Economy Plus,Lisboa,-9.1393366,38.7222524
AZ-2011-8737,19/12/2011,Kayla Tearle,Duisburg,Germany,Central,Corporate,24/12/2011,Economy Plus,North Rhine-Westphalia,6.7623293,51.4344079
AZ-2011-3096034,19/12/2011,Katie Thom,Mijas,Spain,South,Corporate,23/12/2011,Economy,Andalusía,-4.6323067,36.5967755
AZ-2011-6760420,19/12/2011,Daniel Hamilton,Vienna,Austria,Central,Home Office,23/12/2011,Economy,Vienna,16.3738189,48.2081743
BN-2011-3962140,19/12/2011,Mark Westfall,Stockholm,Sweden,North,Consumer,21/12/2011,Economy Plus,Stockholm,18.0685808,59.3293235
AZ-2011-4735956,20/12/2011,Michael Bradshaw,Duisburg,Germany,Central,Consumer,27/12/2011,Economy,North Rhine-Westphalia,6.7623293,51.4344079
AZ-2011-1976919,20/12/2011,Lauren Saunders,Barcelona,Spain,South,Consumer,24/12/2011,Economy Plus,Catalonia,2.1734035,41.3850639
AZ-2011-3989901,20/12/2011,Gerald Galvan,Nantes,France,Central,Corporate,25/12/2011,Economy Plus,Pays de la Loire,-1.553621,47.218371
AZ-2011-9121322,20/12/2011,Jacob Carter,Oullins,France,Central,Consumer,24/12/2011,Economy,Auvergne-Rhône-Alpes,4.80066,45.711926
AZ-2011-658574,20/12/2011,Anna Kelly,Valdemoro,Spain,South,Corporate,25/12/2011,Economy,Madrid,-3.6740182,40.1912403
AZ-2011-8949674,20/12/2011,Kerry Dorsey,Bayonne,France,Central,Consumer,24/12/2011,Economy Plus,Aquitaine-Limousin-Poitou-Charentes,-1.474841,43.492949
BN-2011-7621077,20/12/2011,Ethan Williams,Stockholm,Sweden,North,Corporate,24/12/2011,Economy,Stockholm,18.0685808,59.3293235
AZ-2011-4460165,21/12/2011,Bettie Lang,Manresa,Spain,South,Consumer,23/12/2011,Economy Plus,Catalonia,1.8225154,41.7292826
AZ-2011-7159551,21/12/2011,Tahlia Murnin,Mansfield,United Kingdom,North,Consumer,23/12/2011,Economy Plus,England,-1.198674,53.147195
BN-2011-8948847,21/12/2011,David Velasquez,Dublin,Ireland,North,Home Office,26/12/2011,Economy Plus,Dublin,-6.2603097,53.3498053
BN-2011-383161,21/12/2011,Luz Reilly,Dortmund,Germany,Central,Consumer,25/12/2011,Economy,North Rhine-Westphalia,7.4652981,51.5135872
AZ-2011-7783675,22/12/2011,Jason Martinez,Turin,Italy,South,Corporate,24/12/2011,Economy Plus,Piedmont,7.6868565,45.070312
AZ-2011-7647834,22/12/2011,Alana Tyson,Portsmouth,United Kingdom,North,Home Office,26/12/2011,Economy,England,-1.0879769,50.8197675
BN-2011-4899110,22/12/2011,Nathan Clayton,Elda,Spain,South,Consumer,26/12/2011,Economy,Valenciana,-0.7964597,38.4765073
AZ-2011-8155253,23/12/2011,Taj Knetes,Bry-sur-Marne,France,Central,Consumer,25/12/2011,Economy Plus,Ile-de-France,2.5236489,48.834913
BN-2011-8172607,23/12/2011,Evie Flockhart,Dublin,Ireland,North,Consumer,26/12/2011,Economy Plus,Dublin,-6.2603097,53.3498053
AZ-2011-8510218,24/12/2011,Gail Thompson,Molina de Segura,Spain,South,Consumer,29/12/2011,Economy,Murcia,-1.2073261,38.051681
AZ-2011-8557456,26/12/2011,Kieran Herbert,Madrid,Spain,South,Consumer,31/12/2011,Economy Plus,Madrid,-3.7037902,40.4167754
AZ-2011-8129966,26/12/2011,Jesse Godson,Regensburg,Germany,Central,Corporate,31/12/2011,Economy,Bavaria,12.1016236,49.0134297
AZ-2011-9652940,26/12/2011,Philip Newsom,Zamora,Spain,South,Corporate,28/12/2011,Priority,Castile and León,-5.7467879,41.5034712
AZ-2011-1406494,26/12/2011,Donna Farr,Oslo,Norway,North,Consumer,30/12/2011,Economy,Oslo,10.7522454,59.9138688
BN-2011-3231719,26/12/2011,Rachel Norton,Blackpool,United Kingdom,North,Corporate,31/12/2011,Economy,England,-3.0356748,53.8175053
BN-2011-6008282,26/12/2011,Carol Evans,The Hague,Netherlands,Central,Consumer,26/12/2011,Immediate,South Holland,4.3006999,52.0704978
AZ-2011-3485437,27/12/2011,Lillian Davis,Hamburg,Germany,Central,Consumer,29/12/2011,Priority,Hamburg,9.9936818,53.5510846
AZ-2011-4342621,27/12/2011,Michael Wilson,Vienna,Austria,Central,Home Office,30/12/2011,Priority,Vienna,16.3738189,48.2081743
BN-2011-4542382,27/12/2011,Timothy Jimenez,Villeparisis,France,Central,Consumer,01/01/2012,Economy,Ile-de-France,2.6126899,48.9392651
BN-2011-7459578,27/12/2011,Marie Lawson,Copenhagen,Denmark,North,Corporate,03/01/2012,Economy,Hovedstaden,12.5683371,55.6760968
BN-2011-1934094,27/12/2011,Skye Hammond,Verona,Italy,South,Corporate,29/12/2011,Priority,Veneto,10.9916215,45.4383842
AZ-2011-340357,28/12/2011,Jessica Paramor,Aix-en-Provence,France,Central,Corporate,01/01/2012,Economy Plus,Provence-Alpes-Côte d'Azur,5.447427,43.529742
AZ-2011-6587022,28/12/2011,Maya O'Sullivan,Argenteuil,France,Central,Corporate,02/01/2012,Economy Plus,Ile-de-France,2.2466847,48.9472096
AZ-2011-8820375,28/12/2011,Adam Walpole,London,United Kingdom,North,Corporate,29/12/2011,Immediate,England,-0.1277583,51.5073509
AZ-2011-6705309,28/12/2011,Carley Wynn,Turin,Italy,South,Home Office,01/01/2012,Economy Plus,Piedmont,7.6868565,45.070312
BN-2011-6627390,28/12/2011,Molly Hawkins,Groningen,Netherlands,Central,Home Office,01/01/2012,Economy Plus,Groningen,6.5665018,53.2193835
AZ-2011-583228,29/12/2011,Felicia Cooley,Ghent,Belgium,Central,Consumer,04/01/2012,Economy,East Flanders,3.7174243,51.0543422
AZ-2011-2437108,29/12/2011,Molly Bidmead,Darmstadt,Germany,Central,Home Office,29/12/2011,Immediate,Hesse,8.6511929,49.8728253
BN-2011-8019925,29/12/2011,Matthew Barker,Plaisance-du-Touch,France,Central,Consumer,03/01/2012,Economy,Languedoc-Roussillon-Midi-Pyrénées,1.2949,43.564686
AZ-2011-9882660,30/12/2011,Owen Howell,Cheltenham,United Kingdom,North,Home Office,01/01/2012,Priority,England,-2.0782533,51.8993855
AZ-2011-4865633,30/12/2011,Shannon Howe,Madrid,Spain,South,Consumer,03/01/2012,Economy,Madrid,-3.7037902,40.4167754
AZ-2011-5099606,30/12/2011,Dominic Stephenson,Derby,United Kingdom,North,Home Office,04/01/2012,Economy,England,-1.4746186,52.9225301
AZ-2011-2099050,30/12/2011,Evie Morton,Naples,Italy,South,Consumer,02/01/2012,Priority,Campania,14.2681244,40.8517746
AZ-2012-5204554,02/01/2012,Lilian Macredie,Givors,France,Central,Corporate,06/01/2012,Economy,Auvergne-Rhône-Alpes,4.772829,45.58329
AZ-2012-4052737,02/01/2012,Amelie North,Madrid,Spain,South,Corporate,09/01/2012,Economy,Madrid,-3.7037902,40.4167754
AZ-2012-9703456,03/01/2012,Millie Franklin,Ponferrada,Spain,South,Consumer,05/01/2012,Priority,Castile and León,-6.598259,42.5499958
AZ-2012-8553942,03/01/2012,Lara Stoate,Montpellier,France,Central,Corporate,09/01/2012,Economy,Languedoc-Roussillon-Midi-Pyrénées,3.876716,43.610769
AZ-2012-712520,04/01/2012,Harry Marion,Tamworth,United Kingdom,North,Consumer,08/01/2012,Economy,England,-1.691032,52.633584
AZ-2012-4150074,05/01/2012,Robert Neil,Breda,Netherlands,Central,Consumer,09/01/2012,Economy,North Brabant,4.768323,51.5719149
AZ-2012-9602843,05/01/2012,Lamar Lockhart,Valencia,Spain,South,Consumer,09/01/2012,Economy,Valenciana,-0.3762881,39.4699075
AZ-2012-2038976,05/01/2012,Stella Balcombe,Paris,France,Central,Home Office,09/01/2012,Economy,Ile-de-France,2.3522219,48.856614
AZ-2012-6747407,05/01/2012,Natasha Heane,Rouen,France,Central,Home Office,05/01/2012,Immediate,Normandy,1.099971,49.443232
BN-2012-9614623,05/01/2012,Luz Reilly,Stockholm,Sweden,North,Consumer,09/01/2012,Economy,Stockholm,18.0685808,59.3293235
AZ-2012-5826581,06/01/2012,Susan Williams,Marbella,Spain,South,Home Office,11/01/2012,Economy,Andalusía,-4.8824474,36.510071
AZ-2012-8111484,07/01/2012,Ruby Frost,Kassel,Germany,Central,Home Office,10/01/2012,Priority,Hesse,9.4797461,51.3127114
AZ-2012-9827676,07/01/2012,Liam Newton,Oslo,Norway,North,Corporate,10/01/2012,Priority,Oslo,10.7522454,59.9138688
BN-2012-8740514,07/01/2012,Rachel Goddard,Enschede,Netherlands,Central,Consumer,11/01/2012,Economy,Overijssel,6.8936619,52.2215372
AZ-2012-3448109,09/01/2012,Betty Reynolds,Valencia,Spain,South,Corporate,13/01/2012,Economy,Valenciana,-0.3762881,39.4699075
AZ-2012-2353592,09/01/2012,Joshua Romero,Verona,Italy,South,Consumer,15/01/2012,Economy,Veneto,10.9916215,45.4383842
AZ-2012-719087,09/01/2012,Millie Newman,Cologne,Germany,Central,Consumer,14/01/2012,Economy,North Rhine-Westphalia,6.9602786,50.937531
AZ-2012-1710081,10/01/2012,Jammie Gibbs,Neubrandenburg,Germany,Central,Consumer,16/01/2012,Economy,Mecklenburg-Vorpommern,13.2779269,53.5678292
AZ-2012-5999614,10/01/2012,Isabelle Gould,Haninge,Sweden,North,Consumer,11/01/2012,Priority,Stockholm,18.1413702,59.17555
AZ-2012-3272403,11/01/2012,Katie Thom,Elx,Spain,South,Corporate,14/01/2012,Priority,Valenciana,-0.7125608,38.2699329
AZ-2012-8319286,12/01/2012,Daniel Howells,Vienna,Austria,Central,Corporate,17/01/2012,Economy,Vienna,16.3738189,48.2081743
AZ-2012-9926323,12/01/2012,Julie Ochoa,Pescara,Italy,South,Corporate,17/01/2012,Economy,Abruzzi,14.2160898,42.4617902
AZ-2012-2124025,13/01/2012,Joe Gilbert,Carlisle,United Kingdom,North,Home Office,16/01/2012,Priority,England,-2.932931,54.892473
AZ-2012-6068382,13/01/2012,Leslie Wilson,Peterborough,United Kingdom,North,Consumer,17/01/2012,Economy Plus,England,-0.2405299,52.5694985
AZ-2012-4265765,14/01/2012,Elisabeth Manson,Wattrelos,France,Central,Consumer,18/01/2012,Economy,Nord-Pas-de-Calais-Picardie,3.215007,50.701174
AZ-2012-2350384,16/01/2012,Oscar Noble,Rome,Italy,South,Consumer,18/01/2012,Economy Plus,Lazio,12.4963655,41.9027835
AZ-2012-3019751,16/01/2012,Toby Clunie,Laon,France,Central,Consumer,23/01/2012,Economy,Nord-Pas-de-Calais-Picardie,3.61989,49.564133
AZ-2012-1023749,16/01/2012,Michael Myers,Rovigo,Italy,South,Home Office,18/01/2012,Economy Plus,Veneto,11.7902158,45.0698118
BN-2012-6672133,16/01/2012,Joseph Ford,London,United Kingdom,North,Corporate,21/01/2012,Economy,England,-0.1277583,51.5073509
BN-2012-7456673,16/01/2012,Henry Winder,Iserlohn,Germany,Central,Corporate,18/01/2012,Priority,North Rhine-Westphalia,7.6960842,51.3765096
BN-2012-3611011,17/01/2012,Charlie Wells,Assen,Netherlands,Central,Home Office,23/01/2012,Economy,Drenthe,6.5642284,52.992753
AZ-2012-9241286,18/01/2012,Louis Scott,East Kilbride,United Kingdom,North,Corporate,22/01/2012,Economy,Scotland,-4.1769988,55.7643524
AZ-2012-5423873,18/01/2012,Leslie Wilson,Valladolid,Spain,South,Consumer,23/01/2012,Economy Plus,Castile and León,-4.7245321,41.652251
AZ-2012-1787398,18/01/2012,Adam Peacock,Dijon,France,Central,Corporate,18/01/2012,Immediate,Bourgogne-Franche-Comté,5.04148,47.322047
AZ-2012-6624087,18/01/2012,Mark Washington,Vienna,Austria,Central,Home Office,22/01/2012,Economy,Vienna,16.3738189,48.2081743
BN-2012-1321856,19/01/2012,Timothy Pownall,Amsterdam,Netherlands,Central,Consumer,23/01/2012,Economy,North Holland,4.8951679,52.3702157
AZ-2012-9749858,20/01/2012,Isabella Secombe,Runcorn,United Kingdom,North,Consumer,22/01/2012,Priority,England,-2.729673,53.342078
BN-2012-5319905,20/01/2012,Ella Harrhy,Birmingham,United Kingdom,North,Corporate,24/01/2012,Economy,England,-1.890401,52.486243
AZ-2012-8708707,22/01/2012,Jett Osman,Utrecht,Netherlands,Central,Home Office,26/01/2012,Economy,Utrecht,5.1214201,52.0907374
AZ-2012-5084110,23/01/2012,Georgia Blackburn,Gosport,United Kingdom,North,Corporate,27/01/2012,Economy,England,-1.117547,50.794995
BN-2012-2002829,23/01/2012,Betty Reynolds,Milan,Italy,South,Corporate,29/01/2012,Economy,Lombardy,9.1859243,45.4654219
BN-2012-5839370,23/01/2012,Declan Dundas,Dos Hermanas,Spain,South,Corporate,27/01/2012,Economy,Andalusía,-5.9242391,37.2865803
AZ-2012-2484319,24/01/2012,Peter Daly,Innsbruck,Austria,Central,Consumer,26/01/2012,Priority,Tyrol,11.4041024,47.2692124
AZ-2012-6415862,24/01/2012,Lillian Davis,Hamburg,Germany,Central,Consumer,28/01/2012,Economy,Hamburg,9.9936818,53.5510846
BN-2012-4743725,24/01/2012,Peter Daly,Rillieux-la-Pape,France,Central,Consumer,30/01/2012,Economy,Auvergne-Rhône-Alpes,4.897126,45.819655
BN-2012-2518172,24/01/2012,Ruth Williams,Naples,Italy,South,Consumer,31/01/2012,Economy,Campania,14.2681244,40.8517746
AZ-2012-4458558,25/01/2012,Zara Money,Ferrara,Italy,South,Corporate,28/01/2012,Priority,Emilia-Romagna,11.619787,44.8381237
AZ-2012-6238242,25/01/2012,Mike Langer,Vienna,Austria,Central,Corporate,30/01/2012,Economy,Vienna,16.3738189,48.2081743
AZ-2012-3008162,25/01/2012,Toby Patterson,Plymouth,United Kingdom,North,Home Office,29/01/2012,Economy,England,-4.1426565,50.3754565
AZ-2012-5632093,25/01/2012,Arnold Jones,Rome,Italy,South,Corporate,26/01/2012,Priority,Lazio,12.4963655,41.9027835
AZ-2012-9961341,27/01/2012,Walter Aguilar,Marbella,Spain,South,Consumer,31/01/2012,Economy,Andalusía,-4.8824474,36.510071
AZ-2012-1940547,27/01/2012,Faith Chambers,Vienna,Austria,Central,Consumer,03/02/2012,Economy,Vienna,16.3738189,48.2081743
BN-2012-285450,27/01/2012,Demi Power,Zurich,Switzerland,Central,Consumer,02/02/2012,Economy,Zürich,8.541694,47.3768866
AZ-2012-9024029,28/01/2012,Imogen Steele,Linz,Austria,Central,Corporate,02/02/2012,Economy,Upper Austria,14.28583,48.30694
AZ-2012-1068489,30/01/2012,Ashley Baldwinson,Montrouge,France,Central,Corporate,03/02/2012,Economy,Ile-de-France,2.317384,48.816363
AZ-2012-2380607,30/01/2012,Isaac David,Perpignan,France,Central,Corporate,01/02/2012,Economy Plus,Languedoc-Roussillon-Midi-Pyrénées,2.8948332,42.6886591
AZ-2012-7391024,30/01/2012,Isabella Cleary,Corbeil-Essonnes,France,Central,Home Office,04/02/2012,Economy Plus,Ile-de-France,2.474805,48.6102599
AZ-2012-8369487,01/02/2012,Imogen Symon,Fiumicino,Italy,South,Consumer,06/02/2012,Economy,Lazio,12.2397117,41.7735409
AZ-2012-8352768,02/02/2012,Hayden Perkins,Munich,Germany,Central,Consumer,06/02/2012,Economy,Bavaria,11.5819806,48.1351253
AZ-2012-1485221,02/02/2012,Elijah Sodeman,Saint-Priest,France,Central,Consumer,06/02/2012,Economy,Auvergne-Rhône-Alpes,4.947071,45.698938
AZ-2012-47402,03/02/2012,Julian Mack,Leipzig,Germany,Central,Consumer,07/02/2012,Economy,Saxony,12.3730747,51.3396955
AZ-2012-5499753,03/02/2012,George To Rot,Agen,France,Central,Corporate,07/02/2012,Economy,Aquitaine-Limousin-Poitou-Charentes,0.616363,44.203142
BN-2012-7203367,04/02/2012,Rory Martindale,Naples,Italy,South,Consumer,06/02/2012,Economy Plus,Campania,14.2681244,40.8517746
AZ-2012-5036790,06/02/2012,Tyson Hanna,Ferrara,Italy,South,Consumer,10/02/2012,Economy,Emilia-Romagna,11.619787,44.8381237
AZ-2012-1951858,06/02/2012,Isabelle Norton,Vigo,Spain,South,Consumer,08/02/2012,Economy Plus,Galicia,-8.7207268,42.2405989
AZ-2012-400830,07/02/2012,Bonnie Wilson,Graz,Austria,Central,Corporate,11/02/2012,Economy,Styria,15.439504,47.070714
AZ-2012-9721463,07/02/2012,Cooper Burn,Edinburgh,United Kingdom,North,Consumer,11/02/2012,Economy,Scotland,-3.188267,55.953252
AZ-2012-2440609,07/02/2012,Leroy Dudley,Paris,France,Central,Consumer,11/02/2012,Economy,Ile-de-France,2.3522219,48.856614
AZ-2012-581418,08/02/2012,Harry Josephson,Argenteuil,France,Central,Consumer,13/02/2012,Economy,Ile-de-France,2.2466847,48.9472096
AZ-2012-9607544,09/02/2012,Claire Harrington,Castres,France,Central,Home Office,13/02/2012,Economy,Languedoc-Roussillon-Midi-Pyrénées,2.241295,43.606214
AZ-2012-5924516,09/02/2012,Eric Anderson,Runcorn,United Kingdom,North,Home Office,13/02/2012,Economy,England,-2.729673,53.342078
AZ-2012-3958452,09/02/2012,Kimberly Jones,Aschaffenburg,Germany,Central,Corporate,13/02/2012,Economy,Bavaria,9.1355554,49.9806625
AZ-2012-7471811,10/02/2012,Debbie Fisk,Sandnes,Norway,North,Corporate,12/02/2012,Economy Plus,Rogaland,5.7329455,58.8532585
BN-2012-6903920,11/02/2012,Michael Kim,Arnsberg,Germany,Central,Consumer,16/02/2012,Economy Plus,North Rhine-Westphalia,8.052771,51.4073375
AZ-2012-962050,13/02/2012,Angie Massengill,Quimper,France,Central,Consumer,16/02/2012,Priority,Brittany,-4.097899,47.997542
AZ-2012-367312,14/02/2012,Louise Winter,Mulhouse,France,Central,Corporate,18/02/2012,Economy,Alsace-Champagne-Ardenne-Lorraine,7.335888,47.750839
AZ-2012-6012259,14/02/2012,Sarah Smorgon,London,United Kingdom,North,Consumer,19/02/2012,Economy Plus,England,-0.1277583,51.5073509
AZ-2012-3052535,15/02/2012,Rory Gunson,Hinckley,United Kingdom,North,Consumer,17/02/2012,Economy Plus,England,-1.37667,52.5454549
AZ-2012-6913156,15/02/2012,Kayla Tearle,Genoa,Italy,South,Corporate,17/02/2012,Economy Plus,Liguria,8.946256,44.4056499
BN-2012-8548299,15/02/2012,Faith Greenwood,Randers,Denmark,North,Consumer,17/02/2012,Economy Plus,Central Jutland,10.036539,56.460584
AZ-2012-3239486,18/02/2012,Georgina Garner,Nice,France,Central,Consumer,22/02/2012,Economy,Provence-Alpes-Côte d'Azur,7.2619532,43.7101728
BN-2012-8351740,18/02/2012,Georgia Arundale,Perugia,Italy,South,Corporate,22/02/2012,Economy Plus,Umbria,12.3908279,43.1107168
BN-2012-5489653,18/02/2012,Steven Prince,Madrid,Spain,South,Home Office,22/02/2012,Economy,Madrid,-3.7037902,40.4167754
AZ-2012-87081,20/02/2012,Harvey Daniels,Le Havre,France,Central,Consumer,23/02/2012,Economy Plus,Normandy,0.107929,49.49437
AZ-2012-202734,21/02/2012,Walter Aguilar,Drancy,France,Central,Consumer,28/02/2012,Economy,Ile-de-France,2.445676,48.924298
AZ-2012-8583605,22/02/2012,Maria Kennedy,Coventry,United Kingdom,North,Consumer,26/02/2012,Economy,England,-1.519693,52.406822
AZ-2012-9588828,22/02/2012,Alta Nokes,Carlisle,United Kingdom,North,Home Office,27/02/2012,Economy,England,-2.932931,54.892473
BN-2012-5523368,22/02/2012,Joshua Andrews,Sassari,Italy,South,Home Office,28/02/2012,Economy,Sardinia,8.5556826,40.7259269
AZ-2012-6191258,23/02/2012,Charlie Power,Cambridge,United Kingdom,North,Home Office,26/02/2012,Priority,England,0.121817,52.205337
AZ-2012-1392278,23/02/2012,Molly De Mole,Gloucester,United Kingdom,North,Corporate,29/02/2012,Economy,England,-2.238156,51.8642449
AZ-2012-4085046,27/02/2012,Angus Fryar,Busto Arsizio,Italy,South,Consumer,03/03/2012,Economy,Lombardy,8.8531265,45.611892
AZ-2012-7920968,28/02/2012,Lara Stoate,Portsmouth,United Kingdom,North,Corporate,03/03/2012,Economy,England,-1.0879769,50.8197675
AZ-2012-1000632,28/02/2012,Michael Myers,Munich,Germany,Central,Home Office,03/03/2012,Economy,Bavaria,11.5819806,48.1351253
BN-2012-1679258,28/02/2012,Eve Bates,Chartres,France,Central,Consumer,03/03/2012,Economy,Centre-Val de Loire,1.489012,48.443854
AZ-2012-5846737,29/02/2012,Maya Summers,Cologne,Germany,Central,Home Office,06/03/2012,Economy,North Rhine-Westphalia,6.9602786,50.937531
AZ-2012-9858311,01/03/2012,Ella Knopwood,Bremen,Germany,Central,Consumer,05/03/2012,Economy,Bremen,8.8016937,53.0792962
AZ-2012-3590299,02/03/2012,Lamar Lockhart,Puertollano,Spain,South,Consumer,04/03/2012,Priority,Castile-La Mancha,-4.1078877,38.6884458
AZ-2012-9094578,02/03/2012,Rory Chambers,Birmingham,United Kingdom,North,Consumer,07/03/2012,Economy,England,-1.890401,52.486243
AZ-2012-6214308,02/03/2012,Jennifer Douglas,Karlsruhe,Germany,Central,Corporate,04/03/2012,Economy Plus,Baden-Württemberg,8.4036527,49.0068901
AZ-2012-4178346,02/03/2012,Jessica Paramor,Nice,France,Central,Corporate,07/03/2012,Economy Plus,Provence-Alpes-Côte d'Azur,7.2619532,43.7101728
AZ-2012-3398854,03/03/2012,Phoebe Moore,Oslo,Norway,North,Corporate,09/03/2012,Economy,Oslo,10.7522454,59.9138688
AZ-2012-3654996,05/03/2012,Owen Howell,Runcorn,United Kingdom,North,Home Office,09/03/2012,Economy,England,-2.729673,53.342078
AZ-2012-1128813,05/03/2012,Hayden Perkins,Vanves,France,Central,Consumer,09/03/2012,Economy Plus,Ile-de-France,2.288405,48.822484
BN-2012-8185079,05/03/2012,Robert Zapata,Dundee,United Kingdom,North,Consumer,10/03/2012,Economy,Scotland,-2.970721,56.462018
AZ-2012-302148,06/03/2012,William Jolly,Sheffield,United Kingdom,North,Consumer,08/03/2012,Economy Plus,England,-1.470085,53.381129
BN-2012-9003210,06/03/2012,Jade Howe,Odivelas,Portugal,South,Corporate,11/03/2012,Economy Plus,Lisboa,-9.18518,38.795369
BN-2012-9267764,06/03/2012,Karla Dunkley,Rotterdam,Netherlands,Central,Consumer,08/03/2012,Priority,South Holland,4.4777325,51.9244201
AZ-2012-852937,07/03/2012,Eve Bates,Vienna,Austria,Central,Consumer,09/03/2012,Economy Plus,Vienna,16.3738189,48.2081743
AZ-2012-3385502,07/03/2012,Lorri Stratton,Nanterre,France,Central,Consumer,12/03/2012,Economy,Ile-de-France,2.215331,48.892423
AZ-2012-7806048,07/03/2012,Ngoc Orozco,Kingswood,United Kingdom,North,Home Office,12/03/2012,Economy Plus,England,-2.368647,51.626435
AZ-2012-9114156,07/03/2012,Angus De Groot,Orihuela,Spain,South,Corporate,10/03/2012,Priority,Valenciana,-0.9480051,38.0855528
BN-2012-8981515,07/03/2012,Jade Howe,Apeldoorn,Netherlands,Central,Corporate,13/03/2012,Economy,Gelderland,5.9699231,52.211157
BN-2012-3923455,07/03/2012,Corey Browne,Meyzieu,France,Central,Consumer,11/03/2012,Economy,Auvergne-Rhône-Alpes,5.003658,45.766821
AZ-2012-4659299,08/03/2012,Don Willie,Wolfsburg,Germany,Central,Corporate,12/03/2012,Economy,Lower Saxony,10.7865461,52.4226503
AZ-2012-3931920,09/03/2012,Dominic Jordan,Turku,Finland,North,Consumer,16/03/2012,Economy,Finland Proper,22.2666303,60.4518126
AZ-2012-1089029,09/03/2012,Phoebe Lindsay,Barry,United Kingdom,North,Consumer,12/03/2012,Economy Plus,Wales,-3.2825859,51.3997529
BN-2012-1777533,09/03/2012,Morgan Anderson,Rome,Italy,South,Corporate,11/03/2012,Economy Plus,Lazio,12.4963655,41.9027835
AZ-2012-9056595,12/03/2012,Aaron Bootman,Viersen,Germany,Central,Consumer,18/03/2012,Economy,North Rhine-Westphalia,6.3965235,51.2554987
BN-2012-1467003,13/03/2012,Samuel Hardey,Tarbes,France,Central,Home Office,18/03/2012,Economy,Languedoc-Roussillon-Midi-Pyrénées,0.078082,43.232951
BN-2012-7268418,13/03/2012,Kyle Nash,Weimar,Germany,Central,Consumer,15/03/2012,Priority,Thuringia,11.3235439,50.9794934
BN-2012-2195674,13/03/2012,Benjamin Lee,Outreau,France,Central,Corporate,15/03/2012,Economy Plus,Nord-Pas-de-Calais-Picardie,1.59255,50.706513
BN-2012-9784298,13/03/2012,Angus Blacklock,Chartres,France,Central,Home Office,20/03/2012,Economy,Centre-Val de Loire,1.489012,48.443854
AZ-2012-2636461,14/03/2012,Nicole Howard,Ponferrada,Spain,South,Consumer,14/03/2012,Immediate,Castile and León,-6.598259,42.5499958
BN-2012-6527572,14/03/2012,Michael Watkins,Gallarate,Italy,South,Home Office,15/03/2012,Priority,Lombardy,8.7921269,45.6623632
BN-2012-2935339,14/03/2012,Donna Farr,Eindhoven,Netherlands,Central,Consumer,17/03/2012,Priority,North Brabant,5.4697225,51.441642
AZ-2012-6572855,15/03/2012,Koby Tompson,Dorsten,Germany,Central,Consumer,20/03/2012,Economy,North Rhine-Westphalia,6.9642606,51.6559681
AZ-2012-4505130,15/03/2012,Rita McCann,Gateshead,United Kingdom,North,Consumer,22/03/2012,Economy,England,-1.603411,54.95268
BN-2012-5238794,15/03/2012,Bettie Lang,Tilburg,Netherlands,Central,Consumer,19/03/2012,Economy,North Brabant,5.0919143,51.560596
BN-2012-8607495,15/03/2012,Joe Gilbert,Almelo,Netherlands,Central,Home Office,17/03/2012,Economy Plus,Overijssel,6.6684919,52.3670267
BN-2012-2497362,15/03/2012,Jade Daniels,Aberdeen,United Kingdom,North,Corporate,16/03/2012,Priority,Scotland,-2.094278,57.149717
AZ-2012-2801511,16/03/2012,Chloe O'Dea,London,United Kingdom,North,Consumer,16/03/2012,Immediate,England,-0.1277583,51.5073509
BN-2012-5227523,16/03/2012,Alexandra Whitehouse,Gothenburg,Sweden,North,Consumer,23/03/2012,Economy,Västra Götaland,11.97456,57.70887
BN-2012-3566851,16/03/2012,Anthony Stewart,Malakoff,France,Central,Home Office,21/03/2012,Economy,Ile-de-France,2.2977599,48.817275
AZ-2012-9020905,17/03/2012,Craig Rayner,Duisburg,Germany,Central,Consumer,21/03/2012,Economy,North Rhine-Westphalia,6.7623293,51.4344079
AZ-2012-2130534,17/03/2012,Rita McCann,Espoo,Finland,North,Consumer,22/03/2012,Economy Plus,Uusimaa,24.6559001,60.2054911
AZ-2012-4991226,17/03/2012,Isabelle Vaughan,London,United Kingdom,North,Consumer,21/03/2012,Economy Plus,England,-0.1277583,51.5073509
AZ-2012-3746179,19/03/2012,Mark Westfall,Roubaix,France,Central,Consumer,23/03/2012,Economy Plus,Nord-Pas-de-Calais-Picardie,3.177847,50.6927049
AZ-2012-3042149,19/03/2012,Jacob Carter,Conflans-Sainte-Honorine,France,Central,Consumer,24/03/2012,Economy,Ile-de-France,2.09178,49.000275
AZ-2012-4954045,19/03/2012,Lily Skurrie,Wiesbaden,Germany,Central,Corporate,20/03/2012,Priority,Hesse,8.2397608,50.0782184
AZ-2012-8629398,19/03/2012,Nathan Iqbal,Bradford,United Kingdom,North,Consumer,21/03/2012,Priority,England,-1.759398,53.795984
AZ-2012-2214403,19/03/2012,Rachel Norton,Euskirchen,Germany,Central,Corporate,19/03/2012,Immediate,North Rhine-Westphalia,6.7899945,50.6574392
BN-2012-831365,19/03/2012,Everett Dunbar,Rome,Italy,South,Corporate,24/03/2012,Economy,Lazio,12.4963655,41.9027835
AZ-2012-5854289,20/03/2012,Terence Welch,Corbeil-Essonnes,France,Central,Consumer,23/03/2012,Priority,Ile-de-France,2.474805,48.6102599
AZ-2012-808163,20/03/2012,Aaron Bootman,Southend-on-Sea,United Kingdom,North,Consumer,20/03/2012,Immediate,England,0.7077123,51.5459269
AZ-2012-3333420,20/03/2012,Hollie Morris,Poole,United Kingdom,North,Corporate,25/03/2012,Economy Plus,England,-1.987248,50.71505
AZ-2012-4148308,21/03/2012,Skye Hammond,Cagliari,Italy,South,Corporate,25/03/2012,Economy,Sardinia,9.1216613,39.2238411
AZ-2012-6445968,22/03/2012,Lincoln Want,Utrecht,Netherlands,Central,Consumer,26/03/2012,Economy,Utrecht,5.1214201,52.0907374
AZ-2012-207540,22/03/2012,Hayley Swanston,Cardiff,United Kingdom,North,Home Office,25/03/2012,Economy Plus,Wales,-3.17909,51.481581
AZ-2012-764953,22/03/2012,William Somerville,Bochum,Germany,Central,Corporate,22/03/2012,Immediate,North Rhine-Westphalia,7.2162363,51.4818445
BN-2012-1069240,22/03/2012,Mason Adams,Nuremberg,Germany,Central,Consumer,26/03/2012,Economy,Bavaria,11.0796553,49.4254092
AZ-2012-3743850,23/03/2012,Anthony Stewart,Molina de Segura,Spain,South,Home Office,26/03/2012,Economy Plus,Murcia,-1.2073261,38.051681
AZ-2012-2419609,23/03/2012,Skye Hammond,Bielefeld,Germany,Central,Corporate,28/03/2012,Economy,North Rhine-Westphalia,8.5324708,52.0302285
BN-2012-5986859,23/03/2012,Aidan Hayward,Jena,Germany,Central,Corporate,25/03/2012,Economy Plus,Thuringia,11.5892372,50.927054
AZ-2012-7351228,24/03/2012,Liam Newton,Reggio nell'Emilia,Italy,South,Corporate,26/03/2012,Economy Plus,Emilia-Romagna,10.6296859,44.6989932
AZ-2012-6449044,24/03/2012,Mackenzie Whitford,Montreuil,France,Central,Consumer,29/03/2012,Economy Plus,Ile-de-France,2.448451,48.863812
AZ-2012-6077999,26/03/2012,Peggy Hua,Benidorm,Spain,South,Corporate,29/03/2012,Priority,Valenciana,-0.1224937,38.5410566
AZ-2012-3389949,26/03/2012,Rory Gunson,Hasselt,Belgium,Central,Consumer,26/03/2012,Immediate,Limburg,5.33248,50.93069
AZ-2012-1576083,26/03/2012,Hubert Lindahl,Mauguio,France,Central,Corporate,29/03/2012,Priority,Languedoc-Roussillon-Midi-Pyrénées,4.010165,43.6154409
AZ-2012-3635892,26/03/2012,Donna Nash,Rotherham,United Kingdom,North,Corporate,01/04/2012,Economy,England,-1.3635009,53.4326035
AZ-2012-5741069,27/03/2012,Kian Sykes,West Bromwich,United Kingdom,North,Consumer,29/03/2012,Economy Plus,England,-1.995159,52.517664
AZ-2012-741020,27/03/2012,Isabel Turnbull,Annecy,France,Central,Home Office,01/04/2012,Economy Plus,Auvergne-Rhône-Alpes,6.129384,45.899247
AZ-2012-4310145,27/03/2012,Owen Faulkner,Vienna,Austria,Central,Home Office,27/03/2012,Immediate,Vienna,16.3738189,48.2081743
AZ-2012-4627785,28/03/2012,Eve Spencer,Montesson,France,Central,Consumer,30/03/2012,Economy Plus,Ile-de-France,2.149777,48.908587
AZ-2012-8667424,29/03/2012,James Casados,Toulouse,France,Central,Consumer,30/03/2012,Priority,Languedoc-Roussillon-Midi-Pyrénées,1.444209,43.604652
BN-2012-9894081,29/03/2012,Ben Summerville,Limoges,France,Central,Consumer,02/04/2012,Economy,Aquitaine-Limousin-Poitou-Charentes,1.261105,45.833619
AZ-2012-3629477,30/03/2012,George To Rot,Valladolid,Spain,South,Corporate,03/04/2012,Economy,Castile and León,-4.7245321,41.652251
BN-2012-8610295,30/03/2012,Ashton Charles,Norderstedt,Germany,Central,Consumer,04/04/2012,Economy Plus,Schleswig-Holstein,10.0008798,53.6993066
AZ-2012-2537589,31/03/2012,Timothy Jimenez,Florence,Italy,South,Consumer,05/04/2012,Economy,Tuscany,11.2558136,43.7695604
AZ-2012-9411069,31/03/2012,Caitlin Schmidt,Erftstadt,Germany,Central,Corporate,05/04/2012,Economy,North Rhine-Westphalia,6.7774607,50.7948075
AZ-2012-3323986,02/04/2012,Ellie Chapman,Munich,Germany,Central,Home Office,05/04/2012,Priority,Bavaria,11.5819806,48.1351253
AZ-2012-9649659,02/04/2012,William Somerville,Ipswich,United Kingdom,North,Corporate,08/04/2012,Economy,England,1.14822,52.056736
AZ-2012-2278867,03/04/2012,Juan Smith,Ghent,Belgium,Central,Consumer,07/04/2012,Economy,East Flanders,3.7174243,51.0543422
AZ-2012-4568768,03/04/2012,Ewan Hyde,Cesena,Italy,South,Consumer,09/04/2012,Economy,Emilia-Romagna,12.2464292,44.1396438
AZ-2012-1332956,03/04/2012,Leah Derham,Vienna,Austria,Central,Consumer,05/04/2012,Priority,Vienna,16.3738189,48.2081743
AZ-2012-3450092,04/04/2012,Xavier Synan,Venice,Italy,South,Consumer,09/04/2012,Economy,Veneto,12.3155151,45.4408474
AZ-2012-6468483,04/04/2012,Charles Carey,Marano di Napoli,Italy,South,Consumer,04/04/2012,Immediate,Campania,14.1916736,40.8899594
AZ-2012-5131347,05/04/2012,Ben Hogben,Hanover,Germany,Central,Corporate,05/04/2012,Immediate,Lower Saxony,9.7320104,52.3758916
AZ-2012-1904492,06/04/2012,Michelle Barrett,Saint-Michel-sur-Orge,France,Central,Consumer,10/04/2012,Economy,Ile-de-France,2.312884,48.63264
AZ-2012-7659518,06/04/2012,Ashton Charles,Munich,Germany,Central,Consumer,13/04/2012,Economy,Bavaria,11.5819806,48.1351253
BN-2012-7168057,06/04/2012,Eden Kern,Dundee,United Kingdom,North,Consumer,10/04/2012,Economy,Scotland,-2.970721,56.462018
AZ-2012-4182934,07/04/2012,Faith Chambers,Oxford,United Kingdom,North,Consumer,11/04/2012,Economy,England,-1.2577263,51.7520209
AZ-2012-9921309,09/04/2012,Leo Bannister,Berlin,Germany,Central,Home Office,15/04/2012,Economy,Berlin,13.404954,52.5200066
AZ-2012-4512200,09/04/2012,Leroy Dudley,Milan,Italy,South,Consumer,13/04/2012,Economy,Lombardy,9.1859243,45.4654219
AZ-2012-327072,09/04/2012,Blake Lymburner,Frederiksberg,Denmark,North,Consumer,13/04/2012,Economy,Hovedstaden,12.513321,55.677069
AZ-2012-6113257,10/04/2012,Kerry Dorsey,Augsburg,Germany,Central,Consumer,16/04/2012,Economy,Bavaria,10.89779,48.3705449
AZ-2012-8035281,10/04/2012,Julian Mack,Dormagen,Germany,Central,Consumer,10/04/2012,Immediate,North Rhine-Westphalia,6.8289112,51.0936851
AZ-2012-8589004,10/04/2012,Lisa Watkins,Parla,Spain,South,Consumer,12/04/2012,Economy Plus,Madrid,-3.768906,40.232367
BN-2012-8726185,10/04/2012,David Lowe,Capelle aan den IJssel,Netherlands,Central,Consumer,14/04/2012,Economy,South Holland,4.5777053,51.9301505
AZ-2012-7832440,11/04/2012,Georgina Storey,Vienna,Austria,Central,Consumer,15/04/2012,Economy,Vienna,16.3738189,48.2081743
BN-2012-1276704,12/04/2012,Dominic Scott,Berlin,Germany,Central,Consumer,17/04/2012,Economy,Berlin,13.404954,52.5200066
AZ-2012-3002893,13/04/2012,Maya Pamphlett,Lons-le-Saunier,France,Central,Consumer,17/04/2012,Economy,Bourgogne-Franche-Comté,5.550796,46.671361
BN-2012-8433873,13/04/2012,Sebastian McClelland,Schiedam,Netherlands,Central,Consumer,16/04/2012,Economy Plus,South Holland,4.3988186,51.9169599
BN-2012-3872886,13/04/2012,Lauren Knight,Colmar,France,Central,Consumer,18/04/2012,Economy Plus,Alsace-Champagne-Ardenne-Lorraine,7.358512,48.0793589
AZ-2012-8885396,14/04/2012,Leslie Wilson,Glasgow,United Kingdom,North,Consumer,19/04/2012,Economy,Scotland,-4.251806,55.864237
AZ-2012-2306577,16/04/2012,Harrison Cooke,Langenhagen,Germany,Central,Consumer,21/04/2012,Economy,Lower Saxony,9.7443992,52.4528001
BN-2012-7786585,16/04/2012,Luther King,Erfurt,Germany,Central,Consumer,21/04/2012,Economy,Thuringia,11.0298799,50.9847679
BN-2012-2380849,16/04/2012,Gracie Hicks,Copenhagen,Denmark,North,Consumer,20/04/2012,Economy,Hovedstaden,12.5683371,55.6760968
AZ-2012-2465302,17/04/2012,Jasmine Hanson,Hamburg,Germany,Central,Consumer,21/04/2012,Economy,Hamburg,9.9936818,53.5510846
AZ-2012-5629458,19/04/2012,Eva Arnold,Foggia,Italy,South,Consumer,24/04/2012,Economy Plus,Apulia,15.5446302,41.4621984
AZ-2012-3819043,19/04/2012,Harry Josephson,Hasselt,Belgium,Central,Consumer,22/04/2012,Economy Plus,Limburg,5.33248,50.93069
AZ-2012-270116,20/04/2012,Geraldine Mizelle,Lugo,Spain,South,Corporate,26/04/2012,Economy,Galicia,-7.5567582,43.0097384
AZ-2012-7552000,20/04/2012,Rachel Morton,Barcelona,Spain,South,Corporate,23/04/2012,Priority,Catalonia,2.1734035,41.3850639
AZ-2012-6231501,20/04/2012,Tahlia Coughlan,Turin,Italy,South,Corporate,22/04/2012,Economy Plus,Piedmont,7.6868565,45.070312
AZ-2012-6401675,22/04/2012,Indiana Wekey,Berlin,Germany,Central,Corporate,26/04/2012,Economy,Berlin,13.404954,52.5200066
BN-2012-1206037,22/04/2012,Nicholas Watkins,Sheffield,United Kingdom,North,Consumer,27/04/2012,Economy,England,-1.470085,53.381129
AZ-2012-375859,23/04/2012,Dominic Scott,London,United Kingdom,North,Consumer,27/04/2012,Economy,England,-0.1277583,51.5073509
AZ-2012-656965,23/04/2012,Lisa Casey,Draguignan,France,Central,Corporate,27/04/2012,Economy,Provence-Alpes-Côte d'Azur,6.464993,43.5377269
AZ-2012-3048240,23/04/2012,Gemma Curlewis,Vienna,Austria,Central,Corporate,27/04/2012,Economy,Vienna,16.3738189,48.2081743
AZ-2012-5629716,24/04/2012,Caitlin Schmidt,Sheffield,United Kingdom,North,Corporate,29/04/2012,Economy,England,-1.470085,53.381129
AZ-2012-3206190,24/04/2012,Jade Hawkins,Kotka,Finland,North,Consumer,28/04/2012,Economy,Kymenlaakso,26.9459403,60.4665666
AZ-2012-8556389,24/04/2012,Sharon Kerley,Leipzig,Germany,Central,Consumer,29/04/2012,Economy,Saxony,12.3730747,51.3396955
BN-2012-5184619,25/04/2012,Jordan Peacock,Nacka,Sweden,North,Corporate,27/04/2012,Economy Plus,Stockholm,18.156042,59.307903
AZ-2012-7805058,26/04/2012,Corey Norton,Moers,Germany,Central,Consumer,30/04/2012,Economy,North Rhine-Westphalia,6.6408148,51.4516041
AZ-2012-184298,26/04/2012,Ali Mander-Jones,Vienna,Austria,Central,Home Office,29/04/2012,Priority,Vienna,16.3738189,48.2081743
BN-2012-2790989,26/04/2012,Kieran Herbert,Leeuwarden,Netherlands,Central,Consumer,01/05/2012,Economy Plus,Friesland,5.7999133,53.2012334
AZ-2012-6973714,27/04/2012,Kevin Madigan,Chelles,France,Central,Consumer,01/05/2012,Economy,Ile-de-France,2.59016,48.877535
AZ-2012-6683296,27/04/2012,Ruby Patel,Hanover,Germany,Central,Home Office,28/04/2012,Priority,Lower Saxony,9.7320104,52.3758916
AZ-2012-7350513,27/04/2012,Sophia Owen,Huddersfield,United Kingdom,North,Corporate,02/05/2012,Economy,England,-1.785035,53.645792
AZ-2012-4224779,27/04/2012,Maya Pamphlett,Barcelona,Spain,South,Consumer,02/05/2012,Economy,Catalonia,2.1734035,41.3850639
AZ-2012-8039360,27/04/2012,Matthew Gill,Vienna,Austria,Central,Home Office,04/05/2012,Economy,Vienna,16.3738189,48.2081743
BN-2012-6754964,27/04/2012,Mike Obrien,Chemnitz,Germany,Central,Consumer,02/05/2012,Economy,Saxony,12.9213697,50.827845
AZ-2012-9817190,28/04/2012,Keith Martinez,Vienna,Austria,Central,Consumer,04/05/2012,Economy,Vienna,16.3738189,48.2081743
BN-2012-9955525,28/04/2012,Lara Giles,Winterthur,Switzerland,Central,Consumer,04/05/2012,Economy,Zürich,8.7236889,47.4988196
AZ-2012-2854166,30/04/2012,Ashton Foley,Oberhausen,Germany,Central,Consumer,05/05/2012,Economy,North Rhine-Westphalia,6.8637765,51.4963341
AZ-2012-3833359,01/05/2012,David To,Karlsruhe,Germany,Central,Home Office,04/05/2012,Economy Plus,Baden-Württemberg,8.4036527,49.0068901
AZ-2012-325160,01/05/2012,Craig Rayner,Weimar,Germany,Central,Consumer,05/05/2012,Economy,Thuringia,11.3235439,50.9794934
BN-2012-8415709,01/05/2012,Maddison Newman,Birmingham,United Kingdom,North,Corporate,04/05/2012,Priority,England,-1.890401,52.486243
AZ-2012-907711,03/05/2012,Anna Kelly,Huddinge,Sweden,North,Corporate,05/05/2012,Economy Plus,Stockholm,17.9821561,59.23633
AZ-2012-8367812,08/05/2012,Eden Gooseberry,Glasgow,United Kingdom,North,Corporate,13/05/2012,Economy Plus,Scotland,-4.251806,55.864237
BN-2012-5608207,08/05/2012,Gilbert Montgomery,Guimarães,Portugal,South,Consumer,14/05/2012,Economy,Braga,-8.2917857,41.44253
AZ-2012-8884167,09/05/2012,Angie Massengill,Tremblay-en-France,France,Central,Consumer,09/05/2012,Immediate,Ile-de-France,2.557211,48.979952
AZ-2012-2675559,09/05/2012,Kristen Holland,La Teste-de-Buch,France,Central,Consumer,13/05/2012,Economy,Aquitaine-Limousin-Poitou-Charentes,-1.148224,44.631077
BN-2012-9606343,09/05/2012,Alice Black,Amsterdam,Netherlands,Central,Home Office,11/05/2012,Economy Plus,North Holland,4.8951679,52.3702157
AZ-2012-9764957,11/05/2012,Abbie Perry,Hamburg,Germany,Central,Consumer,15/05/2012,Economy,Hamburg,9.9936818,53.5510846
AZ-2012-5631186,11/05/2012,Darcy St George,Velletri,Italy,South,Corporate,15/05/2012,Economy,Lazio,12.7785347,41.6868422
AZ-2012-4923020,11/05/2012,Ewan O'Neill,Las Rozas de Madrid,Spain,South,Corporate,16/05/2012,Economy Plus,Madrid,-3.8757916,40.4935329
AZ-2012-2417161,12/05/2012,Nate Dacey,Las Rozas de Madrid,Spain,South,Consumer,14/05/2012,Priority,Madrid,-3.8757916,40.4935329
AZ-2012-4158616,13/05/2012,Lori Miller,Manchester,United Kingdom,North,Consumer,20/05/2012,Economy,England,-2.2426305,53.4807593
AZ-2012-4736205,14/05/2012,Lilian Macredie,Langen,Germany,Central,Corporate,18/05/2012,Economy,Hesse,8.6634007,49.9914663
AZ-2012-2884340,14/05/2012,Lori Miller,Cremona,Italy,South,Consumer,17/05/2012,Priority,Lombardy,10.0226511,45.133249
AZ-2012-7790652,14/05/2012,Ali Jerger,Rugby,United Kingdom,North,Corporate,20/05/2012,Economy,England,-1.265032,52.370878
AZ-2012-9538044,15/05/2012,Charlie Horrocks,Walsall,United Kingdom,North,Consumer,21/05/2012,Economy,England,-1.982919,52.586214
AZ-2012-2921507,15/05/2012,Millie Franklin,Milan,Italy,South,Consumer,20/05/2012,Economy Plus,Lombardy,9.1859243,45.4654219
AZ-2012-799342,15/05/2012,Keith Martinez,Narbonne,France,Central,Consumer,19/05/2012,Economy Plus,Languedoc-Roussillon-Midi-Pyrénées,3.003078,43.184277
BN-2012-8539408,15/05/2012,Adam Gibbs,Tours,France,Central,Corporate,22/05/2012,Economy,Centre-Val de Loire,0.68484,47.394144
AZ-2012-6569540,16/05/2012,Janet Broussard,Parla,Spain,South,Consumer,21/05/2012,Economy,Madrid,-3.768906,40.232367
AZ-2012-6620882,16/05/2012,Victoria Bell,Nottingham,United Kingdom,North,Home Office,18/05/2012,Priority,England,-1.1581086,52.9547832
AZ-2012-9487652,17/05/2012,Harry Nelson,Barcelona,Spain,South,Consumer,21/05/2012,Economy,Catalonia,2.1734035,41.3850639
AZ-2012-9364026,17/05/2012,Jacob Varley,Villemomble,France,Central,Corporate,22/05/2012,Economy,Ile-de-France,2.505069,48.886727
AZ-2012-5310150,18/05/2012,Sienna Williamson,Espoo,Finland,North,Corporate,22/05/2012,Economy Plus,Uusimaa,24.6559001,60.2054911
AZ-2012-8617894,18/05/2012,Charlotte Savage,Irun,Spain,South,Consumer,18/05/2012,Immediate,Basque Country,-1.7888495,43.3381465
BN-2012-3780400,18/05/2012,Maynard Moorman,Madrid,Spain,South,Consumer,24/05/2012,Economy,Madrid,-3.7037902,40.4167754
AZ-2012-4689385,21/05/2012,Scarlett Pollard,Espoo,Finland,North,Corporate,25/05/2012,Economy,Uusimaa,24.6559001,60.2054911
AZ-2012-50424,21/05/2012,Evie Flockhart,Burgos,Spain,South,Consumer,25/05/2012,Economy Plus,Castile and León,-3.696906,42.3439925
AZ-2012-3965327,21/05/2012,Sherron Henegar,Harlow,United Kingdom,North,Consumer,28/05/2012,Economy,England,0.087806,51.767787
AZ-2012-3446417,21/05/2012,Courtney Hancock,Fareham,United Kingdom,North,Consumer,21/05/2012,Immediate,England,-1.1865868,50.8548464
AZ-2012-8512121,21/05/2012,Charlie Power,Cercola,Italy,South,Home Office,25/05/2012,Economy,Campania,14.3537878,40.8575784
BN-2012-1800160,21/05/2012,Jessica Paramor,Palermo,Italy,South,Corporate,25/05/2012,Economy,Sicily,13.3612671,38.1156879
AZ-2012-9982238,22/05/2012,Aidan Hayward,Mantes-la-Jolie,France,Central,Corporate,24/05/2012,Economy Plus,Ile-de-France,1.714958,48.989323
AZ-2012-358335,22/05/2012,Elise Ali,Vicenza,Italy,South,Home Office,22/05/2012,Immediate,Veneto,11.5354214,45.5454787
AZ-2012-9503430,22/05/2012,Aidan Hayward,London,United Kingdom,North,Corporate,27/05/2012,Economy Plus,England,-0.1277583,51.5073509
AZ-2012-2712293,23/05/2012,Maynard Moorman,Turin,Italy,South,Consumer,28/05/2012,Economy,Piedmont,7.6868565,45.070312
AZ-2012-2293554,24/05/2012,Lewis Greenwood,Coventry,United Kingdom,North,Consumer,30/05/2012,Economy,England,-1.519693,52.406822
BN-2012-716723,24/05/2012,Julie Ochoa,Soissons,France,Central,Corporate,29/05/2012,Economy,Nord-Pas-de-Calais-Picardie,3.32342,49.376636
AZ-2012-1979551,25/05/2012,Jodie Mellor,Pulheim,Germany,Central,Consumer,29/05/2012,Economy,North Rhine-Westphalia,6.8076853,50.9995815
AZ-2012-7998703,25/05/2012,Lauren Saunders,Alicante,Spain,South,Consumer,26/05/2012,Priority,Valenciana,-0.4906855,38.3459963
AZ-2012-2580887,26/05/2012,Molly Palmer,Drancy,France,Central,Corporate,31/05/2012,Economy Plus,Ile-de-France,2.445676,48.924298
AZ-2012-4640221,28/05/2012,Zachary Disher,Barletta,Italy,South,Consumer,31/05/2012,Priority,Apulia,16.2838207,41.3196635
AZ-2012-2449827,29/05/2012,Walter Coley,San Fernando,Spain,South,Consumer,02/06/2012,Economy,Andalusía,-6.1965948,36.4718646
AZ-2012-5752966,29/05/2012,Harrison Cooke,Luton,United Kingdom,North,Consumer,29/05/2012,Immediate,England,-0.4200255,51.8786707
BN-2012-7258485,30/05/2012,Harry Nelson,Schiedam,Netherlands,Central,Consumer,01/06/2012,Priority,South Holland,4.3988186,51.9169599
AZ-2012-9615606,31/05/2012,Joan Douglas,Imola,Italy,South,Corporate,02/06/2012,Economy Plus,Emilia-Romagna,11.7124294,44.3599996
AZ-2012-9385706,31/05/2012,Xavier Burford,Rotherham,United Kingdom,North,Corporate,06/06/2012,Economy,England,-1.3635009,53.4326035
AZ-2012-3506713,31/05/2012,Gregory Rodriguez,Herne,Germany,Central,Corporate,02/06/2012,Economy Plus,North Rhine-Westphalia,7.2009147,51.5368948
BN-2012-1349610,31/05/2012,David To,Hanover,Germany,Central,Home Office,02/06/2012,Economy Plus,Lower Saxony,9.7320104,52.3758916
AZ-2012-6550286,01/06/2012,Jeffrey Laird,Avignon,France,Central,Corporate,06/06/2012,Economy,Provence-Alpes-Côte d'Azur,4.805528,43.949317
AZ-2012-2445606,01/06/2012,Sophie Franklin,Brest,France,Central,Corporate,07/06/2012,Economy,Brittany,-4.486076,48.390394
AZ-2012-5106565,01/06/2012,Rhonda Ford,Dresden,Germany,Central,Consumer,03/06/2012,Economy Plus,Saxony,13.7372621,51.0504088
AZ-2012-3249580,01/06/2012,Sarah Cross,Hamburg,Germany,Central,Consumer,06/06/2012,Economy Plus,Hamburg,9.9936818,53.5510846
AZ-2012-8028235,01/06/2012,Daniel Howells,Plymouth,United Kingdom,North,Corporate,05/06/2012,Economy,England,-4.1426565,50.3754565
AZ-2012-9291301,01/06/2012,Sophie Franklin,Basel,Switzerland,Central,Corporate,03/06/2012,Economy Plus,Basel-Stadt,7.5885761,47.5595986
AZ-2012-5539179,02/06/2012,Hollie Norris,Angers,France,Central,Consumer,06/06/2012,Economy,Pays de la Loire,-0.563166,47.478419
AZ-2012-3380048,02/06/2012,Bianca Whitford,Clamart,France,Central,Corporate,08/06/2012,Economy,Ile-de-France,2.257289,48.799815
AZ-2012-3229399,02/06/2012,Zona Meyer,Oldenburg,Germany,Central,Corporate,06/06/2012,Economy,Lower Saxony,8.2145521,53.1434501
AZ-2012-9884785,04/06/2012,Jason Roger,Grigny,France,Central,Corporate,08/06/2012,Economy,Ile-de-France,2.385166,48.656473
AZ-2012-8456579,04/06/2012,Gerald Booth,Tours,France,Central,Consumer,08/06/2012,Economy,Centre-Val de Loire,0.68484,47.394144
AZ-2012-8884633,04/06/2012,Lester Wimmer,Newcastle upon Tyne,United Kingdom,North,Consumer,08/06/2012,Economy,England,-1.61778,54.978252
AZ-2012-768602,05/06/2012,Joan Douglas,Nancy,France,Central,Corporate,11/06/2012,Economy,Alsace-Champagne-Ardenne-Lorraine,6.184417,48.692054
AZ-2012-5575176,06/06/2012,Georgina Arnold,Bologna,Italy,South,Corporate,11/06/2012,Economy,Emilia-Romagna,11.3426163,44.494887
AZ-2012-7477983,06/06/2012,Aaron Davey,Palaiseau,France,Central,Consumer,10/06/2012,Economy,Ile-de-France,2.245748,48.714509
AZ-2012-4828217,06/06/2012,Ebony Northcott,Heidelberg,Germany,Central,Consumer,11/06/2012,Economy,Baden-Württemberg,8.6724335,49.3987524
AZ-2012-6744680,06/06/2012,Alexandra Macdonald,Guyancourt,France,Central,Corporate,11/06/2012,Economy Plus,Ile-de-France,2.075323,48.762895
AZ-2012-5610095,06/06/2012,Claudia Poore,Berlin,Germany,Central,Corporate,11/06/2012,Economy Plus,Berlin,13.404954,52.5200066
AZ-2012-2860153,07/06/2012,Aidan Hayward,Munich,Germany,Central,Corporate,08/06/2012,Priority,Bavaria,11.5819806,48.1351253
AZ-2012-6992927,07/06/2012,Ruby Frost,West Bromwich,United Kingdom,North,Home Office,09/06/2012,Priority,England,-1.995159,52.517664
AZ-2012-1968371,08/06/2012,Kian Pollard,Widnes,United Kingdom,North,Consumer,13/06/2012,Economy Plus,England,-2.733637,53.361024
AZ-2012-51069,08/06/2012,Max Ronald,Bonneuil-sur-Marne,France,Central,Corporate,13/06/2012,Economy,Ile-de-France,2.487765,48.774755
AZ-2012-385874,08/06/2012,Lewis Greenwood,Mont-Saint-Aignan,France,Central,Consumer,13/06/2012,Economy,Normandy,1.079798,49.459778
BN-2012-6756198,08/06/2012,Makayla Elphinstone,Turin,Italy,South,Consumer,12/06/2012,Economy,Piedmont,7.6868565,45.070312
AZ-2012-7344517,09/06/2012,Rose Heap,Madrid,Spain,South,Consumer,13/06/2012,Economy,Madrid,-3.7037902,40.4167754
BN-2012-26008,09/06/2012,Mike Obrien,Uppsala,Sweden,North,Consumer,16/06/2012,Economy,Uppsala,17.6389267,59.8585638
AZ-2012-7800585,11/06/2012,Charles Carey,Lyon,France,Central,Consumer,15/06/2012,Economy,Auvergne-Rhône-Alpes,4.835659,45.764043
AZ-2012-7094138,11/06/2012,Daniel Lucas,Marl,Germany,Central,Home Office,15/06/2012,Economy,North Rhine-Westphalia,7.1060218,51.6591234
AZ-2012-5071313,11/06/2012,Corey Browne,Munich,Germany,Central,Consumer,15/06/2012,Economy,Bavaria,11.5819806,48.1351253
AZ-2012-6341558,11/06/2012,Bryce Efird,Vienna,Austria,Central,Corporate,15/06/2012,Economy,Vienna,16.3738189,48.2081743
BN-2012-8691355,11/06/2012,Edward Dolling,Feira,Portugal,South,Consumer,15/06/2012,Economy,Aveiro,-8.555621,40.9281143
BN-2012-6248125,11/06/2012,Aidan Rowe,Rotterdam,Netherlands,Central,Consumer,16/06/2012,Economy,South Holland,4.4777325,51.9244201
BN-2012-4716466,11/06/2012,Robert Barnes,Blackburn,United Kingdom,North,Consumer,16/06/2012,Economy,England,-2.487529,53.748575
AZ-2012-7754388,12/06/2012,Mark Briggs,Munster,Germany,Central,Consumer,16/06/2012,Economy,Lower Saxony,7.6261347,51.9606649
BN-2012-3975378,12/06/2012,Bryce Efird,Reggio nell'Emilia,Italy,South,Corporate,16/06/2012,Economy,Emilia-Romagna,10.6296859,44.6989932
AZ-2012-1667717,13/06/2012,Alfonso Gomez,San Sebastian,Spain,South,Corporate,15/06/2012,Economy Plus,Basque Country,-1.9812313,43.318334
AZ-2012-8270479,13/06/2012,Jade Daniels,Montpellier,France,Central,Corporate,17/06/2012,Economy,Languedoc-Roussillon-Midi-Pyrénées,3.876716,43.610769
AZ-2012-2145523,14/06/2012,Gary Crume,Bayonne,France,Central,Consumer,20/06/2012,Economy,Aquitaine-Limousin-Poitou-Charentes,-1.474841,43.492949
AZ-2012-5209012,14/06/2012,Samantha Reynell,Massy,France,Central,Home Office,19/06/2012,Economy Plus,Ile-de-France,2.27137,48.730756
AZ-2012-6682844,15/06/2012,Maddison Newman,Aprilia,Italy,South,Corporate,21/06/2012,Economy,Lazio,12.6560314,41.5944018
AZ-2012-4642183,15/06/2012,Ryan Ackland,Paris,France,Central,Consumer,19/06/2012,Economy,Ile-de-France,2.3522219,48.856614
AZ-2012-4858195,15/06/2012,Scarlett Truchanas,Mont-de-Marsan,France,Central,Corporate,15/06/2012,Immediate,Aquitaine-Limousin-Poitou-Charentes,-0.499782,43.893485
BN-2012-9976090,15/06/2012,Viola Watson,Birmingham,United Kingdom,North,Consumer,19/06/2012,Economy,England,-1.890401,52.486243
BN-2012-834682,15/06/2012,Nelson Olsen,Rotterdam,Netherlands,Central,Home Office,21/06/2012,Economy,South Holland,4.4777325,51.9244201
AZ-2012-5685113,16/06/2012,Thomas Thompson,Brandenburg,Germany,Central,Corporate,19/06/2012,Priority,Brandenburg,12.5316444,52.4125287
AZ-2012-3045764,16/06/2012,Steven Cordoba,Remscheid,Germany,Central,Consumer,20/06/2012,Economy,North Rhine-Westphalia,7.1896962,51.1787418
AZ-2012-252256,16/06/2012,Ginger Owens,Velletri,Italy,South,Consumer,20/06/2012,Economy,Lazio,12.7785347,41.6868422
AZ-2012-2961412,18/06/2012,Libby McDonald,Bradford,United Kingdom,North,Home Office,21/06/2012,Economy Plus,England,-1.759398,53.795984
AZ-2012-534231,18/06/2012,Sharon Kerley,Wolverhampton,United Kingdom,North,Consumer,25/06/2012,Economy,England,-2.12882,52.586973
AZ-2012-564106,18/06/2012,Jose Gullo,Frankfurt,Germany,Central,Consumer,24/06/2012,Economy,Hesse,8.6821267,50.1109221
AZ-2012-2467107,18/06/2012,William Horton,Lens,France,Central,Consumer,20/06/2012,Economy Plus,Nord-Pas-de-Calais-Picardie,2.83183,50.42893
AZ-2012-9269920,19/06/2012,Angus De Groot,Duisburg,Germany,Central,Corporate,23/06/2012,Economy,North Rhine-Westphalia,6.7623293,51.4344079
AZ-2012-5605130,19/06/2012,Holly Noble,Le Bouscat,France,Central,Consumer,19/06/2012,Immediate,Aquitaine-Limousin-Poitou-Charentes,-0.59944,44.865164
AZ-2012-8935419,19/06/2012,Rachel Goddard,Vienna,Austria,Central,Consumer,24/06/2012,Economy,Vienna,16.3738189,48.2081743
AZ-2012-2772170,19/06/2012,Riley Howells,Antwerp,Belgium,Central,Consumer,21/06/2012,Priority,Antwerp,4.4024643,51.2194475
AZ-2012-8267693,19/06/2012,Dominic Jordan,Hamburg,Germany,Central,Consumer,26/06/2012,Economy,Hamburg,9.9936818,53.5510846
AZ-2012-1629233,20/06/2012,Mason Adams,Aubervilliers,France,Central,Consumer,24/06/2012,Economy,Ile-de-France,2.384049,48.912259
AZ-2012-910518,20/06/2012,John Town,Nantes,France,Central,Consumer,24/06/2012,Economy,Pays de la Loire,-1.553621,47.218371
AZ-2012-1680064,20/06/2012,Gail Thompson,Fuengirola,Spain,South,Consumer,25/06/2012,Economy,Andalusía,-4.6249439,36.544148
AZ-2012-19748,20/06/2012,Aidan Hayward,Arras,France,Central,Corporate,22/06/2012,Economy Plus,Nord-Pas-de-Calais-Picardie,2.777535,50.291002
AZ-2012-3239511,20/06/2012,Laura Akhtar,El Escorial,Spain,South,Consumer,25/06/2012,Economy,Madrid,-4.1270438,40.583347
AZ-2012-5227678,20/06/2012,Kyle Beard,Jerez de la Frontera,Spain,South,Consumer,25/06/2012,Economy Plus,Andalusía,-6.1260744,36.6850064
BN-2012-9118529,20/06/2012,Julie Ochoa,Alphen aan den Rijn,Netherlands,Central,Corporate,24/06/2012,Economy,South Holland,4.6688508,52.1276577
AZ-2012-9180842,21/06/2012,Joel Ortega,Vienna,Austria,Central,Corporate,28/06/2012,Economy,Vienna,16.3738189,48.2081743
AZ-2012-1472059,21/06/2012,Amy Pritchard,Kingswood,United Kingdom,North,Consumer,25/06/2012,Economy,England,-2.368647,51.626435
AZ-2012-8926364,21/06/2012,Lilian Macredie,Herne,Germany,Central,Corporate,28/06/2012,Economy,North Rhine-Westphalia,7.2009147,51.5368948
AZ-2012-9662305,21/06/2012,Jonathan Franklin,Torrevieja,Spain,South,Home Office,25/06/2012,Economy,Valenciana,-0.6808233,37.9847003
AZ-2012-1672161,21/06/2012,Leah Derham,Pessac,France,Central,Consumer,25/06/2012,Economy,Aquitaine-Limousin-Poitou-Charentes,-0.630386,44.80583
AZ-2012-1169269,22/06/2012,Ethan Howarth,Duisburg,Germany,Central,Consumer,29/06/2012,Economy,North Rhine-Westphalia,6.7623293,51.4344079
AZ-2012-1714781,22/06/2012,Lilly Le Grand,Villefontaine,France,Central,Home Office,26/06/2012,Economy,Auvergne-Rhône-Alpes,5.150093,45.613538
AZ-2012-9627965,22/06/2012,Norma McCowan,Bottrop,Germany,Central,Consumer,24/06/2012,Economy Plus,North Rhine-Westphalia,6.9446888,51.529086
AZ-2012-5215986,23/06/2012,Dylan Dry,Watford,United Kingdom,North,Consumer,28/06/2012,Economy,England,-0.39032,51.656489
BN-2012-7150629,23/06/2012,Leticia Sorrells,Boulogne-Billancourt,France,Central,Consumer,26/06/2012,Economy Plus,Ile-de-France,2.2399123,48.8396952
AZ-2012-3985988,25/06/2012,Michael Watkins,Pesaro,Italy,South,Home Office,01/07/2012,Economy,Marche,12.9155494,43.9124756
AZ-2012-4114446,25/06/2012,Alfonso Gomez,London,United Kingdom,North,Corporate,01/07/2012,Economy,England,-0.1277583,51.5073509
AZ-2012-9624390,25/06/2012,Kiera Chandler,Wolverhampton,United Kingdom,North,Consumer,02/07/2012,Economy,England,-2.12882,52.586973
AZ-2012-569279,25/06/2012,Freya Daniels,Esbjerg,Denmark,North,Consumer,29/06/2012,Economy,South Denmark,8.459405,55.476466
AZ-2012-9062597,25/06/2012,Liam Mathias,London,United Kingdom,North,Corporate,29/06/2012,Economy,England,-0.1277583,51.5073509
AZ-2012-9805086,25/06/2012,Ethan Barrett,Taunton,United Kingdom,North,Consumer,01/07/2012,Economy,England,-3.106849,51.015344
BN-2012-7249062,25/06/2012,Faith Chambers,Edinburgh,United Kingdom,North,Consumer,27/06/2012,Priority,Scotland,-3.188267,55.953252
AZ-2012-3603258,26/06/2012,Jayden Ali,Villiers-le-Bel,France,Central,Consumer,26/06/2012,Immediate,Ile-de-France,2.387981,49.007379
AZ-2012-5304566,26/06/2012,Laura Akhtar,Ennigerloh,Germany,Central,Consumer,26/06/2012,Immediate,North Rhine-Westphalia,8.0308796,51.8402587
AZ-2012-5992799,26/06/2012,Everett Dunbar,Bremen,Germany,Central,Corporate,01/07/2012,Economy Plus,Bremen,8.8016937,53.0792962
AZ-2012-6372701,27/06/2012,Mary Hough,Aulnay-sous-Bois,France,Central,Home Office,03/07/2012,Economy,Ile-de-France,2.4970711,48.9412151
AZ-2012-8255780,27/06/2012,Harriet Chadwick,Maisons-Alfort,France,Central,Corporate,03/07/2012,Economy,Ile-de-France,2.429443,48.801148
BN-2012-702658,27/06/2012,Eleanor Pollard,Schiedam,Netherlands,Central,Home Office,04/07/2012,Economy,South Holland,4.3988186,51.9169599
AZ-2012-1696586,28/06/2012,Mike Langer,Woking,United Kingdom,North,Corporate,04/07/2012,Economy,England,-0.5600349,51.316774
AZ-2012-7930986,28/06/2012,Chloe Landale,London,United Kingdom,North,Home Office,03/07/2012,Economy,England,-0.1277583,51.5073509
AZ-2012-5235693,28/06/2012,Bailey Morris,Munich,Germany,Central,Consumer,28/06/2012,Immediate,Bavaria,11.5819806,48.1351253
BN-2012-7504566,28/06/2012,Piper Wilder-Neligan,Emmen,Netherlands,Central,Consumer,05/07/2012,Economy,Drenthe,6.8975851,52.7858037
AZ-2012-1999567,29/06/2012,Nathan Allwood,London,United Kingdom,North,Home Office,04/07/2012,Economy Plus,England,-0.1277583,51.5073509
AZ-2012-2500695,29/06/2012,Toby Rowley,Granada,Spain,South,Consumer,03/07/2012,Economy,Andalusía,-3.5985571,37.1773363
AZ-2012-2224198,29/06/2012,Minnie Cash,Gronau,Germany,Central,Corporate,01/07/2012,Priority,North Rhine-Westphalia,7.0289361,52.1841199
AZ-2012-8940474,29/06/2012,Sienna Williamson,Espoo,Finland,North,Corporate,03/07/2012,Economy,Uusimaa,24.6559001,60.2054911
AZ-2012-3373330,29/06/2012,Alex Greenwood,Berlin,Germany,Central,Consumer,04/07/2012,Economy,Berlin,13.404954,52.5200066
BN-2012-8400051,29/06/2012,Kristen Holland,Solna,Sweden,North,Consumer,04/07/2012,Economy,Stockholm,18.0084334,59.3688791
AZ-2012-4709370,30/06/2012,Kian Sykes,Pomezia,Italy,South,Consumer,04/07/2012,Economy,Lazio,12.5023439,41.6693373
BN-2012-7073852,30/06/2012,Richard Poole,Madrid,Spain,South,Home Office,30/06/2012,Immediate,Madrid,-3.7037902,40.4167754
AZ-2012-1418024,01/07/2012,Tricia Bustamante,Edinburgh,United Kingdom,North,Corporate,06/07/2012,Economy,Scotland,-3.188267,55.953252
AZ-2012-219498,02/07/2012,Mackenzie Whitford,Offenbach,Germany,Central,Consumer,08/07/2012,Economy,Hesse,8.7760843,50.0956362
AZ-2012-364031,03/07/2012,Tom Charlton,Torrevieja,Spain,South,Corporate,07/07/2012,Economy,Valenciana,-0.6808233,37.9847003
AZ-2012-5139893,03/07/2012,Donna Nash,Montpellier,France,Central,Corporate,07/07/2012,Economy,Languedoc-Roussillon-Midi-Pyrénées,3.876716,43.610769
BN-2012-2362845,03/07/2012,Georgina Fuller,Creil,France,Central,Consumer,06/07/2012,Priority,Nord-Pas-de-Calais-Picardie,2.4783913,49.2576872
AZ-2012-4686001,04/07/2012,Philip Newsom,Berlin,Germany,Central,Corporate,09/07/2012,Economy Plus,Berlin,13.404954,52.5200066
AZ-2012-6962092,04/07/2012,Ryan Price,Ghent,Belgium,Central,Consumer,06/07/2012,Economy Plus,East Flanders,3.7174243,51.0543422
AZ-2012-9208057,04/07/2012,Eve Bates,Birkenhead,United Kingdom,North,Consumer,10/07/2012,Economy,England,-3.023009,53.389991
AZ-2012-2839783,04/07/2012,Daniel Burke,London,United Kingdom,North,Home Office,10/07/2012,Economy,England,-0.1277583,51.5073509
AZ-2012-9551282,05/07/2012,Anna Macdonald,Paderborn,Germany,Central,Consumer,08/07/2012,Priority,North Rhine-Westphalia,8.7575093,51.7189205
AZ-2012-2413231,05/07/2012,Rose Heap,Essen,Germany,Central,Consumer,11/07/2012,Economy,North Rhine-Westphalia,7.0115552,51.4556432
AZ-2012-1028247,06/07/2012,Molly Palmer,Valenciennes,France,Central,Corporate,10/07/2012,Economy,Nord-Pas-de-Calais-Picardie,3.518332,50.357113
AZ-2012-3981098,06/07/2012,Bianca Whitford,Sunderland,United Kingdom,North,Corporate,12/07/2012,Economy,England,-1.383801,54.906869
AZ-2012-3093353,06/07/2012,Minnie Cash,Aix-en-Provence,France,Central,Corporate,10/07/2012,Economy,Provence-Alpes-Côte d'Azur,5.447427,43.529742
AZ-2012-5060433,06/07/2012,Nathan Allwood,Frontignan,France,Central,Home Office,13/07/2012,Economy,Languedoc-Roussillon-Midi-Pyrénées,3.755999,43.444815
AZ-2012-3906554,06/07/2012,Cynthia Zielinski,Paris,France,Central,Home Office,10/07/2012,Economy,Ile-de-France,2.3522219,48.856614
AZ-2012-7806726,06/07/2012,Gregory Rodriguez,Oslo,Norway,North,Corporate,09/07/2012,Economy Plus,Oslo,10.7522454,59.9138688
BN-2012-3187159,10/07/2012,Leroy Samson,Tallaght,Ireland,North,Home Office,15/07/2012,Economy,Dublin,-6.3665881,53.2865903
AZ-2012-2363041,11/07/2012,Patricia Smith,Amersfoort,Netherlands,Central,Corporate,13/07/2012,Priority,Utrecht,5.3878266,52.1561113
AZ-2012-3913480,11/07/2012,William Jolly,Cottbus,Germany,Central,Consumer,17/07/2012,Economy,Brandenburg,14.3328679,51.7563108
AZ-2012-8819621,11/07/2012,Alpha Ross,London,United Kingdom,North,Corporate,14/07/2012,Priority,England,-0.1277583,51.5073509
AZ-2012-9314178,11/07/2012,Darcy St George,Castrop-Rauxel,Germany,Central,Corporate,12/07/2012,Priority,North Rhine-Westphalia,7.3150145,51.5632625
AZ-2012-2425717,12/07/2012,Isabelle Gould,Freiburg,Germany,Central,Consumer,14/07/2012,Priority,Baden-Württemberg,7.8421043,47.9990077
AZ-2012-5117204,13/07/2012,Angus Reading,London,United Kingdom,North,Corporate,17/07/2012,Economy,England,-0.1277583,51.5073509
AZ-2012-5894854,13/07/2012,Jett Osman,Leeds,United Kingdom,North,Home Office,15/07/2012,Economy Plus,England,-1.5490774,53.8007554
AZ-2012-8565263,13/07/2012,Juan Smith,Espoo,Finland,North,Consumer,16/07/2012,Economy Plus,Uusimaa,24.6559001,60.2054911
AZ-2012-6757655,13/07/2012,Makayla Elphinstone,Paris,France,Central,Consumer,13/07/2012,Immediate,Ile-de-France,2.3522219,48.856614
BN-2012-9869476,13/07/2012,Alexis Code,Turin,Italy,South,Corporate,17/07/2012,Economy,Piedmont,7.6868565,45.070312
BN-2012-5777866,13/07/2012,Eva Hargraves,Marignane,France,Central,Consumer,17/07/2012,Economy,Provence-Alpes-Côte d'Azur,5.218332,43.4212739
BN-2012-3858400,13/07/2012,Eden Gooseberry,Birmingham,United Kingdom,North,Corporate,15/07/2012,Economy Plus,England,-1.890401,52.486243
AZ-2012-7448408,14/07/2012,Jacob Varley,Sheffield,United Kingdom,North,Corporate,19/07/2012,Economy,England,-1.470085,53.381129
BN-2012-1757975,14/07/2012,Louis Dominguez,Norderstedt,Germany,Central,Corporate,16/07/2012,Priority,Schleswig-Holstein,10.0008798,53.6993066
BN-2012-2095072,14/07/2012,Jasper Neighbour,Neunkirchen,Germany,Central,Corporate,18/07/2012,Economy,Saarland,7.186363,49.3518048
AZ-2012-3133492,16/07/2012,Jude Leonard,Bourges,France,Central,Consumer,19/07/2012,Priority,Centre-Val de Loire,2.398782,47.081012
AZ-2012-2918666,17/07/2012,Jack Holland,Rome,Italy,South,Consumer,21/07/2012,Economy,Lazio,12.4963655,41.9027835
BN-2012-8357791,17/07/2012,Ruby Nicholls,Cartagena,Spain,South,Corporate,22/07/2012,Economy,Murcia,-0.9965839,37.6256827
AZ-2012-3768744,18/07/2012,Jonathan Bottrill,Sant Boi de Llobregat,Spain,South,Consumer,18/07/2012,Immediate,Catalonia,2.035041,41.3458415
AZ-2012-3505985,18/07/2012,Lamar Lockhart,Berlin,Germany,Central,Consumer,24/07/2012,Economy,Berlin,13.404954,52.5200066
AZ-2012-6233786,20/07/2012,Jade Farmer,Savigny-le-Temple,France,Central,Consumer,26/07/2012,Economy,Ile-de-France,2.580987,48.59586
AZ-2012-9382192,20/07/2012,Toby Starling,Hanover,Germany,Central,Consumer,24/07/2012,Economy Plus,Lower Saxony,9.7320104,52.3758916
BN-2012-4720977,20/07/2012,Max Ronald,Narbonne,France,Central,Corporate,24/07/2012,Economy,Languedoc-Roussillon-Midi-Pyrénées,3.003078,43.184277
AZ-2012-7753558,23/07/2012,John Town,Madrid,Spain,South,Consumer,27/07/2012,Economy,Madrid,-3.7037902,40.4167754
AZ-2012-909274,23/07/2012,Morgan Dodd,Berlin,Germany,Central,Consumer,28/07/2012,Economy,Berlin,13.404954,52.5200066
BN-2012-4476459,23/07/2012,Alex Greenwood,Cerignola,Italy,South,Consumer,30/07/2012,Economy,Apulia,15.8939163,41.2656592
AZ-2012-6544927,24/07/2012,Isabelle Torpy,London,United Kingdom,North,Consumer,28/07/2012,Economy Plus,England,-0.1277583,51.5073509
AZ-2012-5862496,24/07/2012,Zona Meyer,Nice,France,Central,Corporate,31/07/2012,Economy,Provence-Alpes-Côte d'Azur,7.2619532,43.7101728
AZ-2012-1759709,25/07/2012,Maya O'Sullivan,Abbeville,France,Central,Corporate,30/07/2012,Economy,Nord-Pas-de-Calais-Picardie,1.836833,50.105467
AZ-2012-1021775,25/07/2012,Robert Barnes,Sale,United Kingdom,North,Consumer,29/07/2012,Economy,England,-2.323702,53.425561
AZ-2012-7356615,25/07/2012,Noah Hart,London,United Kingdom,North,Consumer,30/07/2012,Economy,England,-0.1277583,51.5073509
BN-2012-8602760,25/07/2012,Mia McLean,Stockholm,Sweden,North,Corporate,30/07/2012,Economy,Stockholm,18.0685808,59.3293235
BN-2012-4363954,26/07/2012,Will Poynton,Eastbourne,United Kingdom,North,Consumer,30/07/2012,Economy Plus,England,0.290472,50.768035
AZ-2012-2411878,27/07/2012,Lillian Davis,Munich,Germany,Central,Consumer,02/08/2012,Economy,Bavaria,11.5819806,48.1351253
AZ-2012-4260894,28/07/2012,Jose Gullo,Modena,Italy,South,Consumer,02/08/2012,Economy,Emilia-Romagna,10.9252269,44.647128
AZ-2012-5470762,28/07/2012,Audrey Emanuel,London,United Kingdom,North,Consumer,01/08/2012,Economy,England,-0.1277583,51.5073509
AZ-2012-2100184,30/07/2012,Louie Knight,Halle,Germany,Central,Consumer,03/08/2012,Economy,North Rhine-Westphalia,11.9688029,51.4969802
AZ-2012-9636405,30/07/2012,Don Willie,Bad Waldsee,Germany,Central,Corporate,04/08/2012,Economy,Baden-Württemberg,9.7532823,47.9226998
BN-2012-4057462,30/07/2012,Maddison Breen,Bielefeld,Germany,Central,Corporate,04/08/2012,Economy,North Rhine-Westphalia,8.5324708,52.0302285
BN-2012-7339265,30/07/2012,Ashton Foley,Dublin,Ireland,North,Consumer,01/08/2012,Economy Plus,Dublin,-6.2603097,53.3498053
AZ-2012-4681403,01/08/2012,Dominic Jordan,Cottbus,Germany,Central,Consumer,05/08/2012,Economy,Brandenburg,14.3328679,51.7563108
AZ-2012-3680090,01/08/2012,Lola Hughes,Milan,Italy,South,Consumer,05/08/2012,Economy,Lombardy,9.1859243,45.4654219
AZ-2012-5345939,01/08/2012,Charlie Smithies,Perpignan,France,Central,Consumer,03/08/2012,Priority,Languedoc-Roussillon-Midi-Pyrénées,2.8948332,42.6886591
AZ-2012-1978129,01/08/2012,Jason Calhoun,Gummersbach,Germany,Central,Consumer,05/08/2012,Economy,North Rhine-Westphalia,7.569283,51.0266668
AZ-2012-250360,01/08/2012,Lara Stoate,West Bromwich,United Kingdom,North,Corporate,06/08/2012,Economy Plus,England,-1.995159,52.517664
AZ-2012-9018898,02/08/2012,Kieran Herbert,Vichy,France,Central,Consumer,06/08/2012,Economy,Auvergne-Rhône-Alpes,3.425488,46.131859
AZ-2012-3087975,02/08/2012,Patricia Smith,Helsingborg,Sweden,North,Corporate,06/08/2012,Economy,Skåne,12.6945121,56.0464674
AZ-2012-5108667,02/08/2012,Holly Black,Pontivy,France,Central,Home Office,07/08/2012,Economy,Brittany,-2.967056,48.066152
AZ-2012-958413,03/08/2012,Tyler Duncan,Karlsruhe,Germany,Central,Home Office,09/08/2012,Economy,Baden-Württemberg,8.4036527,49.0068901
AZ-2012-130560,03/08/2012,Ruby Frost,Bilbao,Spain,South,Home Office,07/08/2012,Economy,Basque Country,-2.9349852,43.2630126
AZ-2012-4818460,03/08/2012,Maddison Breen,Bondy,France,Central,Corporate,08/08/2012,Economy,Ile-de-France,2.481875,48.906008
AZ-2012-4064323,03/08/2012,Charlotte Taylor,Rovigo,Italy,South,Consumer,07/08/2012,Economy,Veneto,11.7902158,45.0698118
AZ-2012-1437670,03/08/2012,Sue Castaneda,Palermo,Italy,South,Home Office,07/08/2012,Economy,Sicily,13.3612671,38.1156879
AZ-2012-6280455,03/08/2012,Rory Jess,Venice,Italy,South,Home Office,05/08/2012,Economy Plus,Veneto,12.3155151,45.4408474
AZ-2012-3477100,03/08/2012,Aaron Davey,Cork,Ireland,North,Consumer,07/08/2012,Economy,Cork,-8.4863157,51.8968917
BN-2012-8901180,03/08/2012,Caitlyn Willoughby,Stockholm,Sweden,North,Home Office,05/08/2012,Economy Plus,Stockholm,18.0685808,59.3293235
AZ-2012-5292659,04/08/2012,Lilly Akhtar,Cuneo,Italy,South,Home Office,07/08/2012,Priority,Piedmont,7.5426711,44.3844766
AZ-2012-8516035,04/08/2012,Adam Harte,Flers,France,Central,Corporate,06/08/2012,Priority,Normandy,-0.575794,48.750059
AZ-2012-3240635,04/08/2012,Henry Pedder,Poole,United Kingdom,North,Consumer,10/08/2012,Economy,England,-1.987248,50.71505
BN-2012-282607,04/08/2012,Patricia Smith,Aulnay-sous-Bois,France,Central,Corporate,10/08/2012,Economy,Ile-de-France,2.4970711,48.9412151
BN-2012-4235969,05/08/2012,Callum Hagai,Emden,Germany,Central,Home Office,11/08/2012,Economy,Lower Saxony,7.2060095,53.3594029
AZ-2012-3458834,06/08/2012,Charles Builder,Brindisi,Italy,South,Consumer,11/08/2012,Economy Plus,Apulia,17.9417616,40.6327278
AZ-2012-6534891,06/08/2012,Evan Allen,Colomiers,France,Central,Corporate,13/08/2012,Economy,Languedoc-Roussillon-Midi-Pyrénées,1.336579,43.612189
AZ-2012-6013472,06/08/2012,Isabella Fowler,Montesson,France,Central,Consumer,11/08/2012,Economy,Ile-de-France,2.149777,48.908587
AZ-2012-1964182,06/08/2012,Tyson Jonathan,Aachen,Germany,Central,Consumer,11/08/2012,Economy,North Rhine-Westphalia,6.0838868,50.7753455
AZ-2012-3604436,06/08/2012,Elisabeth Manson,Annemasse,France,Central,Consumer,10/08/2012,Economy,Auvergne-Rhône-Alpes,6.234158,46.193253
AZ-2012-7560485,06/08/2012,Florence Wark,Rome,Italy,South,Consumer,11/08/2012,Economy,Lazio,12.4963655,41.9027835
BN-2012-3874794,06/08/2012,Isabelle Norton,Enschede,Netherlands,Central,Consumer,08/08/2012,Economy Plus,Overijssel,6.8936619,52.2215372
BN-2012-3544150,06/08/2012,Jamie Le Grand,Granollers,Spain,South,Home Office,07/08/2012,Priority,Catalonia,2.2870889,41.6061927
AZ-2012-3783663,07/08/2012,Ewan Walton,Milan,Italy,South,Consumer,12/08/2012,Economy,Lombardy,9.1859243,45.4654219
AZ-2012-8884308,07/08/2012,Phoebe Lindsay,Chesterfield,United Kingdom,North,Consumer,11/08/2012,Economy,England,-1.421629,53.235048
AZ-2012-6749247,07/08/2012,George Bryan,Lippstadt,Germany,Central,Consumer,09/08/2012,Priority,North Rhine-Westphalia,8.3406481,51.6712278
AZ-2012-7693898,07/08/2012,Michael Halcomb,Nice,France,Central,Corporate,12/08/2012,Economy Plus,Provence-Alpes-Côte d'Azur,7.2619532,43.7101728
BN-2012-7736321,07/08/2012,Nicole Johns,The Hague,Netherlands,Central,Consumer,10/08/2012,Economy Plus,South Holland,4.3006999,52.0704978
AZ-2012-8266486,08/08/2012,Angus Reading,Berlin,Germany,Central,Corporate,12/08/2012,Economy Plus,Berlin,13.404954,52.5200066
AZ-2012-2652453,08/08/2012,Jesse Godson,Taranto,Italy,South,Corporate,10/08/2012,Economy Plus,Apulia,17.2470303,40.4643606
AZ-2012-5450030,08/08/2012,Georgina Fuller,Vienna,Austria,Central,Consumer,12/08/2012,Economy,Vienna,16.3738189,48.2081743
AZ-2012-5646456,09/08/2012,Imogen Symon,Rimini,Italy,South,Consumer,13/08/2012,Economy,Emilia-Romagna,12.5695158,44.0678288
AZ-2012-7045480,09/08/2012,Eloise Sykes,Edinburgh,United Kingdom,North,Consumer,14/08/2012,Economy,Scotland,-3.188267,55.953252
AZ-2012-8524723,09/08/2012,Daniel Lucas,La Teste-de-Buch,France,Central,Home Office,13/08/2012,Economy,Aquitaine-Limousin-Poitou-Charentes,-1.148224,44.631077
AZ-2012-5782432,09/08/2012,Harry Marion,Duisburg,Germany,Central,Consumer,15/08/2012,Economy,North Rhine-Westphalia,6.7623293,51.4344079
AZ-2012-8652338,10/08/2012,Christopher Goold,Mâcon,France,Central,Corporate,14/08/2012,Economy,Bourgogne-Franche-Comté,4.828731,46.3068839
AZ-2012-7235775,10/08/2012,David Harney,Cannes,France,Central,Corporate,12/08/2012,Economy Plus,Provence-Alpes-Côte d'Azur,7.017369,43.552847
AZ-2012-4249351,10/08/2012,Niki Peirce,Sorgues,France,Central,Consumer,14/08/2012,Economy,Provence-Alpes-Côte d'Azur,4.872757,44.008767
AZ-2012-5539647,10/08/2012,Sophia Owen,Bedford,United Kingdom,North,Corporate,14/08/2012,Economy,England,-0.4666546,52.1359729
AZ-2012-943322,10/08/2012,Samuel Thomas,Cologne,Germany,Central,Consumer,12/08/2012,Priority,North Rhine-Westphalia,6.9602786,50.937531
AZ-2012-7429996,10/08/2012,Edward Martinez,Bremen,Germany,Central,Corporate,14/08/2012,Economy,Bremen,8.8016937,53.0792962
AZ-2012-7971631,10/08/2012,Freddie Kaur,Domont,France,Central,Consumer,17/08/2012,Economy,Ile-de-France,2.326213,49.030343
AZ-2012-3365059,11/08/2012,Brian Garcia,Berlin,Germany,Central,Consumer,16/08/2012,Economy,Berlin,13.404954,52.5200066
AZ-2012-2938834,12/08/2012,Gail Thompson,Graz,Austria,Central,Consumer,16/08/2012,Economy Plus,Styria,15.439504,47.070714
AZ-2012-5262260,13/08/2012,Niamh Mann,Millau,France,Central,Consumer,19/08/2012,Economy,Languedoc-Roussillon-Midi-Pyrénées,3.077801,44.100575
AZ-2012-7087308,13/08/2012,Terence Welch,Eastbourne,United Kingdom,North,Consumer,18/08/2012,Economy,England,0.290472,50.768035
AZ-2012-9985308,13/08/2012,Richard Poole,Brive-la-Gaillarde,France,Central,Home Office,19/08/2012,Economy,Aquitaine-Limousin-Poitou-Charentes,1.533937,45.159555
AZ-2012-4853423,13/08/2012,Chloe O'Dea,Douai,France,Central,Consumer,15/08/2012,Priority,Nord-Pas-de-Calais-Picardie,3.080602,50.367874
AZ-2012-4532840,13/08/2012,Jasmine Hanson,Altamura,Italy,South,Consumer,15/08/2012,Priority,Apulia,16.5527874,40.8253924
AZ-2012-1789531,13/08/2012,Robert Quick,London,United Kingdom,North,Consumer,14/08/2012,Priority,England,-0.1277583,51.5073509
AZ-2012-6369944,14/08/2012,Brandon Kirby,Mont-de-Marsan,France,Central,Home Office,17/08/2012,Priority,Aquitaine-Limousin-Poitou-Charentes,-0.499782,43.893485
AZ-2012-6417191,14/08/2012,Ben Summerville,Helsinki,Finland,North,Consumer,19/08/2012,Economy,Uusimaa,24.938379,60.1698557
AZ-2012-7850198,14/08/2012,Faith Greenwood,Lincoln,United Kingdom,North,Consumer,21/08/2012,Economy,England,-0.540579,53.230688
AZ-2012-2970891,14/08/2012,Kai Bolden,Paris,France,Central,Consumer,18/08/2012,Economy,Ile-de-France,2.3522219,48.856614
BN-2012-8662125,14/08/2012,Craig Rayner,Winterthur,Switzerland,Central,Consumer,18/08/2012,Economy,Zürich,8.7236889,47.4988196
BN-2012-8860011,14/08/2012,Sam Rees,Chemnitz,Germany,Central,Home Office,20/08/2012,Economy,Saxony,12.9213697,50.827845
BN-2012-5394527,14/08/2012,Laura Elizabeth,Zurich,Switzerland,Central,Consumer,20/08/2012,Economy,Zürich,8.541694,47.3768866
AZ-2012-8465046,15/08/2012,Andres Woodruff,Zeist,Netherlands,Central,Home Office,19/08/2012,Economy,Utrecht,5.2332526,52.0906015
AZ-2012-7029470,15/08/2012,Elise Godfrey,Marseille,France,Central,Consumer,22/08/2012,Economy,Provence-Alpes-Côte d'Azur,5.36978,43.296482
AZ-2012-7677326,15/08/2012,Spencer Wallis,London,United Kingdom,North,Consumer,19/08/2012,Economy Plus,England,-0.1277583,51.5073509
BN-2012-5195866,15/08/2012,Vaughn Gibbs,Amsterdam,Netherlands,Central,Home Office,18/08/2012,Priority,North Holland,4.8951679,52.3702157
AZ-2012-7523947,16/08/2012,Dominic Elliott,Turku,Finland,North,Consumer,21/08/2012,Economy,Finland Proper,22.2666303,60.4518126
AZ-2012-6921554,16/08/2012,Abigail Humffray,Wolfsburg,Germany,Central,Consumer,21/08/2012,Economy,Lower Saxony,10.7865461,52.4226503
AZ-2012-3490353,16/08/2012,Travis Corchado,Leicester,United Kingdom,North,Corporate,21/08/2012,Economy,England,-1.1397592,52.6368778
BN-2012-3059145,16/08/2012,Archie Springfield,Berlin,Germany,Central,Home Office,22/08/2012,Economy,Berlin,13.404954,52.5200066
AZ-2012-1810265,17/08/2012,Ngoc Orozco,Evreux,France,Central,Home Office,22/08/2012,Economy,Normandy,1.151361,49.0270129
BN-2012-4184699,17/08/2012,Eva Hargraves,Berlin,Germany,Central,Consumer,22/08/2012,Economy,Berlin,13.404954,52.5200066
AZ-2012-951643,18/08/2012,Mary Hough,Landerneau,France,Central,Home Office,20/08/2012,Economy Plus,Brittany,-4.248437,48.450821
AZ-2012-1651078,18/08/2012,Mark Washington,Molina de Segura,Spain,South,Home Office,19/08/2012,Priority,Murcia,-1.2073261,38.051681
AZ-2012-7311439,18/08/2012,Thomas McCallum,Dortmund,Germany,Central,Consumer,22/08/2012,Economy,North Rhine-Westphalia,7.4652981,51.5135872
BN-2012-2820764,18/08/2012,James Groom,Waiblingen,Germany,Central,Corporate,22/08/2012,Economy,Baden-Württemberg,9.3185739,48.8293519
AZ-2012-4813985,20/08/2012,Madison Chadwick,Colchester,United Kingdom,North,Consumer,24/08/2012,Economy,England,0.891874,51.895927
AZ-2012-7461452,20/08/2012,Mariam McMeckan,Prato,Italy,South,Corporate,22/08/2012,Economy Plus,Tuscany,11.102228,43.8777049
AZ-2012-9211043,21/08/2012,Robert Barnes,Kerpen,Germany,Central,Consumer,26/08/2012,Economy,North Rhine-Westphalia,6.6883728,50.8747592
AZ-2012-6992857,21/08/2012,Robert Quick,Lagny-sur-Marne,France,Central,Consumer,24/08/2012,Priority,Ile-de-France,2.713016,48.87296
BN-2012-6348676,21/08/2012,Aaron Bootman,Breda,Netherlands,Central,Consumer,21/08/2012,Immediate,North Brabant,4.768323,51.5719149
BN-2012-5288178,21/08/2012,Anna Moreton,Porto,Portugal,South,Corporate,28/08/2012,Economy,Porto,-8.6291053,41.1579438
BN-2012-8200042,21/08/2012,Sarah Smorgon,Porto,Portugal,South,Consumer,25/08/2012,Economy,Porto,-8.6291053,41.1579438
AZ-2012-7889510,22/08/2012,Thomas Shepherd,Getxo,Spain,South,Corporate,28/08/2012,Economy,Basque Country,-3.0081319,43.3387367
BN-2012-256121,22/08/2012,Anthony Spooner,Berlin,Germany,Central,Corporate,28/08/2012,Economy,Berlin,13.404954,52.5200066
AZ-2012-1384940,23/08/2012,Jay Johnson,Gonesse,France,Central,Consumer,27/08/2012,Economy Plus,Ile-de-France,2.4497721,48.9864632
AZ-2012-874954,23/08/2012,Mackenzie Whitford,Bury,United Kingdom,North,Consumer,27/08/2012,Economy,England,-2.2966054,53.5933498
AZ-2012-1406543,23/08/2012,Edward Martinez,Boulogne-Billancourt,France,Central,Corporate,29/08/2012,Economy,Ile-de-France,2.2399123,48.8396952
AZ-2012-8434539,23/08/2012,Jay Johnson,Livry-Gargan,France,Central,Consumer,27/08/2012,Economy,Ile-de-France,2.536118,48.91923
AZ-2012-2751924,23/08/2012,Judy Rodriquez,Hagen,Germany,Central,Consumer,28/08/2012,Economy Plus,North Rhine-Westphalia,7.4632841,51.3670777
BN-2012-183691,23/08/2012,Kimberly Jones,Toulouse,France,Central,Corporate,25/08/2012,Economy Plus,Languedoc-Roussillon-Midi-Pyrénées,1.444209,43.604652
BN-2012-8414953,23/08/2012,Ella Troy,London,United Kingdom,North,Home Office,29/08/2012,Economy,England,-0.1277583,51.5073509
AZ-2012-7631532,24/08/2012,Adam Walpole,Molina de Segura,Spain,South,Corporate,28/08/2012,Economy,Murcia,-1.2073261,38.051681
AZ-2012-957579,24/08/2012,Angie Massengill,Bochum,Germany,Central,Consumer,29/08/2012,Economy,North Rhine-Westphalia,7.2162363,51.4818445
AZ-2012-1345177,24/08/2012,Dylan Disney,Montargis,France,Central,Home Office,26/08/2012,Economy Plus,Centre-Val de Loire,2.736291,47.99729
AZ-2012-6591683,24/08/2012,Sophie Watson,Reggio nell'Emilia,Italy,South,Corporate,26/08/2012,Economy Plus,Emilia-Romagna,10.6296859,44.6989932
AZ-2012-302918,24/08/2012,Archie Whittaker,Tulle,France,Central,Home Office,26/08/2012,Economy Plus,Aquitaine-Limousin-Poitou-Charentes,1.771697,45.26565
BN-2012-9605116,24/08/2012,Scarlett Pollard,Leeuwarden,Netherlands,Central,Corporate,28/08/2012,Economy,Friesland,5.7999133,53.2012334
BN-2012-7104016,24/08/2012,Daniel Burke,The Hague,Netherlands,Central,Home Office,28/08/2012,Economy,South Holland,4.3006999,52.0704978
BN-2012-5433967,24/08/2012,Holly Noble,Gothenburg,Sweden,North,Consumer,28/08/2012,Economy,Västra Götaland,11.97456,57.70887
AZ-2012-1500509,25/08/2012,Lauren Knight,Marseille,France,Central,Consumer,29/08/2012,Economy,Provence-Alpes-Côte d'Azur,5.36978,43.296482
AZ-2012-6376092,25/08/2012,Chelsea Bannister,Rennes,France,Central,Consumer,29/08/2012,Economy,Brittany,-1.6777926,48.117266
AZ-2012-8368364,27/08/2012,Owen Howell,Valladolid,Spain,South,Home Office,02/09/2012,Economy,Castile and León,-4.7245321,41.652251
AZ-2012-9231454,27/08/2012,Sandra Hooks,Rome,Italy,South,Corporate,28/08/2012,Priority,Lazio,12.4963655,41.9027835
BN-2012-1644074,27/08/2012,Leo Jenkins,Amsterdam,Netherlands,Central,Home Office,31/08/2012,Economy,North Holland,4.8951679,52.3702157
AZ-2012-7674901,28/08/2012,Eloise Sykes,Mitry-Mory,France,Central,Consumer,31/08/2012,Priority,Ile-de-France,2.619156,48.98543
AZ-2012-771628,28/08/2012,Luz Reilly,Perugia,Italy,South,Consumer,01/09/2012,Economy,Umbria,12.3908279,43.1107168
AZ-2012-5907386,29/08/2012,Louie Knight,Mechelen,Belgium,Central,Consumer,05/09/2012,Economy,Antwerp,4.4775362,51.0258761
AZ-2012-451470,29/08/2012,Amy Nixon,Vienna,Austria,Central,Consumer,31/08/2012,Priority,Vienna,16.3738189,48.2081743
AZ-2012-2003221,29/08/2012,Liam Mathias,Duisburg,Germany,Central,Corporate,03/09/2012,Economy,North Rhine-Westphalia,6.7623293,51.4344079
AZ-2012-1537388,29/08/2012,Winnie Moss,Dewsbury,United Kingdom,North,Consumer,04/09/2012,Economy,England,-1.6296949,53.689833
AZ-2012-9501435,29/08/2012,Rita McCann,London,United Kingdom,North,Consumer,30/08/2012,Priority,England,-0.1277583,51.5073509
AZ-2012-9667148,29/08/2012,Eva Sanderson,Capua,Italy,South,Consumer,03/09/2012,Economy,Campania,14.2130486,41.1061258
AZ-2012-1031006,29/08/2012,Kayleigh Farmer,Ulm,Germany,Central,Consumer,03/09/2012,Economy,Baden-Württemberg,9.9876076,48.4010822
BN-2012-9505368,29/08/2012,Katherine Grant,Santander,Spain,South,Consumer,01/09/2012,Priority,Cantabria,-3.8099803,43.4623057
BN-2012-7217893,29/08/2012,Aubrey Shedd,Dublin,Ireland,North,Corporate,03/09/2012,Economy,Dublin,-6.2603097,53.3498053
AZ-2012-73919,30/08/2012,Jonathan Loftus,Aylesbury,United Kingdom,North,Home Office,30/08/2012,Immediate,England,-0.8084,51.815606
AZ-2012-5001546,30/08/2012,Lloyd Barnes,Vienna,Austria,Central,Corporate,01/09/2012,Priority,Vienna,16.3738189,48.2081743
AZ-2012-1722758,30/08/2012,Tahlia Coughlan,Nuremberg,Germany,Central,Corporate,02/09/2012,Economy Plus,Bavaria,11.0796553,49.4254092
AZ-2012-7064171,30/08/2012,Jammie Gibbs,Espoo,Finland,North,Consumer,04/09/2012,Economy Plus,Uusimaa,24.6559001,60.2054911
AZ-2012-2626732,30/08/2012,Ruby Patel,Bottrop,Germany,Central,Home Office,05/09/2012,Economy,North Rhine-Westphalia,6.9446888,51.529086
BN-2012-720460,30/08/2012,Isabelle Vaughan,Le Plessis-Robinson,France,Central,Consumer,02/09/2012,Economy Plus,Ile-de-France,2.266257,48.780426
AZ-2012-2462721,31/08/2012,Evie Rees,Vitry-sur-Seine,France,Central,Consumer,02/09/2012,Economy Plus,Ile-de-France,2.39851,48.792001
AZ-2012-3435538,31/08/2012,Erin Wallis,Saint-Priest,France,Central,Corporate,02/09/2012,Economy Plus,Auvergne-Rhône-Alpes,4.947071,45.698938
AZ-2012-464926,31/08/2012,Aaron Cunningham,Meudon,France,Central,Consumer,03/09/2012,Economy Plus,Ile-de-France,2.23847,48.812995
BN-2012-3388525,31/08/2012,Melissa Bean,Stockholm,Sweden,North,Home Office,04/09/2012,Economy,Stockholm,18.0685808,59.3293235
AZ-2012-2827318,01/09/2012,Lauren Saunders,Cagliari,Italy,South,Consumer,06/09/2012,Economy,Sardinia,9.1216613,39.2238411
AZ-2012-869574,01/09/2012,Spencer Akhtar,Basingstoke,United Kingdom,North,Consumer,08/09/2012,Economy,England,-1.0923964,51.26654
AZ-2012-2513839,01/09/2012,Henry Chandler,Paris,France,Central,Home Office,05/09/2012,Economy Plus,Ile-de-France,2.3522219,48.856614
AZ-2012-6371267,02/09/2012,Charles Carey,Sesto San Giovanni,Italy,South,Consumer,06/09/2012,Economy,Lombardy,9.2256875,45.5328245
AZ-2012-8403206,02/09/2012,Joseph Ford,Montecatini Terme,Italy,South,Corporate,04/09/2012,Priority,Tuscany,10.775436,43.8808472
AZ-2012-7989750,03/09/2012,Philip Newsom,Stuttgart,Germany,Central,Corporate,06/09/2012,Priority,Baden-Württemberg,9.1829321,48.7758459
AZ-2012-9237127,03/09/2012,Dakota Green,Vigo,Spain,South,Consumer,07/09/2012,Economy Plus,Galicia,-8.7207268,42.2405989
AZ-2012-1627785,03/09/2012,Felicia Cooley,Leipzig,Germany,Central,Consumer,09/09/2012,Economy,Saxony,12.3730747,51.3396955
AZ-2012-4411844,03/09/2012,Thomas Thompson,Ghent,Belgium,Central,Corporate,06/09/2012,Priority,East Flanders,3.7174243,51.0543422
BN-2012-9077460,03/09/2012,Erin Gill,London,United Kingdom,North,Home Office,06/09/2012,Priority,England,-0.1277583,51.5073509
BN-2012-9196475,03/09/2012,Dominic Jordan,Amsterdam,Netherlands,Central,Consumer,07/09/2012,Economy,North Holland,4.8951679,52.3702157
AZ-2012-7586944,04/09/2012,Elijah Sodeman,Huelva,Spain,South,Consumer,06/09/2012,Economy Plus,Andalusía,-6.9447224,37.261421
AZ-2012-827677,04/09/2012,Riley Howells,Swindon,United Kingdom,North,Consumer,06/09/2012,Economy Plus,England,-1.7797176,51.5557739
AZ-2012-9800130,04/09/2012,Angie Massengill,Genoa,Italy,South,Consumer,08/09/2012,Economy,Liguria,8.946256,44.4056499
AZ-2012-1648520,04/09/2012,Georgia Blackburn,Genoa,Italy,South,Corporate,06/09/2012,Economy Plus,Liguria,8.946256,44.4056499
AZ-2012-1100963,04/09/2012,Ewan Walton,Vienna,Austria,Central,Consumer,04/09/2012,Immediate,Vienna,16.3738189,48.2081743
BN-2012-3390552,04/09/2012,Minnie Cash,Erfurt,Germany,Central,Corporate,09/09/2012,Economy,Thuringia,11.0298799,50.9847679
AZ-2012-8169593,05/09/2012,Darcy Medley,London,United Kingdom,North,Corporate,06/09/2012,Priority,England,-0.1277583,51.5073509
AZ-2012-1234027,05/09/2012,Kristen Holland,Bordeaux,France,Central,Consumer,08/09/2012,Economy Plus,Aquitaine-Limousin-Poitou-Charentes,-0.57918,44.837789
AZ-2012-1850952,05/09/2012,Frances Matthias,Bagneux,France,Central,Corporate,09/09/2012,Economy,Ile-de-France,2.31002,48.796696
AZ-2012-6068196,05/09/2012,Lily Tyler,Kiel,Germany,Central,Home Office,10/09/2012,Economy,Schleswig-Holstein,10.1227652,54.3232927
BN-2012-4253204,05/09/2012,Naomi Hancock,Lausanne,Switzerland,Central,Corporate,09/09/2012,Economy,Vaud,6.6322734,46.5196535
AZ-2012-4141307,06/09/2012,Mohammed Arnold,Paris,France,Central,Consumer,11/09/2012,Economy,Ile-de-France,2.3522219,48.856614
AZ-2012-8726889,06/09/2012,Eva Arnold,London,United Kingdom,North,Consumer,08/09/2012,Economy Plus,England,-0.1277583,51.5073509
AZ-2012-6617050,06/09/2012,Arnold Jones,Carcassonne,France,Central,Corporate,09/09/2012,Economy Plus,Languedoc-Roussillon-Midi-Pyrénées,2.353663,43.212161
BN-2012-141614,06/09/2012,Demi Hodgson,Gothenburg,Sweden,North,Consumer,10/09/2012,Economy,Västra Götaland,11.97456,57.70887
AZ-2012-2222436,07/09/2012,Spencer Calvert,Gateshead,United Kingdom,North,Corporate,14/09/2012,Economy,England,-1.603411,54.95268
AZ-2012-7237498,07/09/2012,Kimberly Jones,Gillingham,United Kingdom,North,Corporate,12/09/2012,Economy,England,0.551438,51.386322
AZ-2012-6416816,07/09/2012,Patrick Townson,Les Mureaux,France,Central,Home Office,11/09/2012,Economy,Ile-de-France,1.912178,48.990181
AZ-2012-5904307,07/09/2012,Hayley Swanston,Genoa,Italy,South,Home Office,12/09/2012,Economy,Liguria,8.946256,44.4056499
AZ-2012-9669717,07/09/2012,Josh Wilkinson,Schiltigheim,France,Central,Corporate,09/09/2012,Priority,Alsace-Champagne-Ardenne-Lorraine,7.748453,48.605226
AZ-2012-2184754,07/09/2012,Robert James,Günzburg,Germany,Central,Home Office,12/09/2012,Economy,Bavaria,10.2775127,48.4528412
BN-2012-8675695,08/09/2012,Ewan Lee,Unna,Germany,Central,Consumer,12/09/2012,Economy Plus,North Rhine-Westphalia,7.6853114,51.5426349
BN-2012-7755774,09/09/2012,Max Craig,Coudekerque-Branche,France,Central,Corporate,14/09/2012,Economy,Nord-Pas-de-Calais-Picardie,2.397046,51.015681
AZ-2012-9071666,10/09/2012,Ryan Price,Madrid,Spain,South,Consumer,14/09/2012,Economy,Madrid,-3.7037902,40.4167754
AZ-2012-9453588,10/09/2012,Ethan Cover,Munich,Germany,Central,Home Office,17/09/2012,Economy,Bavaria,11.5819806,48.1351253
AZ-2012-4300696,10/09/2012,Kai Leonard,Erlangen,Germany,Central,Corporate,12/09/2012,Economy Plus,Bavaria,11.0119611,49.5896744
AZ-2012-2814232,10/09/2012,Callum Hagai,Caen,France,Central,Home Office,11/09/2012,Priority,Normandy,-0.370679,49.182863
AZ-2012-4005436,10/09/2012,Thomas McCallum,Glasgow,United Kingdom,North,Consumer,15/09/2012,Economy,Scotland,-4.251806,55.864237
BN-2012-1029771,10/09/2012,Lucas Breillat,Deventer,Netherlands,Central,Home Office,14/09/2012,Economy Plus,Overijssel,6.1552165,52.2660751
AZ-2012-7489217,11/09/2012,Edward Martinez,Saint-Nazaire,France,Central,Corporate,16/09/2012,Economy,Pays de la Loire,-2.213848,47.2734979
AZ-2012-3104391,11/09/2012,Thomas McCallum,Leicester,United Kingdom,North,Consumer,15/09/2012,Economy,England,-1.1397592,52.6368778
AZ-2012-873456,12/09/2012,James Fleming,Utrecht,Netherlands,Central,Corporate,14/09/2012,Economy Plus,Utrecht,5.1214201,52.0907374
AZ-2012-171194,12/09/2012,Nathan Noble,Calais,France,Central,Corporate,15/09/2012,Economy Plus,Nord-Pas-de-Calais-Picardie,1.858686,50.95129
AZ-2012-9553455,12/09/2012,Thomas Thompson,Sant Boi de Llobregat,Spain,South,Corporate,17/09/2012,Economy,Catalonia,2.035041,41.3458415
AZ-2012-7671653,12/09/2012,Eve Spencer,Wuppertal,Germany,Central,Consumer,16/09/2012,Economy,North Rhine-Westphalia,7.1507636,51.2562128
BN-2012-1365055,12/09/2012,Richard Harvey,Bari,Italy,South,Corporate,14/09/2012,Economy Plus,Apulia,16.8718715,41.1171432
AZ-2012-2976788,13/09/2012,Ethan Cover,Catania,Italy,South,Home Office,17/09/2012,Economy,Sicily,15.0830304,37.5078772
AZ-2012-4302372,13/09/2012,Adam Harte,Namur,Belgium,Central,Corporate,17/09/2012,Economy,Namur,4.8719854,50.4673883
AZ-2012-7556603,13/09/2012,Donald Pak,Le Mans,France,Central,Corporate,19/09/2012,Economy,Pays de la Loire,0.199556,48.00611
AZ-2012-8910034,13/09/2012,Spencer Oliver,Coventry,United Kingdom,North,Consumer,15/09/2012,Priority,England,-1.519693,52.406822
AZ-2012-3052351,14/09/2012,Laura Akhtar,Sesto San Giovanni,Italy,South,Consumer,18/09/2012,Economy,Lombardy,9.2256875,45.5328245
AZ-2012-4423146,14/09/2012,Kimberly Boyd,Bayreuth,Germany,Central,Corporate,21/09/2012,Economy,Bavaria,11.5713346,49.9456399
AZ-2012-6815344,16/09/2012,Jose Gambino,Rome,Italy,South,Corporate,23/09/2012,Economy,Lazio,12.4963655,41.9027835
AZ-2012-6540731,17/09/2012,Elise Godfrey,Viersen,Germany,Central,Consumer,23/09/2012,Economy,North Rhine-Westphalia,6.3965235,51.2554987
AZ-2012-9049476,17/09/2012,Layla Furnell,Florence,Italy,South,Consumer,19/09/2012,Priority,Tuscany,11.2558136,43.7695604
AZ-2012-4096327,17/09/2012,Tia Metcalfe,Aachen,Germany,Central,Consumer,17/09/2012,Immediate,North Rhine-Westphalia,6.0838868,50.7753455
BN-2012-1840442,17/09/2012,Melissa Bean,Rouen,France,Central,Home Office,17/09/2012,Immediate,Normandy,1.099971,49.443232
BN-2012-2024593,17/09/2012,Esther Henderson,Evry,France,Central,Consumer,22/09/2012,Economy Plus,Ile-de-France,2.441782,48.629828
AZ-2012-1125061,18/09/2012,Jeremy Pilcher,Dortmund,Germany,Central,Corporate,23/09/2012,Economy,North Rhine-Westphalia,7.4652981,51.5135872
AZ-2012-398573,18/09/2012,Thomas Stephens,Swansea,United Kingdom,North,Corporate,25/09/2012,Economy,Wales,-3.943646,51.62144
AZ-2012-561051,19/09/2012,Paige Hopley,Talence,France,Central,Consumer,22/09/2012,Economy Plus,Aquitaine-Limousin-Poitou-Charentes,-0.588054,44.802614
AZ-2012-1264842,19/09/2012,Justin Armit,Margate,United Kingdom,North,Consumer,19/09/2012,Immediate,England,1.3868339,51.389646
AZ-2012-9799805,20/09/2012,Florence Wark,Vantaa,Finland,North,Consumer,25/09/2012,Economy Plus,Uusimaa,25.0377686,60.2933524
AZ-2012-1814143,20/09/2012,Noah Hart,Noisy-le-Sec,France,Central,Consumer,27/09/2012,Economy,Ile-de-France,2.458625,48.892489
AZ-2012-925819,20/09/2012,Walter Coley,London,United Kingdom,North,Consumer,22/09/2012,Economy Plus,England,-0.1277583,51.5073509
AZ-2012-9490476,20/09/2012,Kayleigh Summers,Mantes-la-Jolie,France,Central,Consumer,25/09/2012,Economy,Ile-de-France,1.714958,48.989323
AZ-2012-9427035,20/09/2012,Jade Howe,Bondy,France,Central,Corporate,24/09/2012,Economy,Ile-de-France,2.481875,48.906008
AZ-2012-6079370,20/09/2012,Kayla Tearle,Faches-Thumesnil,France,Central,Corporate,24/09/2012,Economy,Nord-Pas-de-Calais-Picardie,3.06953,50.602642
AZ-2012-1210526,21/09/2012,Aidan Rowe,Palermo,Italy,South,Consumer,26/09/2012,Economy,Sicily,13.3612671,38.1156879
AZ-2012-9160965,21/09/2012,Ethan Howarth,Bochum,Germany,Central,Consumer,24/09/2012,Priority,North Rhine-Westphalia,7.2162363,51.4818445
AZ-2012-7761604,21/09/2012,Leroy Samson,Birmingham,United Kingdom,North,Home Office,25/09/2012,Economy,England,-1.890401,52.486243
AZ-2012-3182076,21/09/2012,Isabelle Torpy,Bergheim,Germany,Central,Consumer,23/09/2012,Economy Plus,North Rhine-Westphalia,6.6555022,50.9451945
AZ-2012-3813896,21/09/2012,Robert Quick,Fontainebleau,France,Central,Consumer,21/09/2012,Immediate,Ile-de-France,2.70162,48.404676
BN-2012-7987412,21/09/2012,Ashley Baldwinson,Birmingham,United Kingdom,North,Corporate,25/09/2012,Economy,England,-1.890401,52.486243
AZ-2012-5610713,22/09/2012,James Groom,Utrecht,Netherlands,Central,Corporate,24/09/2012,Priority,Utrecht,5.1214201,52.0907374
AZ-2012-4161801,22/09/2012,Caleb Kenyon,Birkenhead,United Kingdom,North,Corporate,27/09/2012,Economy,England,-3.023009,53.389991
AZ-2012-4808160,22/09/2012,Ginger Owens,Seville,Spain,South,Consumer,26/09/2012,Economy,Andalusía,-5.9844589,37.3890924
AZ-2012-37215,24/09/2012,Nicole Johns,Berlin,Germany,Central,Consumer,28/09/2012,Economy Plus,Berlin,13.404954,52.5200066
AZ-2012-9304844,24/09/2012,Sandra Cook,Hamme,Belgium,Central,Consumer,29/09/2012,Economy,East Flanders,4.1402689,51.090201
AZ-2012-2227616,24/09/2012,John Harris,Milan,Italy,South,Corporate,28/09/2012,Economy Plus,Lombardy,9.1859243,45.4654219
BN-2012-7240284,24/09/2012,Zoe Lowin,Worms,Germany,Central,Consumer,30/09/2012,Economy,Rhineland-Palatinate,8.3507182,49.6341372
AZ-2012-1949462,25/09/2012,Blake Lymburner,Halle,Germany,Central,Consumer,01/10/2012,Economy,North Rhine-Westphalia,11.9688029,51.4969802
BN-2012-873448,25/09/2012,Isabella Secombe,Stockholm,Sweden,North,Consumer,30/09/2012,Economy,Stockholm,18.0685808,59.3293235
AZ-2012-3772420,26/09/2012,Chelsea Howell,Essen,Germany,Central,Consumer,30/09/2012,Economy,North Rhine-Westphalia,7.0115552,51.4556432
AZ-2012-7250654,26/09/2012,Pearl Summers,Clermont-Ferrand,France,Central,Consumer,28/09/2012,Economy Plus,Auvergne-Rhône-Alpes,3.087025,45.777222
BN-2012-723325,26/09/2012,Madeline Crooks,Rotterdam,Netherlands,Central,Consumer,03/10/2012,Economy,South Holland,4.4777325,51.9244201
AZ-2012-1214247,27/09/2012,Faith Chambers,Chester,United Kingdom,North,Consumer,29/09/2012,Priority,England,-2.893075,53.193392
AZ-2012-7938746,27/09/2012,Leo Jenkins,Pontault-Combault,France,Central,Home Office,03/10/2012,Economy,Ile-de-France,2.607598,48.801255
AZ-2012-1176951,27/09/2012,Donald Molina,Eggenstein-Leopoldshafen,Germany,Central,Home Office,01/10/2012,Economy,Baden-Württemberg,8.3915827,49.0788756
AZ-2012-490653,27/09/2012,Carl Proctor,Grevenbroich,Germany,Central,Consumer,01/10/2012,Economy Plus,North Rhine-Westphalia,6.585863,51.0902094
AZ-2012-3973633,27/09/2012,Lillian Davis,Rome,Italy,South,Consumer,02/10/2012,Economy,Lazio,12.4963655,41.9027835
AZ-2012-982062,28/09/2012,Leah Derham,Vienna,Austria,Central,Consumer,02/10/2012,Economy Plus,Vienna,16.3738189,48.2081743
AZ-2012-9340970,28/09/2012,Mia Pugh,Trieste,Italy,South,Consumer,04/10/2012,Economy,Friuli-Venezia Giulia,13.7768182,45.6495264
AZ-2012-3294671,28/09/2012,Kenneth Gonzales,Paris,France,Central,Consumer,02/10/2012,Economy,Ile-de-France,2.3522219,48.856614
AZ-2012-2050353,28/09/2012,Leroy Dudley,Munich,Germany,Central,Consumer,02/10/2012,Economy,Bavaria,11.5819806,48.1351253
BN-2012-9322615,28/09/2012,William Horton,Neuilly-Plaisance,France,Central,Consumer,28/09/2012,Immediate,Ile-de-France,2.509142,48.865205
BN-2012-8336784,28/09/2012,Lori Miller,Zurich,Switzerland,Central,Consumer,30/09/2012,Priority,Zürich,8.541694,47.3768866
BN-2012-2769143,28/09/2012,Joel McKean,Sittard,Netherlands,Central,Home Office,02/10/2012,Economy,Limburg,5.8864788,51.0006238
BN-2012-1710489,28/09/2012,Samantha Reynell,Spijkenisse,Netherlands,Central,Home Office,30/09/2012,Economy Plus,South Holland,4.2972181,51.8561502
AZ-2012-3601642,29/09/2012,Rebecca Cook,Vienna,Austria,Central,Corporate,04/10/2012,Economy Plus,Vienna,16.3738189,48.2081743
AZ-2012-3486509,29/09/2012,Amelie North,Le Mans,France,Central,Corporate,01/10/2012,Economy Plus,Pays de la Loire,0.199556,48.00611
BN-2012-2590237,29/09/2012,Madison Rowley,Boulogne-Billancourt,France,Central,Consumer,29/09/2012,Immediate,Ile-de-France,2.2399123,48.8396952
AZ-2012-424456,01/10/2012,Chelsea Bannister,Orihuela,Spain,South,Consumer,08/10/2012,Economy,Valenciana,-0.9480051,38.0855528
AZ-2012-1643154,01/10/2012,Philip Newsom,Bordeaux,France,Central,Corporate,07/10/2012,Economy,Aquitaine-Limousin-Poitou-Charentes,-0.57918,44.837789
BN-2012-847015,01/10/2012,Georgina Fuller,Dublin,Ireland,North,Consumer,03/10/2012,Priority,Dublin,-6.2603097,53.3498053
BN-2012-2480947,01/10/2012,Evan Allen,Cagliari,Italy,South,Corporate,05/10/2012,Economy,Sardinia,9.1216613,39.2238411
AZ-2012-7357839,02/10/2012,Julian Corbin,Les Ulis,France,Central,Home Office,07/10/2012,Economy,Ile-de-France,2.16647,48.6792779
BN-2012-2793223,03/10/2012,Jeffrey Laird,Trier,Germany,Central,Corporate,10/10/2012,Economy,Rhineland-Palatinate,6.6371433,49.749992
AZ-2012-2357034,04/10/2012,Evie Morton,Marseille,France,Central,Consumer,10/10/2012,Economy,Provence-Alpes-Côte d'Azur,5.36978,43.296482
AZ-2012-7297045,04/10/2012,Anthony Stewart,Boulogne-Billancourt,France,Central,Home Office,06/10/2012,Economy Plus,Ile-de-France,2.2399123,48.8396952
AZ-2012-1063312,04/10/2012,Audrey Knowles,Paris,France,Central,Consumer,10/10/2012,Economy,Ile-de-France,2.3522219,48.856614
BN-2012-9454335,04/10/2012,Lester Wimmer,Palma de Mallorca,Spain,South,Consumer,04/10/2012,Immediate,Balearic Islands,2.6501603,39.5696005
AZ-2012-629185,05/10/2012,Louise Walsh,Munich,Germany,Central,Consumer,09/10/2012,Economy,Bavaria,11.5819806,48.1351253
BN-2012-3932885,05/10/2012,Gemma Curlewis,Lausanne,Switzerland,Central,Corporate,12/10/2012,Economy,Vaud,6.6322734,46.5196535
BN-2012-8901808,08/10/2012,Spencer Oliver,Birmingham,United Kingdom,North,Consumer,10/10/2012,Economy Plus,England,-1.890401,52.486243
AZ-2012-6007479,09/10/2012,Nicole Howard,Chelmsford,United Kingdom,North,Consumer,11/10/2012,Economy Plus,England,0.4685497,51.7355868
AZ-2012-5171390,10/10/2012,Eloise Mahmood,Ferndown,United Kingdom,North,Corporate,15/10/2012,Economy,England,-1.899776,50.807364
AZ-2012-2450675,10/10/2012,Sam Wood,Bolton,United Kingdom,North,Home Office,17/10/2012,Economy,England,-2.4282192,53.5768647
BN-2012-6728317,10/10/2012,Jason Calhoun,Saint-Cloud,France,Central,Consumer,15/10/2012,Economy,Ile-de-France,2.208115,48.847647
AZ-2012-3337220,11/10/2012,Tahlia Coughlan,Heilbronn,Germany,Central,Corporate,13/10/2012,Priority,Baden-Württemberg,9.210879,49.1426929
AZ-2012-2434811,12/10/2012,Mark Washington,Waiblingen,Germany,Central,Home Office,14/10/2012,Economy Plus,Baden-Württemberg,9.3185739,48.8293519
BN-2012-3254922,13/10/2012,Robert Ramsey,Weimar,Germany,Central,Consumer,17/10/2012,Economy,Thuringia,11.3235439,50.9794934
AZ-2012-3935458,15/10/2012,Jonathan Barbee,Choisy-le-Roi,France,Central,Consumer,20/10/2012,Economy,Ile-de-France,2.4088759,48.762541
AZ-2012-3515644,15/10/2012,Jessica Paramor,Agde,France,Central,Corporate,22/10/2012,Economy,Languedoc-Roussillon-Midi-Pyrénées,3.4768109,43.3088031
AZ-2012-7755633,15/10/2012,Hayden Perkins,Valencia,Spain,South,Consumer,17/10/2012,Priority,Valenciana,-0.3762881,39.4699075
BN-2012-2247108,15/10/2012,Donna Nash,Saint-Louis,France,Central,Corporate,17/10/2012,Economy Plus,Alsace-Champagne-Ardenne-Lorraine,7.563934,47.5859949
BN-2012-4439076,16/10/2012,Alannah Callaway,Como,Italy,South,Consumer,20/10/2012,Economy,Lombardy,9.0851765,45.8080597
AZ-2012-661541,17/10/2012,Kevin O'Neill,Kiel,Germany,Central,Corporate,22/10/2012,Economy,Schleswig-Holstein,10.1227652,54.3232927
AZ-2012-9763714,17/10/2012,Audrey Emanuel,Innsbruck,Austria,Central,Consumer,21/10/2012,Economy,Tyrol,11.4041024,47.2692124
AZ-2012-1383136,17/10/2012,Caitlyn Willoughby,Freiburg,Germany,Central,Home Office,22/10/2012,Economy Plus,Baden-Württemberg,7.8421043,47.9990077
AZ-2012-2040826,17/10/2012,Francesca Bowen,Cagliari,Italy,South,Consumer,21/10/2012,Economy,Sardinia,9.1216613,39.2238411
AZ-2012-1116063,17/10/2012,Kimberly Jones,Hazebrouck,France,Central,Corporate,24/10/2012,Economy,Nord-Pas-de-Calais-Picardie,2.542555,50.72748
BN-2012-6872089,17/10/2012,Isla Vogel,Barcelona,Spain,South,Home Office,21/10/2012,Economy Plus,Catalonia,2.1734035,41.3850639
AZ-2012-6923537,18/10/2012,Jayden Ali,Marseille,France,Central,Consumer,19/10/2012,Immediate,Provence-Alpes-Côte d'Azur,5.36978,43.296482
AZ-2012-3505333,18/10/2012,Lilly Le Grand,Montrouge,France,Central,Home Office,21/10/2012,Priority,Ile-de-France,2.317384,48.816363
BN-2012-8465535,18/10/2012,Evie Newton,Badajoz,Spain,South,Home Office,22/10/2012,Economy,Extremadura,-6.9706535,38.8794495
AZ-2012-3689624,19/10/2012,Owen Howell,Elx,Spain,South,Home Office,21/10/2012,Priority,Valenciana,-0.7125608,38.2699329
AZ-2012-6510788,19/10/2012,Chloe Miller,Madrid,Spain,South,Consumer,21/10/2012,Economy Plus,Madrid,-3.7037902,40.4167754
BN-2012-8886681,20/10/2012,Toby Labilliere,Moncalieri,Italy,South,Consumer,23/10/2012,Economy Plus,Piedmont,7.6802878,44.9983525
AZ-2012-3520474,22/10/2012,Elijah Ruatoka,Northampton,United Kingdom,North,Home Office,26/10/2012,Economy Plus,England,-0.902656,52.240477
AZ-2012-8938202,22/10/2012,Eden Gooseberry,Stockton-on-Tees,United Kingdom,North,Corporate,26/10/2012,Economy,England,-1.3289821,54.5704551
AZ-2012-9396037,22/10/2012,Alexandra Whitehouse,Stavanger,Norway,North,Consumer,26/10/2012,Economy Plus,Rogaland,5.7331073,58.9699756
AZ-2012-1577687,23/10/2012,Aubrey Shedd,Outreau,France,Central,Corporate,28/10/2012,Economy Plus,Nord-Pas-de-Calais-Picardie,1.59255,50.706513
BN-2012-7860696,23/10/2012,Scarlett Truchanas,Echirolles,France,Central,Corporate,27/10/2012,Economy Plus,Auvergne-Rhône-Alpes,5.718034,45.142151
AZ-2012-2424025,24/10/2012,Bethany Hunt,Vittoria,Italy,South,Corporate,26/10/2012,Economy Plus,Sicily,14.5372653,36.9520998
AZ-2012-4874543,24/10/2012,Dominic Joyce,Watford,United Kingdom,North,Corporate,28/10/2012,Economy,England,-0.39032,51.656489
AZ-2012-7520168,24/10/2012,Frances Matthias,Vigo,Spain,South,Corporate,27/10/2012,Priority,Galicia,-8.7207268,42.2405989
AZ-2012-9394311,25/10/2012,Audrey Prentice,Amiens,France,Central,Home Office,25/10/2012,Immediate,Nord-Pas-de-Calais-Picardie,2.295753,49.894067
AZ-2012-7919295,26/10/2012,Ethel Cole,Edinburgh,United Kingdom,North,Home Office,30/10/2012,Economy,Scotland,-3.188267,55.953252
AZ-2012-9601062,26/10/2012,Robert James,Madrid,Spain,South,Home Office,26/10/2012,Immediate,Madrid,-3.7037902,40.4167754
AZ-2012-6343477,27/10/2012,Chelsea Bannister,Naples,Italy,South,Consumer,31/10/2012,Economy,Campania,14.2681244,40.8517746
AZ-2012-2345149,27/10/2012,Georgia Arundale,Acireale,Italy,South,Corporate,27/10/2012,Immediate,Sicily,15.166736,37.607802
AZ-2012-9818400,27/10/2012,Erick Tanner,Bremen,Germany,Central,Corporate,01/11/2012,Economy,Bremen,8.8016937,53.0792962
AZ-2012-4863175,29/10/2012,Judy Rodriquez,Paderborn,Germany,Central,Consumer,04/11/2012,Economy,North Rhine-Westphalia,8.7575093,51.7189205
AZ-2012-3919315,30/10/2012,Dominic Joyce,Dudley,United Kingdom,North,Corporate,03/11/2012,Economy,England,-2.081112,52.512255
AZ-2012-5240819,30/10/2012,Ebony Northcott,Edinburgh,United Kingdom,North,Consumer,01/11/2012,Priority,Scotland,-3.188267,55.953252
AZ-2012-7281587,30/10/2012,Caitlyn Willoughby,Strasbourg,France,Central,Home Office,04/11/2012,Economy,Alsace-Champagne-Ardenne-Lorraine,7.7521113,48.5734053
AZ-2012-1751005,30/10/2012,Britney Basaldua,Mulhouse,France,Central,Corporate,04/11/2012,Economy,Alsace-Champagne-Ardenne-Lorraine,7.335888,47.750839
BN-2012-3616374,30/10/2012,Jake Barry,London,United Kingdom,North,Home Office,05/11/2012,Economy,England,-0.1277583,51.5073509
AZ-2012-2201530,31/10/2012,Samuel Thomas,Villeurbanne,France,Central,Consumer,04/11/2012,Economy,Auvergne-Rhône-Alpes,4.8901709,45.771944
AZ-2012-7606477,31/10/2012,Natasha Sykes,Dortmund,Germany,Central,Consumer,04/11/2012,Economy,North Rhine-Westphalia,7.4652981,51.5135872
AZ-2012-3736709,31/10/2012,Holly Doyle,Sheffield,United Kingdom,North,Consumer,04/11/2012,Economy,England,-1.470085,53.381129
BN-2012-2836237,31/10/2012,Lily Dallachy,San Sebastian,Spain,South,Corporate,05/11/2012,Economy,Basque Country,-1.9812313,43.318334
AZ-2012-1774034,01/11/2012,Sarah Cross,Troisdorf,Germany,Central,Consumer,05/11/2012,Economy,North Rhine-Westphalia,7.1430246,50.8177471
AZ-2012-2742520,01/11/2012,Alexis Code,Stuttgart,Germany,Central,Corporate,07/11/2012,Economy,Baden-Württemberg,9.1829321,48.7758459
AZ-2012-9615628,01/11/2012,Adam Gibbs,Reims,France,Central,Corporate,05/11/2012,Economy,Alsace-Champagne-Ardenne-Lorraine,4.031696,49.258329
AZ-2012-2342130,01/11/2012,Laura Elizabeth,Roubaix,France,Central,Consumer,04/11/2012,Priority,Nord-Pas-de-Calais-Picardie,3.177847,50.6927049
BN-2012-5098114,01/11/2012,Michael Myers,Hilversum,Netherlands,Central,Home Office,07/11/2012,Economy,North Holland,5.1668974,52.2291696
AZ-2012-3621371,02/11/2012,Sofia de Castella,Marseille,France,Central,Consumer,06/11/2012,Economy Plus,Provence-Alpes-Côte d'Azur,5.36978,43.296482
AZ-2012-7003401,02/11/2012,Toby Rowley,Hamburg,Germany,Central,Consumer,07/11/2012,Economy,Hamburg,9.9936818,53.5510846
AZ-2012-5149615,02/11/2012,Desiree Hurt,Vigo,Spain,South,Home Office,08/11/2012,Economy,Galicia,-8.7207268,42.2405989
AZ-2012-9266108,02/11/2012,Archer Hort,Birkenhead,United Kingdom,North,Consumer,06/11/2012,Economy Plus,England,-3.023009,53.389991
BN-2012-9201500,02/11/2012,Michael Halcomb,Clichy,France,Central,Corporate,05/11/2012,Economy Plus,Ile-de-France,2.304768,48.904526
BN-2012-7331747,02/11/2012,Tia Metcalfe,Groningen,Netherlands,Central,Consumer,08/11/2012,Economy,Groningen,6.5665018,53.2193835
AZ-2012-2928633,03/11/2012,Desiree Hurt,Leeds,United Kingdom,North,Home Office,10/11/2012,Economy,England,-1.5490774,53.8007554
BN-2012-6776208,03/11/2012,Matthew Gill,Albertville,France,Central,Home Office,08/11/2012,Economy,Auvergne-Rhône-Alpes,6.392726,45.675535
AZ-2012-8977452,05/11/2012,Thomas Stephens,Saint-Priest,France,Central,Corporate,06/11/2012,Priority,Auvergne-Rhône-Alpes,4.947071,45.698938
AZ-2012-7541592,05/11/2012,Joel Peters,Herten,Germany,Central,Home Office,09/11/2012,Economy,North Rhine-Westphalia,7.1389575,51.6020534
AZ-2012-3319820,05/11/2012,Gerald Galvan,Barcelona,Spain,South,Corporate,09/11/2012,Economy,Catalonia,2.1734035,41.3850639
AZ-2012-6771393,05/11/2012,Maya Pamphlett,Essen,Germany,Central,Consumer,10/11/2012,Economy,North Rhine-Westphalia,7.0115552,51.4556432
AZ-2012-231557,05/11/2012,Georgina Garner,Marseille,France,Central,Consumer,09/11/2012,Economy,Provence-Alpes-Côte d'Azur,5.36978,43.296482
BN-2012-5924250,05/11/2012,Samantha Reynell,Bourgoin-Jallieu,France,Central,Home Office,11/11/2012,Economy,Auvergne-Rhône-Alpes,5.27212,45.597108
BN-2012-1899005,05/11/2012,Eve Spencer,Potenza,Italy,South,Consumer,08/11/2012,Priority,Basilicata,15.8056041,40.6404067
BN-2012-2859284,05/11/2012,Oscar Serena,Lisbon,Portugal,South,Consumer,12/11/2012,Economy,Lisboa,-9.1393366,38.7222524
AZ-2012-2540881,06/11/2012,Jessie White,Imola,Italy,South,Consumer,10/11/2012,Economy,Emilia-Romagna,11.7124294,44.3599996
AZ-2012-3409948,06/11/2012,Faith Chambers,Luton,United Kingdom,North,Consumer,12/11/2012,Economy,England,-0.4200255,51.8786707
AZ-2012-7160748,06/11/2012,Imogen Symon,Bari,Italy,South,Consumer,07/11/2012,Priority,Apulia,16.8718715,41.1171432
AZ-2012-1883755,06/11/2012,Rebecca Cook,Berlin,Germany,Central,Corporate,07/11/2012,Priority,Berlin,13.404954,52.5200066
AZ-2012-331125,07/11/2012,Amber Adams,Vienna,Austria,Central,Corporate,09/11/2012,Economy Plus,Vienna,16.3738189,48.2081743
AZ-2012-4857966,07/11/2012,Freddie Kaur,Graz,Austria,Central,Consumer,11/11/2012,Economy,Styria,15.439504,47.070714
AZ-2012-2823287,07/11/2012,Andy Henderson,Utrecht,Netherlands,Central,Home Office,14/11/2012,Economy,Utrecht,5.1214201,52.0907374
AZ-2012-9614824,08/11/2012,Amanda Hutcherson,Aix-en-Provence,France,Central,Corporate,15/11/2012,Economy,Provence-Alpes-Côte d'Azur,5.447427,43.529742
AZ-2012-1561905,08/11/2012,Jasmine Slater,Friedrichshafen,Germany,Central,Corporate,13/11/2012,Economy,Baden-Württemberg,9.4800113,47.6617648
AZ-2012-3853973,08/11/2012,Nicole Nash,Torre del Greco,Italy,South,Consumer,12/11/2012,Economy,Campania,14.367461,40.7894429
BN-2012-205322,08/11/2012,Rory Martindale,Nanterre,France,Central,Consumer,11/11/2012,Economy Plus,Ile-de-France,2.215331,48.892423
BN-2012-8746032,08/11/2012,Riley Howells,Verdun,France,Central,Consumer,14/11/2012,Economy,Alsace-Champagne-Ardenne-Lorraine,5.3844231,49.1598764
BN-2012-4615996,08/11/2012,Craig Rayner,Birmingham,United Kingdom,North,Consumer,09/11/2012,Priority,England,-1.890401,52.486243
BN-2012-6784776,08/11/2012,Mike Obrien,Zurich,Switzerland,Central,Consumer,15/11/2012,Economy,Zürich,8.541694,47.3768866
AZ-2012-1952755,09/11/2012,Mary Parker,Dortmund,Germany,Central,Corporate,14/11/2012,Economy,North Rhine-Westphalia,7.4652981,51.5135872
AZ-2012-6376256,09/11/2012,Rory Gunson,Huelva,Spain,South,Consumer,14/11/2012,Economy,Andalusía,-6.9447224,37.261421
AZ-2012-2667819,09/11/2012,Ralph Holmes,Taranto,Italy,South,Consumer,13/11/2012,Economy,Apulia,17.2470303,40.4643606
AZ-2012-6580812,10/11/2012,Michael Flores,Caen,France,Central,Corporate,16/11/2012,Economy,Normandy,-0.370679,49.182863
AZ-2012-1381532,10/11/2012,Zachary Warner,Marseille,France,Central,Consumer,12/11/2012,Economy Plus,Provence-Alpes-Côte d'Azur,5.36978,43.296482
AZ-2012-2408041,10/11/2012,Louis Dominguez,Leipzig,Germany,Central,Corporate,16/11/2012,Economy,Saxony,12.3730747,51.3396955
AZ-2012-4238116,10/11/2012,Richard Harvey,Kingswood,United Kingdom,North,Corporate,15/11/2012,Economy,England,-2.368647,51.626435
AZ-2012-8875162,10/11/2012,Lori Miller,Oldham,United Kingdom,North,Consumer,15/11/2012,Economy,England,-2.1113659,53.5409298
AZ-2012-2744098,10/11/2012,Casey Forte,Wattrelos,France,Central,Consumer,14/11/2012,Economy,Nord-Pas-de-Calais-Picardie,3.215007,50.701174
AZ-2012-3581207,10/11/2012,Walter Coley,Barcelona,Spain,South,Consumer,17/11/2012,Economy,Catalonia,2.1734035,41.3850639
AZ-2012-3293299,10/11/2012,Bonnie Wilson,Saint-Denis,France,Central,Corporate,13/11/2012,Priority,Ile-de-France,2.357443,48.936181
AZ-2012-7403782,12/11/2012,Koby Tompson,Madrid,Spain,South,Consumer,16/11/2012,Economy,Madrid,-3.7037902,40.4167754
AZ-2012-6409303,12/11/2012,Britney Basaldua,Liverpool,United Kingdom,North,Corporate,19/11/2012,Economy,England,-2.9915726,53.4083714
AZ-2012-9037690,12/11/2012,Hayley Swanston,Ravenna,Italy,South,Home Office,16/11/2012,Economy,Emilia-Romagna,12.2035294,44.4183598
AZ-2012-5626763,12/11/2012,Leroy Dudley,Sabadell,Spain,South,Consumer,17/11/2012,Economy,Catalonia,2.1086131,41.5462745
BN-2012-9766110,12/11/2012,Richard Poole,Toulouse,France,Central,Home Office,16/11/2012,Economy,Languedoc-Roussillon-Midi-Pyrénées,1.444209,43.604652
AZ-2012-8078342,13/11/2012,Jonathan Franklin,Madrid,Spain,South,Home Office,15/11/2012,Priority,Madrid,-3.7037902,40.4167754
AZ-2012-3630447,13/11/2012,Demi Hodgson,Aachen,Germany,Central,Consumer,14/11/2012,Priority,North Rhine-Westphalia,6.0838868,50.7753455
AZ-2012-9492180,13/11/2012,Madelyn Anderson,Trieste,Italy,South,Corporate,17/11/2012,Economy,Friuli-Venezia Giulia,13.7768182,45.6495264
AZ-2012-1071791,13/11/2012,Kian Sykes,Berlin,Germany,Central,Consumer,17/11/2012,Economy,Berlin,13.404954,52.5200066
AZ-2012-2185703,13/11/2012,Zachary Warner,Ghent,Belgium,Central,Consumer,17/11/2012,Economy,East Flanders,3.7174243,51.0543422
AZ-2012-6827318,13/11/2012,Lilly Le Grand,Espoo,Finland,North,Home Office,16/11/2012,Priority,Uusimaa,24.6559001,60.2054911
AZ-2012-8939164,13/11/2012,Angelina Beeton,Berlin,Germany,Central,Consumer,16/11/2012,Economy Plus,Berlin,13.404954,52.5200066
AZ-2012-4522035,13/11/2012,Louis Dominguez,Irun,Spain,South,Corporate,19/11/2012,Economy,Basque Country,-1.7888495,43.3381465
AZ-2012-9836738,14/11/2012,Kazuko Mason,Madrid,Spain,South,Home Office,14/11/2012,Immediate,Madrid,-3.7037902,40.4167754
AZ-2012-7407421,14/11/2012,Melissa Bean,Turku,Finland,North,Home Office,19/11/2012,Economy Plus,Finland Proper,22.2666303,60.4518126
AZ-2012-664111,14/11/2012,Betty Reynolds,Madrid,Spain,South,Corporate,16/11/2012,Priority,Madrid,-3.7037902,40.4167754
BN-2012-5381064,14/11/2012,Lilly Le Grand,Montmorency,France,Central,Home Office,18/11/2012,Economy,Ile-de-France,2.321878,48.989778
AZ-2012-6596978,15/11/2012,Caitlin Schmidt,Bristol,United Kingdom,North,Corporate,19/11/2012,Economy,England,-2.58791,51.454513
AZ-2012-7198140,15/11/2012,Rachel Norton,Valencia,Spain,South,Corporate,19/11/2012,Economy,Valenciana,-0.3762881,39.4699075
AZ-2012-1988121,15/11/2012,Lucas Northcott,Stoke-on-Trent,United Kingdom,North,Consumer,20/11/2012,Economy Plus,England,-2.179404,53.002668
AZ-2012-7062936,15/11/2012,Amanda Hutcherson,Albacete,Spain,South,Corporate,17/11/2012,Priority,Castile-La Mancha,-1.8585424,38.994349
AZ-2012-3487079,16/11/2012,Owen Howell,Auxerre,France,Central,Home Office,18/11/2012,Economy Plus,Bourgogne-Franche-Comté,3.573781,47.798202
AZ-2012-7273357,16/11/2012,Chelsea Howell,Milan,Italy,South,Consumer,20/11/2012,Economy,Lombardy,9.1859243,45.4654219
AZ-2012-5515601,16/11/2012,Juan Smith,Krefeld,Germany,Central,Consumer,22/11/2012,Economy,North Rhine-Westphalia,6.5853417,51.3387609
AZ-2012-8439638,17/11/2012,Dominic Stephenson,Talavera de la Reina,Spain,South,Home Office,19/11/2012,Economy Plus,Castile-La Mancha,-4.8304536,39.962884
AZ-2012-8903845,17/11/2012,Tyson Brookman,Molina de Segura,Spain,South,Consumer,21/11/2012,Economy,Murcia,-1.2073261,38.051681
BN-2012-7235703,17/11/2012,Maddison Newman,Sheffield,United Kingdom,North,Corporate,19/11/2012,Priority,England,-1.470085,53.381129
BN-2012-7644341,17/11/2012,Angelina Hurst,Bisceglie,Italy,South,Consumer,21/11/2012,Economy,Apulia,16.502065,41.242726
AZ-2012-1821964,19/11/2012,Dominic Stephenson,Edinburgh,United Kingdom,North,Home Office,21/11/2012,Economy Plus,Scotland,-3.188267,55.953252
AZ-2012-517660,19/11/2012,Leah Barrett,Angers,France,Central,Consumer,26/11/2012,Economy,Pays de la Loire,-0.563166,47.478419
AZ-2012-8186221,19/11/2012,Edward Webber,Munich,Germany,Central,Home Office,23/11/2012,Economy,Bavaria,11.5819806,48.1351253
AZ-2012-9672099,19/11/2012,Jasmine Hanson,London,United Kingdom,North,Consumer,21/11/2012,Priority,England,-0.1277583,51.5073509
AZ-2012-7505470,20/11/2012,John Kemp,Northwich,United Kingdom,North,Home Office,21/11/2012,Priority,England,-2.5181321,53.2586803
AZ-2012-1801212,20/11/2012,Mark Westfall,Regensburg,Germany,Central,Consumer,25/11/2012,Economy,Bavaria,12.1016236,49.0134297
AZ-2012-2193596,20/11/2012,Millie Newman,Paris,France,Central,Consumer,24/11/2012,Economy,Ile-de-France,2.3522219,48.856614
AZ-2012-2590055,20/11/2012,Sophie Franklin,Issy-les-Moulineaux,France,Central,Corporate,25/11/2012,Economy,Ile-de-France,2.2743419,48.8245306
BN-2012-2613317,20/11/2012,Kimberly Russo,Zurich,Switzerland,Central,Corporate,22/11/2012,Economy Plus,Zürich,8.541694,47.3768866
BN-2012-8846248,20/11/2012,Alannah Langridge,Gothenburg,Sweden,North,Consumer,24/11/2012,Economy,Västra Götaland,11.97456,57.70887
BN-2012-1453436,20/11/2012,Aidan Hayward,Jena,Germany,Central,Corporate,23/11/2012,Economy Plus,Thuringia,11.5892372,50.927054
AZ-2012-415740,21/11/2012,Mia Pugh,London,United Kingdom,North,Consumer,27/11/2012,Economy,England,-0.1277583,51.5073509
AZ-2012-2676448,21/11/2012,William Martin,Bracknell,United Kingdom,North,Corporate,26/11/2012,Economy,England,-0.75398,51.41604
AZ-2012-8282656,21/11/2012,Georgina Fuller,Nantes,France,Central,Consumer,24/11/2012,Economy Plus,Pays de la Loire,-1.553621,47.218371
BN-2012-4774400,21/11/2012,Noah Chamberlain,Trier,Germany,Central,Consumer,25/11/2012,Economy,Rhineland-Palatinate,6.6371433,49.749992
AZ-2012-4011569,22/11/2012,Zara Money,Pforzheim,Germany,Central,Corporate,27/11/2012,Economy Plus,Baden-Württemberg,8.6946286,48.8921862
AZ-2012-514342,22/11/2012,Owen Howell,Madrid,Spain,South,Home Office,26/11/2012,Economy,Madrid,-3.7037902,40.4167754
AZ-2012-7207292,22/11/2012,Hayden Perkins,York,United Kingdom,North,Consumer,27/11/2012,Economy,England,-1.0872979,53.9599651
AZ-2012-5159296,22/11/2012,Freya Daniels,Rome,Italy,South,Consumer,24/11/2012,Priority,Lazio,12.4963655,41.9027835
AZ-2012-7579239,22/11/2012,Stacy Cummings,Genk,Belgium,Central,Consumer,24/11/2012,Priority,Limburg,5.5021,50.96613
AZ-2012-9886998,23/11/2012,Claudia Poore,Littlehampton,United Kingdom,North,Corporate,27/11/2012,Economy,England,-0.5386609,50.811057
AZ-2012-9482146,23/11/2012,Victoria Burke,Issy-les-Moulineaux,France,Central,Corporate,29/11/2012,Economy,Ile-de-France,2.2743419,48.8245306
AZ-2012-8459851,23/11/2012,Adam Harte,Brest,France,Central,Corporate,26/11/2012,Priority,Brittany,-4.486076,48.390394
AZ-2012-3181523,23/11/2012,Molly Crawford,Vitoria,Spain,South,Corporate,28/11/2012,Economy,Basque Country,-2.6817918,42.8591656
BN-2012-5546436,23/11/2012,Alexandra Whitehouse,Istres,France,Central,Consumer,25/11/2012,Economy Plus,Provence-Alpes-Côte d'Azur,4.987968,43.513006
AZ-2012-6998703,24/11/2012,Tyson Jonathan,Saint-Denis,France,Central,Consumer,28/11/2012,Economy,Ile-de-France,2.357443,48.936181
AZ-2012-7027662,24/11/2012,Debbie Fisk,Pforzheim,Germany,Central,Corporate,29/11/2012,Economy,Baden-Württemberg,8.6946286,48.8921862
AZ-2012-8144166,24/11/2012,Nicholas Carey,El Ejido,Spain,South,Consumer,29/11/2012,Economy,Andalusía,-2.8103551,36.7731148
BN-2012-7559738,25/11/2012,Bryce Efird,Lisbon,Portugal,South,Corporate,01/12/2012,Economy,Lisboa,-9.1393366,38.7222524
AZ-2012-8057187,26/11/2012,Jasper Neighbour,Las Rozas de Madrid,Spain,South,Corporate,28/11/2012,Priority,Madrid,-3.8757916,40.4935329
AZ-2012-1946640,26/11/2012,Robert Quick,El Ejido,Spain,South,Consumer,30/11/2012,Economy,Andalusía,-2.8103551,36.7731148
AZ-2012-649992,26/11/2012,Ethel Cole,Berlin,Germany,Central,Home Office,30/11/2012,Economy,Berlin,13.404954,52.5200066
AZ-2012-8723152,26/11/2012,Jason Calhoun,Berlin,Germany,Central,Consumer,30/11/2012,Economy,Berlin,13.404954,52.5200066
AZ-2012-8733795,27/11/2012,Sophie Watson,London,United Kingdom,North,Corporate,02/12/2012,Economy,England,-0.1277583,51.5073509
AZ-2012-5152907,27/11/2012,Cerys Edwards,Erlangen,Germany,Central,Consumer,03/12/2012,Economy,Bavaria,11.0119611,49.5896744
AZ-2012-5322178,27/11/2012,Declan Dundas,London,United Kingdom,North,Corporate,03/12/2012,Economy,England,-0.1277583,51.5073509
AZ-2012-506999,28/11/2012,Linda Dennis,Turin,Italy,South,Consumer,04/12/2012,Economy,Piedmont,7.6868565,45.070312
AZ-2012-6202346,28/11/2012,Rory Braim,Harrow,United Kingdom,North,Consumer,03/12/2012,Economy,England,-0.341995,51.580559
AZ-2012-3655413,29/11/2012,Abigail Humffray,Bolzano,Italy,South,Consumer,29/11/2012,Immediate,Trentino-Alto Adige,11.3547582,46.4982953
AZ-2012-1291108,29/11/2012,Marcus Leon,Espoo,Finland,North,Corporate,04/12/2012,Economy,Uusimaa,24.6559001,60.2054911
AZ-2012-2904256,29/11/2012,Ralph Holmes,Helsinki,Finland,North,Consumer,03/12/2012,Economy,Uusimaa,24.938379,60.1698557
AZ-2012-8881381,29/11/2012,Alex Greenwood,Ghent,Belgium,Central,Consumer,04/12/2012,Economy,East Flanders,3.7174243,51.0543422
AZ-2012-7965791,29/11/2012,Brandon Preston,Luton,United Kingdom,North,Consumer,03/12/2012,Economy,England,-0.4200255,51.8786707
BN-2012-3586666,29/11/2012,Kian Sykes,Milan,Italy,South,Consumer,01/12/2012,Economy Plus,Lombardy,9.1859243,45.4654219
BN-2012-2217605,29/11/2012,Edward Martinez,Neunkirchen,Germany,Central,Corporate,03/12/2012,Economy,Saarland,7.186363,49.3518048
AZ-2012-9295804,30/11/2012,Archie Whittaker,Livry-Gargan,France,Central,Home Office,05/12/2012,Economy,Ile-de-France,2.536118,48.91923
AZ-2012-4697913,01/12/2012,Lauren Saunders,Saint-Malo,France,Central,Consumer,07/12/2012,Economy,Brittany,-2.025674,48.649337
AZ-2012-9695675,01/12/2012,Lauren Saunders,Toulon,France,Central,Consumer,05/12/2012,Economy,Provence-Alpes-Côte d'Azur,5.928,43.124228
AZ-2012-9714156,01/12/2012,Dakota Green,Edinburgh,United Kingdom,North,Consumer,05/12/2012,Economy,Scotland,-3.188267,55.953252
AZ-2012-4476196,03/12/2012,Samuel Thomas,Latina,Italy,South,Consumer,07/12/2012,Economy,Lazio,12.9035965,41.4675671
AZ-2012-6999743,03/12/2012,Scott Higgins,Vienna,Austria,Central,Home Office,08/12/2012,Economy,Vienna,16.3738189,48.2081743
AZ-2012-4956361,03/12/2012,Makayla Elphinstone,Alfortville,France,Central,Consumer,06/12/2012,Priority,Ile-de-France,2.422317,48.80093
AZ-2012-5156362,03/12/2012,Matilda Jackson,Berlin,Germany,Central,Corporate,08/12/2012,Economy,Berlin,13.404954,52.5200066
AZ-2012-3030732,03/12/2012,Archer Hort,Naples,Italy,South,Consumer,06/12/2012,Economy Plus,Campania,14.2681244,40.8517746
BN-2012-9634659,03/12/2012,Kayleigh Farmer,Trieste,Italy,South,Consumer,05/12/2012,Priority,Friuli-Venezia Giulia,13.7768182,45.6495264
BN-2012-704979,03/12/2012,Melody Nelson,Toulouse,France,Central,Corporate,07/12/2012,Economy,Languedoc-Roussillon-Midi-Pyrénées,1.444209,43.604652
BN-2012-4750589,03/12/2012,Eloise Sykes,Zurich,Switzerland,Central,Consumer,03/12/2012,Immediate,Zürich,8.541694,47.3768866
AZ-2012-7826835,04/12/2012,Jessica Paramor,Watford,United Kingdom,North,Corporate,09/12/2012,Economy Plus,England,-0.39032,51.656489
AZ-2012-3542766,04/12/2012,Alana Zahel,Nantes,France,Central,Consumer,09/12/2012,Economy,Pays de la Loire,-1.553621,47.218371
AZ-2012-4475228,04/12/2012,Leo Bannister,Barcelona,Spain,South,Home Office,10/12/2012,Economy,Catalonia,2.1734035,41.3850639
AZ-2012-4110673,05/12/2012,Jose Gambino,Milan,Italy,South,Corporate,11/12/2012,Economy,Lombardy,9.1859243,45.4654219
AZ-2012-8203288,05/12/2012,Molly Bidmead,Hamburg,Germany,Central,Home Office,08/12/2012,Economy Plus,Hamburg,9.9936818,53.5510846
AZ-2012-5677067,06/12/2012,Angus Blacklock,Antony,France,Central,Home Office,10/12/2012,Economy,Ile-de-France,2.302553,48.759255
AZ-2012-9667872,06/12/2012,Hubert Lindahl,Manchester,United Kingdom,North,Corporate,13/12/2012,Economy,England,-2.2426305,53.4807593
AZ-2012-2492016,06/12/2012,Lara Giles,London,United Kingdom,North,Consumer,11/12/2012,Economy,England,-0.1277583,51.5073509
AZ-2012-6849186,06/12/2012,Gilbert Montgomery,Copenhagen,Denmark,North,Consumer,11/12/2012,Economy,Hovedstaden,12.5683371,55.6760968
AZ-2012-8594420,07/12/2012,Hayley Swanston,Nancy,France,Central,Home Office,11/12/2012,Economy Plus,Alsace-Champagne-Ardenne-Lorraine,6.184417,48.692054
AZ-2012-9568691,07/12/2012,Max Ronald,Angers,France,Central,Corporate,07/12/2012,Immediate,Pays de la Loire,-0.563166,47.478419
AZ-2012-5345819,10/12/2012,Samuel Thomas,Venice,Italy,South,Consumer,17/12/2012,Economy,Veneto,12.3155151,45.4408474
AZ-2012-9695680,10/12/2012,Dakota Green,Eastbourne,United Kingdom,North,Consumer,15/12/2012,Economy,England,0.290472,50.768035
AZ-2012-4295512,10/12/2012,Ryan Price,Albacete,Spain,South,Consumer,12/12/2012,Economy Plus,Castile-La Mancha,-1.8585424,38.994349
BN-2012-5235774,10/12/2012,Adam Walpole,Rhondda,United Kingdom,North,Corporate,14/12/2012,Economy,Wales,-3.505572,51.659545
AZ-2012-1605480,11/12/2012,Spencer Wallis,Munich,Germany,Central,Consumer,12/12/2012,Priority,Bavaria,11.5819806,48.1351253
AZ-2012-9819217,11/12/2012,Eva Hargraves,Viersen,Germany,Central,Consumer,16/12/2012,Economy,North Rhine-Westphalia,6.3965235,51.2554987
AZ-2012-9222896,12/12/2012,Angus De Groot,Paris,France,Central,Corporate,13/12/2012,Priority,Ile-de-France,2.3522219,48.856614
AZ-2012-4561991,12/12/2012,Maya Pamphlett,Marseille,France,Central,Consumer,15/12/2012,Priority,Provence-Alpes-Côte d'Azur,5.36978,43.296482
AZ-2012-1411846,12/12/2012,Mary Parker,Marseille,France,Central,Corporate,14/12/2012,Priority,Provence-Alpes-Côte d'Azur,5.36978,43.296482
AZ-2012-6696550,12/12/2012,Bailey Morris,Hilden,Germany,Central,Consumer,14/12/2012,Priority,North Rhine-Westphalia,6.9352253,51.1678567
BN-2012-4383026,12/12/2012,Eva Hargraves,Hamar,Norway,North,Consumer,16/12/2012,Economy,Hedmark,11.0679977,60.7945331
BN-2012-4385280,12/12/2012,Melissa Bean,Milan,Italy,South,Home Office,16/12/2012,Economy,Lombardy,9.1859243,45.4654219
BN-2012-4936189,12/12/2012,Kazuko Mason,Nacka,Sweden,North,Home Office,15/12/2012,Priority,Stockholm,18.156042,59.307903
AZ-2012-5408714,13/12/2012,Georgina Garner,Essen,Germany,Central,Consumer,20/12/2012,Economy,North Rhine-Westphalia,7.0115552,51.4556432
AZ-2012-9218935,13/12/2012,Lara Giles,Huddersfield,United Kingdom,North,Consumer,17/12/2012,Economy,England,-1.785035,53.645792
AZ-2012-6193162,14/12/2012,Isabella Secombe,Euskirchen,Germany,Central,Consumer,18/12/2012,Economy,North Rhine-Westphalia,6.7899945,50.6574392
AZ-2012-2187904,14/12/2012,Gilbert Montgomery,Grigny,France,Central,Consumer,16/12/2012,Priority,Ile-de-France,2.385166,48.656473
AZ-2012-5466506,14/12/2012,Louis Wilson,Reggio nell'Emilia,Italy,South,Consumer,17/12/2012,Economy Plus,Emilia-Romagna,10.6296859,44.6989932
AZ-2012-5728837,14/12/2012,Edward Webber,Faches-Thumesnil,France,Central,Home Office,16/12/2012,Economy Plus,Nord-Pas-de-Calais-Picardie,3.06953,50.602642
AZ-2012-1817772,14/12/2012,Harry Marion,Madrid,Spain,South,Consumer,18/12/2012,Economy,Madrid,-3.7037902,40.4167754
AZ-2012-3082867,15/12/2012,William Reichert,Castelldefels,Spain,South,Consumer,19/12/2012,Economy,Catalonia,1.9766294,41.2800161
AZ-2012-3246904,15/12/2012,Joe Gilbert,Sanary-sur-Mer,France,Central,Home Office,17/12/2012,Economy Plus,Provence-Alpes-Côte d'Azur,5.801435,43.118021
AZ-2012-6918237,15/12/2012,Tricia Bustamante,Hildesheim,Germany,Central,Corporate,16/12/2012,Immediate,Lower Saxony,9.9579652,52.154778
AZ-2012-3970156,17/12/2012,Mariam McMeckan,Newcastle upon Tyne,United Kingdom,North,Corporate,19/12/2012,Economy Plus,England,-1.61778,54.978252
AZ-2012-7085203,17/12/2012,Anthony Spooner,Getxo,Spain,South,Corporate,17/12/2012,Immediate,Basque Country,-3.0081319,43.3387367
AZ-2012-568534,17/12/2012,Naomi Hancock,Worthing,United Kingdom,North,Corporate,21/12/2012,Economy,England,-0.372882,50.81787
AZ-2012-1622139,17/12/2012,Joel McKean,London,United Kingdom,North,Home Office,23/12/2012,Economy,England,-0.1277583,51.5073509
AZ-2012-9860400,17/12/2012,Morgan Anderson,Bolton,United Kingdom,North,Corporate,21/12/2012,Economy Plus,England,-2.4282192,53.5768647
BN-2012-8141074,17/12/2012,Jason Roger,Majadahonda,Spain,South,Corporate,19/12/2012,Economy Plus,Madrid,-3.8683123,40.4737586
BN-2012-8498920,17/12/2012,Nathan Niland,Torre del Greco,Italy,South,Consumer,20/12/2012,Priority,Campania,14.367461,40.7894429
BN-2012-6027160,17/12/2012,Evie Flockhart,Lisbon,Portugal,South,Consumer,21/12/2012,Economy,Lisboa,-9.1393366,38.7222524
AZ-2012-5380367,18/12/2012,Angelina Hurst,Jerez de la Frontera,Spain,South,Consumer,21/12/2012,Economy Plus,Andalusía,-6.1260744,36.6850064
AZ-2012-6814882,18/12/2012,Patrick Townson,Cártama,Spain,South,Home Office,22/12/2012,Economy,Andalusía,-4.629873,36.7121567
AZ-2012-334946,18/12/2012,John Harris,Murcia,Spain,South,Corporate,22/12/2012,Economy Plus,Murcia,-1.1306544,37.9922399
BN-2012-1971141,18/12/2012,Edward Hodges,Toulouse,France,Central,Consumer,25/12/2012,Economy,Languedoc-Roussillon-Midi-Pyrénées,1.444209,43.604652
AZ-2012-2807686,19/12/2012,Liam Marshall,London,United Kingdom,North,Home Office,25/12/2012,Economy,England,-0.1277583,51.5073509
AZ-2012-6411999,19/12/2012,James Brown,Saint-Denis,France,Central,Corporate,23/12/2012,Economy Plus,Ile-de-France,2.357443,48.936181
AZ-2012-5770966,19/12/2012,Kevin Madigan,Toulon,France,Central,Consumer,22/12/2012,Economy Plus,Provence-Alpes-Côte d'Azur,5.928,43.124228
AZ-2012-998550,19/12/2012,Ngoc Orozco,Berlin,Germany,Central,Home Office,23/12/2012,Economy,Berlin,13.404954,52.5200066
AZ-2012-8353362,20/12/2012,Melody Nelson,Arezzo,Italy,South,Corporate,24/12/2012,Economy,Tuscany,11.8796336,43.4632839
AZ-2012-6297647,20/12/2012,Matthew Barker,Duisburg,Germany,Central,Consumer,20/12/2012,Immediate,North Rhine-Westphalia,6.7623293,51.4344079
AZ-2012-4504749,20/12/2012,Nathan Niland,Ravenna,Italy,South,Consumer,24/12/2012,Economy,Emilia-Romagna,12.2035294,44.4183598
AZ-2012-2950008,20/12/2012,Max Craig,Deuil-la-Barre,France,Central,Corporate,22/12/2012,Priority,Ile-de-France,2.3272339,48.975751
AZ-2012-2335503,21/12/2012,Jacob Carter,Fontaine,France,Central,Consumer,28/12/2012,Economy,Auvergne-Rhône-Alpes,5.688211,45.192754
AZ-2012-5494640,21/12/2012,Faith Greenwood,La Rochelle,France,Central,Consumer,26/12/2012,Economy,Aquitaine-Limousin-Poitou-Charentes,-1.151139,46.160329
AZ-2012-6368179,21/12/2012,Taj Knetes,Oberhausen,Germany,Central,Consumer,23/12/2012,Priority,North Rhine-Westphalia,6.8637765,51.4963341
AZ-2012-5763225,22/12/2012,Kenneth Gonzales,Saint-Malo,France,Central,Consumer,28/12/2012,Economy,Brittany,-2.025674,48.649337
AZ-2012-6517579,22/12/2012,Kian Pollard,Bochum,Germany,Central,Consumer,27/12/2012,Economy Plus,North Rhine-Westphalia,7.2162363,51.4818445
BN-2012-9713338,22/12/2012,Larry Klaus,Milan,Italy,South,Corporate,27/12/2012,Economy,Lombardy,9.1859243,45.4654219
AZ-2012-855132,24/12/2012,Lamar Lockhart,Getafe,Spain,South,Consumer,28/12/2012,Economy,Madrid,-3.7323934,40.3082504
AZ-2012-1295190,24/12/2012,Patricia Smith,Chilly-Mazarin,France,Central,Corporate,29/12/2012,Economy,Ile-de-France,2.310271,48.705134
AZ-2012-5705972,24/12/2012,Harvey Daniels,Alcobendas,Spain,South,Consumer,28/12/2012,Economy,Madrid,-3.6372245,40.5372512
AZ-2012-4743225,25/12/2012,Julie Ochoa,Ferrara,Italy,South,Corporate,27/12/2012,Priority,Emilia-Romagna,11.619787,44.8381237
AZ-2012-5821789,25/12/2012,Mary Wilson,Tours,France,Central,Consumer,28/12/2012,Economy Plus,Centre-Val de Loire,0.68484,47.394144
AZ-2012-1880028,25/12/2012,Milla Day,Cologne,Germany,Central,Consumer,29/12/2012,Economy,North Rhine-Westphalia,6.9602786,50.937531
AZ-2012-4493461,26/12/2012,Bradley Howell,Madrid,Spain,South,Corporate,30/12/2012,Economy,Madrid,-3.7037902,40.4167754
AZ-2012-5138452,26/12/2012,Joseph Banks,Vigo,Spain,South,Consumer,28/12/2012,Economy Plus,Galicia,-8.7207268,42.2405989
BN-2012-9279077,26/12/2012,Bianca Monsoor,Dublin,Ireland,North,Consumer,30/12/2012,Economy,Dublin,-6.2603097,53.3498053
BN-2012-2885506,26/12/2012,Isabelle Grimstone,London,United Kingdom,North,Consumer,30/12/2012,Economy Plus,England,-0.1277583,51.5073509
BN-2012-2772925,26/12/2012,Jonathan Bottrill,Toulouse,France,Central,Consumer,30/12/2012,Economy,Languedoc-Roussillon-Midi-Pyrénées,1.444209,43.604652
AZ-2012-4846430,27/12/2012,Anna Macdonald,Stockholm,Sweden,North,Consumer,30/12/2012,Economy Plus,Stockholm,18.0685808,59.3293235
AZ-2012-9215756,27/12/2012,Casey Forte,Marbella,Spain,South,Consumer,31/12/2012,Economy,Andalusía,-4.8824474,36.510071
AZ-2012-5550054,27/12/2012,Brian Garcia,Stoke-on-Trent,United Kingdom,North,Consumer,29/12/2012,Priority,England,-2.179404,53.002668
AZ-2012-7120418,27/12/2012,Kyle Nash,Sant Boi de Llobregat,Spain,South,Consumer,01/01/2013,Economy,Catalonia,2.035041,41.3458415
AZ-2012-650441,27/12/2012,Tyson Ebden,Domont,France,Central,Consumer,03/01/2013,Economy,Ile-de-France,2.326213,49.030343
AZ-2012-7359677,27/12/2012,Tammy Chamblee,Duisburg,Germany,Central,Consumer,03/01/2013,Economy,North Rhine-Westphalia,6.7623293,51.4344079
AZ-2012-532125,27/12/2012,Henry Pedder,Nice,France,Central,Consumer,30/12/2012,Economy Plus,Provence-Alpes-Côte d'Azur,7.2619532,43.7101728
AZ-2012-4707910,28/12/2012,Peter Daly,London,United Kingdom,North,Consumer,03/01/2013,Economy,England,-0.1277583,51.5073509
AZ-2012-6044174,28/12/2012,Sandra Hooks,Edinburgh,United Kingdom,North,Corporate,03/01/2013,Economy,Scotland,-3.188267,55.953252
AZ-2012-9824792,28/12/2012,Nelson Olsen,Basildon,United Kingdom,North,Home Office,04/01/2013,Economy,England,0.488736,51.576084
AZ-2012-3751519,28/12/2012,Denise Harris,Paris,France,Central,Consumer,04/01/2013,Economy,Ile-de-France,2.3522219,48.856614
BN-2012-8465204,28/12/2012,Christopher Goold,Emmen,Netherlands,Central,Corporate,30/12/2012,Economy Plus,Drenthe,6.8975851,52.7858037
AZ-2012-9488073,29/12/2012,Tahlia Murnin,Marseille,France,Central,Consumer,01/01/2013,Priority,Provence-Alpes-Côte d'Azur,5.36978,43.296482
AZ-2012-4009939,29/12/2012,Rebecca Cook,Essen,Germany,Central,Corporate,04/01/2013,Economy,North Rhine-Westphalia,7.0115552,51.4556432
AZ-2012-3700237,29/12/2012,Archie Springfield,Nice,France,Central,Home Office,02/01/2013,Economy,Provence-Alpes-Côte d'Azur,7.2619532,43.7101728
BN-2012-1106280,29/12/2012,Isabelle Torpy,Loughborough,United Kingdom,North,Consumer,01/01/2013,Priority,England,-1.206166,52.772099
AZ-2012-9944361,30/12/2012,Gilbert Montgomery,Eastbourne,United Kingdom,North,Consumer,03/01/2013,Economy,England,0.290472,50.768035
AZ-2012-6501898,31/12/2012,Rita McCann,Antwerp,Belgium,Central,Consumer,03/01/2013,Economy Plus,Antwerp,4.4024643,51.2194475
AZ-2012-7839714,31/12/2012,Lilly Le Grand,Berlin,Germany,Central,Home Office,02/01/2013,Economy Plus,Berlin,13.404954,52.5200066
AZ-2012-8140932,31/12/2012,Dominic Scott,Lormont,France,Central,Consumer,02/01/2013,Priority,Aquitaine-Limousin-Poitou-Charentes,-0.523108,44.880163
AZ-2012-4828873,31/12/2012,Maddison Newman,Charleroi,Belgium,Central,Corporate,31/12/2012,Immediate,Hainaut,4.444643,50.4108095
BN-2012-1206890,31/12/2012,Angelina Beeton,Toulouse,France,Central,Consumer,04/01/2013,Economy,Languedoc-Roussillon-Midi-Pyrénées,1.444209,43.604652
AZ-2013-503783,01/01/2013,Freddie Kaur,Pau,France,Central,Consumer,01/01/2013,Immediate,Aquitaine-Limousin-Poitou-Charentes,-0.370797,43.2951
AZ-2013-7367497,01/01/2013,Lilian Rodgers,London,United Kingdom,North,Consumer,05/01/2013,Economy,England,-0.1277583,51.5073509
AZ-2013-6051551,01/01/2013,Millie Arnold,Melilla,Spain,South,Consumer,07/01/2013,Economy,Melilla,-2.9380973,35.2922775
AZ-2013-8629529,02/01/2013,Nate Dacey,Livry-Gargan,France,Central,Consumer,08/01/2013,Economy,Ile-de-France,2.536118,48.91923
AZ-2013-5548101,02/01/2013,Jasper Neighbour,Grasse,France,Central,Corporate,05/01/2013,Priority,Provence-Alpes-Côte d'Azur,6.926492,43.660153
AZ-2013-2868494,02/01/2013,Kenneth Gonzales,Maisons-Laffitte,France,Central,Consumer,03/01/2013,Priority,Ile-de-France,2.1423899,48.947545
AZ-2013-8665589,02/01/2013,Alannah Langridge,Derby,United Kingdom,North,Consumer,08/01/2013,Economy,England,-1.4746186,52.9225301
AZ-2013-7684337,02/01/2013,Kayla Tearle,Chester,United Kingdom,North,Corporate,06/01/2013,Economy,England,-2.893075,53.193392
AZ-2013-4847875,03/01/2013,Jason Roger,Leverkusen,Germany,Central,Corporate,07/01/2013,Economy,North Rhine-Westphalia,7.0192196,51.0459248
AZ-2013-5755463,03/01/2013,Terence Welch,London,United Kingdom,North,Consumer,09/01/2013,Economy,England,-0.1277583,51.5073509
AZ-2013-3735155,03/01/2013,Kian Sykes,Krefeld,Germany,Central,Consumer,05/01/2013,Economy Plus,North Rhine-Westphalia,6.5853417,51.3387609
AZ-2013-5279450,03/01/2013,Peggy Hua,Halle,Germany,Central,Corporate,05/01/2013,Economy Plus,Saxony-Anhalt,11.9688029,51.4969802
BN-2013-9867098,03/01/2013,Summer Hayward,Rotterdam,Netherlands,Central,Consumer,07/01/2013,Economy,South Holland,4.4777325,51.9244201
BN-2013-9407100,03/01/2013,Noah Hart,Frankfurt,Germany,Central,Consumer,09/01/2013,Economy,Hesse,8.6821267,50.1109221
AZ-2013-3328876,04/01/2013,Daryl Claypool,Gap,France,Central,Corporate,08/01/2013,Economy,Provence-Alpes-Côte d'Azur,6.079758,44.559638
AZ-2013-2015802,04/01/2013,Louis Scott,Catania,Italy,South,Corporate,08/01/2013,Economy,Sicily,15.0830304,37.5078772
AZ-2013-7017402,04/01/2013,Benjamin Knaggs,Turin,Italy,South,Home Office,06/01/2013,Economy Plus,Piedmont,7.6868565,45.070312
AZ-2013-7897530,04/01/2013,Tara Hines,Lyon,France,Central,Consumer,08/01/2013,Economy,Auvergne-Rhône-Alpes,4.835659,45.764043
BN-2013-6770556,04/01/2013,Angie Massengill,Zurich,Switzerland,Central,Consumer,08/01/2013,Economy,Zürich,8.541694,47.3768866
BN-2013-4341327,04/01/2013,Phoebe Lindsay,Bergen op Zoom,Netherlands,Central,Consumer,06/01/2013,Economy Plus,North Brabant,4.2871622,51.4945758
AZ-2013-3564823,05/01/2013,Robert Neil,Puteaux,France,Central,Consumer,10/01/2013,Economy,Ile-de-France,2.23964,48.884748
AZ-2013-6623035,07/01/2013,Niamh Mann,Hereford,United Kingdom,North,Consumer,12/01/2013,Economy Plus,England,-2.715974,52.056398
BN-2013-2401973,07/01/2013,Rachel Tyler,London,United Kingdom,North,Corporate,14/01/2013,Economy,England,-0.1277583,51.5073509
BN-2013-7266864,07/01/2013,Victor Kron,Battipaglia,Italy,South,Consumer,10/01/2013,Priority,Campania,14.9808362,40.6093746
AZ-2013-1777709,08/01/2013,Sebastian Barber,Bari,Italy,South,Home Office,10/01/2013,Priority,Apulia,16.8718715,41.1171432
BN-2013-8880167,08/01/2013,Lincoln Want,Birmingham,United Kingdom,North,Consumer,13/01/2013,Economy,England,-1.890401,52.486243
AZ-2013-7722338,09/01/2013,Molly Hawkins,Palermo,Italy,South,Home Office,11/01/2013,Priority,Sicily,13.3612671,38.1156879
AZ-2013-4629929,11/01/2013,Liam Marshall,Glasgow,United Kingdom,North,Home Office,16/01/2013,Economy Plus,Scotland,-4.251806,55.864237
BN-2013-5809752,11/01/2013,Ryan Greenwood,London,United Kingdom,North,Consumer,15/01/2013,Economy,England,-0.1277583,51.5073509
AZ-2013-5584344,12/01/2013,Devin Huddleston,Halifax,United Kingdom,North,Consumer,19/01/2013,Economy,England,-1.85754,53.72702
AZ-2013-351604,12/01/2013,Catharine Robbins,Madrid,Spain,South,Corporate,15/01/2013,Priority,Madrid,-3.7037902,40.4167754
AZ-2013-273412,14/01/2013,Zachary Warner,Vienna,Austria,Central,Consumer,14/01/2013,Immediate,Vienna,16.3738189,48.2081743
AZ-2013-8382416,14/01/2013,David Lowe,Frederiksberg,Denmark,North,Consumer,16/01/2013,Priority,Hovedstaden,12.513321,55.677069
BN-2013-3136771,14/01/2013,Taj Knetes,Stockholm,Sweden,North,Consumer,16/01/2013,Economy Plus,Stockholm,18.0685808,59.3293235
AZ-2013-6878951,15/01/2013,Paul Collazo,Clydach,United Kingdom,North,Home Office,19/01/2013,Economy,Wales,-3.898795,51.694293
BN-2013-3013518,15/01/2013,Melissa Bean,Naples,Italy,South,Home Office,17/01/2013,Priority,Campania,14.2681244,40.8517746
AZ-2013-1380868,16/01/2013,Chloe O'Dea,Vienna,Austria,Central,Consumer,20/01/2013,Economy,Vienna,16.3738189,48.2081743
AZ-2013-1651080,16/01/2013,Tyson Jonathan,Paris,France,Central,Consumer,22/01/2013,Economy,Ile-de-France,2.3522219,48.856614
BN-2013-9140606,16/01/2013,Maya Pamphlett,Dublin,Ireland,North,Consumer,21/01/2013,Economy,Dublin,-6.2603097,53.3498053
AZ-2013-5727420,17/01/2013,Kian Sykes,Castrop-Rauxel,Germany,Central,Consumer,19/01/2013,Priority,North Rhine-Westphalia,7.3150145,51.5632625
AZ-2013-2652268,17/01/2013,Adam Walpole,Bagneux,France,Central,Corporate,24/01/2013,Economy,Ile-de-France,2.31002,48.796696
AZ-2013-7816425,17/01/2013,Libby Allan,Meaux,France,Central,Consumer,21/01/2013,Economy,Ile-de-France,2.8884657,48.9562018
BN-2013-4893247,17/01/2013,Logan Tilley,Oosterhout,Netherlands,Central,Consumer,21/01/2013,Economy,North Brabant,4.8616901,51.6410202
BN-2013-9449552,17/01/2013,Julian Dobie,Toulouse,France,Central,Consumer,23/01/2013,Economy,Languedoc-Roussillon-Midi-Pyrénées,1.444209,43.604652
AZ-2013-7980610,18/01/2013,Brodie Hart,Salzburg,Austria,Central,Home Office,22/01/2013,Economy,Salzburg,13.05501,47.80949
AZ-2013-469953,18/01/2013,Angus De Groot,Vienna,Austria,Central,Corporate,21/01/2013,Priority,Vienna,16.3738189,48.2081743
AZ-2013-2156489,18/01/2013,Ella Dwyer-Gray,Palencia,Spain,South,Consumer,23/01/2013,Economy,Castile and León,-4.5288016,42.0096857
BN-2013-9700722,18/01/2013,Thomas Thompson,Sheffield,United Kingdom,North,Corporate,25/01/2013,Economy,England,-1.470085,53.381129
AZ-2013-6231754,19/01/2013,Angus Blacklock,Berlin,Germany,Central,Home Office,24/01/2013,Economy Plus,Berlin,13.404954,52.5200066
AZ-2013-6986515,19/01/2013,Ebony Sadlier,Madrid,Spain,South,Corporate,25/01/2013,Economy,Madrid,-3.7037902,40.4167754
AZ-2013-9918449,19/01/2013,Travis Corchado,Nuremberg,Germany,Central,Corporate,21/01/2013,Economy Plus,Bavaria,11.0796553,49.4254092
BN-2013-5166779,21/01/2013,Daryl Claypool,Stockholm,Sweden,North,Corporate,25/01/2013,Economy,Stockholm,18.0685808,59.3293235
AZ-2013-2960251,22/01/2013,Gregory Rodriguez,York,United Kingdom,North,Corporate,26/01/2013,Economy,England,-1.0872979,53.9599651
AZ-2013-2671992,23/01/2013,Louise Winter,Rochefort,France,Central,Corporate,25/01/2013,Economy Plus,Aquitaine-Limousin-Poitou-Charentes,-0.961697,45.936698
AZ-2013-2055109,23/01/2013,Rebecca Cook,Saint-Ouen,France,Central,Corporate,26/01/2013,Economy Plus,Ile-de-France,2.333764,48.911856
AZ-2013-3213150,24/01/2013,Alannah Callaway,Portici,Italy,South,Consumer,29/01/2013,Economy,Campania,14.339067,40.8141218
BN-2013-299612,24/01/2013,Leah Barrett,Rotterdam,Netherlands,Central,Consumer,28/01/2013,Economy,South Holland,4.4777325,51.9244201
AZ-2013-4544800,25/01/2013,Rhonda Ford,London,United Kingdom,North,Consumer,28/01/2013,Priority,England,-0.1277583,51.5073509
AZ-2013-3807321,25/01/2013,Brian Garcia,Madrid,Spain,South,Consumer,27/01/2013,Economy Plus,Madrid,-3.7037902,40.4167754
BN-2013-9616857,26/01/2013,Madison Holloway,Berlin,Germany,Central,Corporate,31/01/2013,Economy,Berlin,13.404954,52.5200066
AZ-2013-3946948,27/01/2013,Linda Dennis,Venice,Italy,South,Consumer,03/02/2013,Economy,Veneto,12.3155151,45.4408474
AZ-2013-2820920,28/01/2013,Spencer Wallis,Blanquefort,France,Central,Consumer,03/02/2013,Economy,Aquitaine-Limousin-Poitou-Charentes,-0.635244,44.910084
AZ-2013-3010251,28/01/2013,Henry Chandler,Berlin,Germany,Central,Home Office,30/01/2013,Priority,Berlin,13.404954,52.5200066
AZ-2013-6752610,28/01/2013,Riley Howells,Vienna,Austria,Central,Consumer,03/02/2013,Economy,Vienna,16.3738189,48.2081743
AZ-2013-7228854,28/01/2013,Brooke Hodgson,Bochum,Germany,Central,Consumer,02/02/2013,Economy,North Rhine-Westphalia,7.2162363,51.4818445
AZ-2013-7321100,29/01/2013,Elijah Sodeman,Krefeld,Germany,Central,Consumer,05/02/2013,Economy,North Rhine-Westphalia,6.5853417,51.3387609
AZ-2013-7144565,29/01/2013,Noah Old,Saint-Herblain,France,Central,Corporate,31/01/2013,Economy Plus,Pays de la Loire,-1.651444,47.210335
AZ-2013-2871668,29/01/2013,Mark Washington,Leicester,United Kingdom,North,Home Office,03/02/2013,Economy,England,-1.1397592,52.6368778
BN-2013-9290481,29/01/2013,Jade Howe,Apeldoorn,Netherlands,Central,Corporate,02/02/2013,Economy,Gelderland,5.9699231,52.211157
BN-2013-3382975,29/01/2013,Kiera Chandler,Madrid,Spain,South,Consumer,31/01/2013,Economy Plus,Madrid,-3.7037902,40.4167754
BN-2013-1331129,29/01/2013,Joshua Andrews,Frankfurt,Germany,Central,Home Office,30/01/2013,Priority,Hesse,8.6821267,50.1109221
AZ-2013-4695676,30/01/2013,Paige Hopley,Vienna,Austria,Central,Consumer,05/02/2013,Economy,Vienna,16.3738189,48.2081743
AZ-2013-3945159,31/01/2013,Jodie Mellor,Marbella,Spain,South,Consumer,06/02/2013,Economy,Andalusía,-4.8824474,36.510071
AZ-2013-9011810,31/01/2013,Jade Daniels,Paris,France,Central,Corporate,06/02/2013,Economy,Ile-de-France,2.3522219,48.856614
AZ-2013-9561229,31/01/2013,Leslie Wilson,Bonn,Germany,Central,Consumer,06/02/2013,Economy,North Rhine-Westphalia,7.0982068,50.73743
AZ-2013-8886888,01/02/2013,Koby Phillip,Bari,Italy,South,Consumer,05/02/2013,Economy Plus,Apulia,16.8718715,41.1171432
AZ-2013-3615405,01/02/2013,David Lowe,Lomme,France,Central,Consumer,07/02/2013,Economy,Nord-Pas-de-Calais-Picardie,2.9853856,50.6464173
AZ-2013-2326728,01/02/2013,Nate Wilder-Neligan,Bordeaux,France,Central,Consumer,05/02/2013,Economy,Aquitaine-Limousin-Poitou-Charentes,-0.57918,44.837789
AZ-2013-5414394,02/02/2013,Tahlia Murnin,Bordeaux,France,Central,Consumer,07/02/2013,Economy,Aquitaine-Limousin-Poitou-Charentes,-0.57918,44.837789
AZ-2013-7432125,03/02/2013,Andrew Shah,Alfortville,France,Central,Home Office,03/02/2013,Immediate,Ile-de-France,2.422317,48.80093
AZ-2013-3240279,04/02/2013,Leon Barnes,Lens,France,Central,Consumer,08/02/2013,Economy Plus,Nord-Pas-de-Calais-Picardie,2.83183,50.42893
AZ-2013-8073030,05/02/2013,Edward Davidson,Linz,Austria,Central,Home Office,09/02/2013,Economy,Upper Austria,14.28583,48.30694
AZ-2013-2176321,05/02/2013,Alexander Bennett,Ceuta,Spain,South,Corporate,12/02/2013,Economy,Ceuta,-5.3213455,35.8893874
AZ-2013-6727815,05/02/2013,Lucas Northcott,Chester,United Kingdom,North,Consumer,10/02/2013,Economy Plus,England,-2.893075,53.193392
BN-2013-4799461,05/02/2013,Jennifer Mattingly,Stockholm,Sweden,North,Home Office,05/02/2013,Immediate,Stockholm,18.0685808,59.3293235
AZ-2013-2543728,06/02/2013,Elise Godfrey,Nantes,France,Central,Consumer,11/02/2013,Economy Plus,Pays de la Loire,-1.553621,47.218371
AZ-2013-5618909,06/02/2013,Shannon Howe,Vannes,France,Central,Consumer,08/02/2013,Priority,Brittany,-2.760847,47.658236
BN-2013-5031652,06/02/2013,Hayley Swanston,Reggio nell'Emilia,Italy,South,Home Office,09/02/2013,Economy Plus,Emilia-Romagna,10.6296859,44.6989932
AZ-2013-5956200,07/02/2013,Everett Dunbar,Lorca,Spain,South,Corporate,11/02/2013,Economy,Murcia,-1.6968357,37.6735925
AZ-2013-8717132,07/02/2013,Zachary Warner,Bron,France,Central,Consumer,13/02/2013,Economy,Auvergne-Rhône-Alpes,4.911927,45.733316
AZ-2013-5973839,08/02/2013,Rory Jess,Bergamo,Italy,South,Home Office,13/02/2013,Economy,Lombardy,9.6772698,45.6982642
AZ-2013-253234,08/02/2013,Beverly Brooks,Euskirchen,Germany,Central,Consumer,12/02/2013,Economy,North Rhine-Westphalia,6.7899945,50.6574392
BN-2013-8439557,08/02/2013,Justin Armit,Groningen,Netherlands,Central,Consumer,13/02/2013,Economy,Groningen,6.5665018,53.2193835
AZ-2013-4378960,11/02/2013,Nathan Iqbal,Villach,Austria,Central,Consumer,16/02/2013,Economy,Carinthia,13.85062,46.60856
AZ-2013-2192067,11/02/2013,Robert Barnes,Cognac,France,Central,Consumer,17/02/2013,Economy,Aquitaine-Limousin-Poitou-Charentes,-0.328744,45.691046
AZ-2013-673329,11/02/2013,Zara Jennings,Seville,Spain,South,Consumer,15/02/2013,Economy,Andalusía,-5.9844589,37.3890924
AZ-2013-8471021,11/02/2013,Ewan Hyde,Parla,Spain,South,Consumer,17/02/2013,Economy,Madrid,-3.768906,40.232367
AZ-2013-3726775,11/02/2013,Max Ronald,Wuppertal,Germany,Central,Corporate,17/02/2013,Economy,North Rhine-Westphalia,7.1507636,51.2562128
AZ-2013-9809267,12/02/2013,Jade Farmer,Bremen,Germany,Central,Consumer,17/02/2013,Economy,Bremen,8.8016937,53.0792962
AZ-2013-4218614,12/02/2013,Lisa Boyette,Marseille,France,Central,Corporate,17/02/2013,Economy Plus,Provence-Alpes-Côte d'Azur,5.36978,43.296482
AZ-2013-308992,12/02/2013,Lucas Warren,Haguenau,France,Central,Consumer,14/02/2013,Priority,Alsace-Champagne-Ardenne-Lorraine,7.79125,48.813288
BN-2013-931788,12/02/2013,Liam Mathias,Birmingham,United Kingdom,North,Corporate,18/02/2013,Economy,England,-1.890401,52.486243
BN-2013-695531,12/02/2013,Georgina Fuller,Cournon-d'Auvergne,France,Central,Consumer,17/02/2013,Economy,Auvergne-Rhône-Alpes,3.198177,45.741532
AZ-2013-7527034,13/02/2013,Stella Hellyer,Valdemoro,Spain,South,Consumer,19/02/2013,Economy,Madrid,-3.6740182,40.1912403
AZ-2013-6530870,13/02/2013,Jesse Godson,Meudon,France,Central,Corporate,18/02/2013,Economy Plus,Ile-de-France,2.23847,48.812995
AZ-2013-4467970,13/02/2013,Niki Peirce,Vienna,Austria,Central,Consumer,19/02/2013,Economy,Vienna,16.3738189,48.2081743
AZ-2013-8255562,13/02/2013,Sam Rees,Helsinki,Finland,North,Home Office,13/02/2013,Immediate,Uusimaa,24.938379,60.1698557
BN-2013-4296083,13/02/2013,Morgan Dodd,Stockholm,Sweden,North,Consumer,17/02/2013,Economy,Stockholm,18.0685808,59.3293235
AZ-2013-248580,14/02/2013,Richard Harvey,Nanterre,France,Central,Corporate,18/02/2013,Economy,Ile-de-France,2.215331,48.892423
AZ-2013-7788817,14/02/2013,Louie Knight,Solihull,United Kingdom,North,Consumer,19/02/2013,Economy Plus,England,-1.77761,52.411811
BN-2013-6654640,14/02/2013,Daniel Burke,Hanover,Germany,Central,Home Office,19/02/2013,Economy,Lower Saxony,9.7320104,52.3758916
AZ-2013-6823803,15/02/2013,Robert James,Magdeburg,Germany,Central,Home Office,19/02/2013,Economy,Saxony-Anhalt,11.6276237,52.1205333
AZ-2013-4602895,15/02/2013,Eloise Sykes,Arras,France,Central,Consumer,20/02/2013,Economy,Nord-Pas-de-Calais-Picardie,2.777535,50.291002
AZ-2013-5815303,16/02/2013,Spencer Calvert,El Prat de Llobregat,Spain,South,Corporate,18/02/2013,Priority,Catalonia,2.0934902,41.3245953
AZ-2013-3888761,16/02/2013,Ngoc Orozco,Berlin,Germany,Central,Home Office,23/02/2013,Economy,Berlin,13.404954,52.5200066
AZ-2013-3816496,18/02/2013,Bethany Child,Hamm,Germany,Central,Consumer,19/02/2013,Immediate,North Rhine-Westphalia,7.8159816,51.6738583
AZ-2013-8667063,18/02/2013,Bianca Whitford,San Sebastian,Spain,South,Corporate,25/02/2013,Economy,Basque Country,-1.9812313,43.318334
AZ-2013-2039163,18/02/2013,Skye McCaffrey,Argenteuil,France,Central,Consumer,21/02/2013,Economy Plus,Ile-de-France,2.2466847,48.9472096
AZ-2013-5724915,18/02/2013,Patricia Lukes,Lyon,France,Central,Corporate,25/02/2013,Economy,Auvergne-Rhône-Alpes,4.835659,45.764043
AZ-2013-589374,19/02/2013,Bonnie Wilson,Wolverhampton,United Kingdom,North,Corporate,24/02/2013,Economy Plus,England,-2.12882,52.586973
AZ-2013-3395189,19/02/2013,Claire Harrington,Wattrelos,France,Central,Home Office,25/02/2013,Economy,Nord-Pas-de-Calais-Picardie,3.215007,50.701174
AZ-2013-3483064,19/02/2013,Paige Horsfall,Nice,France,Central,Home Office,26/02/2013,Economy,Provence-Alpes-Côte d'Azur,7.2619532,43.7101728
AZ-2013-393672,20/02/2013,Ella Dwyer-Gray,Meyzieu,France,Central,Consumer,26/02/2013,Economy,Auvergne-Rhône-Alpes,5.003658,45.766821
AZ-2013-6918835,20/02/2013,Skye Hammond,Solingen,Germany,Central,Corporate,23/02/2013,Economy Plus,North Rhine-Westphalia,7.0831408,51.1702072
AZ-2013-3797817,21/02/2013,James Groom,Venice,Italy,South,Corporate,23/02/2013,Economy Plus,Veneto,12.3155151,45.4408474
AZ-2013-4391469,22/02/2013,Audrey Knowles,Hamburg,Germany,Central,Consumer,26/02/2013,Economy,Hamburg,9.9936818,53.5510846
AZ-2013-9251639,22/02/2013,Hershel Snyder,Mannheim,Germany,Central,Corporate,26/02/2013,Economy,Baden-Württemberg,8.4660395,49.4874592
AZ-2013-1571191,22/02/2013,Sarah Cross,Leeds,United Kingdom,North,Consumer,25/02/2013,Economy Plus,England,-1.5490774,53.8007554
AZ-2013-6652500,22/02/2013,Paige Hopley,Bari,Italy,South,Consumer,28/02/2013,Economy,Apulia,16.8718715,41.1171432
AZ-2013-2275252,23/02/2013,Herbert Harrell,Livry-Gargan,France,Central,Home Office,28/02/2013,Economy,Ile-de-France,2.536118,48.91923
AZ-2013-5265253,23/02/2013,Harriet Chadwick,Vitoria,Spain,South,Corporate,28/02/2013,Economy,Basque Country,-2.6817918,42.8591656
AZ-2013-1271613,23/02/2013,Mason Porter,Florence,Italy,South,Corporate,26/02/2013,Priority,Tuscany,11.2558136,43.7695604
AZ-2013-5594032,25/02/2013,Mark Burkett,Edinburgh,United Kingdom,North,Home Office,02/03/2013,Economy,Scotland,-3.188267,55.953252
AZ-2013-997141,25/02/2013,Harrison Crawford,Maidenhead,United Kingdom,North,Home Office,28/02/2013,Economy Plus,England,-0.7219,51.522414
AZ-2013-3667300,25/02/2013,Naomi Hancock,Bordeaux,France,Central,Corporate,01/03/2013,Economy,Aquitaine-Limousin-Poitou-Charentes,-0.57918,44.837789
AZ-2013-2495842,25/02/2013,Nathan Niland,Duisburg,Germany,Central,Consumer,28/02/2013,Economy Plus,North Rhine-Westphalia,6.7623293,51.4344079
BN-2013-1628008,25/02/2013,Kai Leonard,Amadora,Portugal,South,Corporate,01/03/2013,Economy,Lisboa,-9.2245474,38.7577603
AZ-2013-8614135,26/02/2013,Georgina Arnold,Troisdorf,Germany,Central,Corporate,04/03/2013,Economy,North Rhine-Westphalia,7.1430246,50.8177471
AZ-2013-5023304,26/02/2013,Maddison Newman,Madrid,Spain,South,Corporate,26/02/2013,Immediate,Madrid,-3.7037902,40.4167754
BN-2013-7504800,26/02/2013,Blake Lymburner,Bagneux,France,Central,Consumer,02/03/2013,Economy,Ile-de-France,2.31002,48.796696
AZ-2013-9761394,27/02/2013,George Dawson,Edinburgh,United Kingdom,North,Home Office,01/03/2013,Economy Plus,Scotland,-3.188267,55.953252
AZ-2013-8158326,27/02/2013,Stephanie Ewen,Exeter,United Kingdom,North,Consumer,04/03/2013,Economy,England,-3.533899,50.718412
BN-2013-8024782,27/02/2013,Kai Bolden,Nice,France,Central,Consumer,01/03/2013,Economy Plus,Provence-Alpes-Côte d'Azur,7.2619532,43.7101728
AZ-2013-1509081,28/02/2013,Riley Howells,Santander,Spain,South,Consumer,01/03/2013,Priority,Cantabria,-3.8099803,43.4623057
AZ-2013-3863768,28/02/2013,Sebastian McClelland,Le Mans,France,Central,Consumer,28/02/2013,Immediate,Pays de la Loire,0.199556,48.00611
AZ-2013-3430567,28/02/2013,Piper Wilder-Neligan,Solihull,United Kingdom,North,Consumer,04/03/2013,Economy,England,-1.77761,52.411811
AZ-2013-6487412,01/03/2013,Andy Henderson,Karlsruhe,Germany,Central,Home Office,04/03/2013,Priority,Baden-Württemberg,8.4036527,49.0068901
AZ-2013-1611944,01/03/2013,Ngoc Orozco,Fano,Italy,South,Home Office,08/03/2013,Economy,Marche,13.0194201,43.8398164
AZ-2013-1069052,01/03/2013,Katherine Grant,Auch,France,Central,Consumer,07/03/2013,Economy,Languedoc-Roussillon-Midi-Pyrénées,0.586709,43.64638
BN-2013-3817334,01/03/2013,Angus Reading,Stockholm,Sweden,North,Corporate,07/03/2013,Economy,Stockholm,18.0685808,59.3293235
AZ-2013-5105869,02/03/2013,Abby Mei,Colmar,France,Central,Corporate,06/03/2013,Economy,Alsace-Champagne-Ardenne-Lorraine,7.358512,48.0793589
AZ-2013-3893107,03/03/2013,Jose Gambino,Vienna,Austria,Central,Corporate,07/03/2013,Economy Plus,Vienna,16.3738189,48.2081743
AZ-2013-4821824,04/03/2013,Jasmine Slater,Essen,Germany,Central,Corporate,06/03/2013,Economy Plus,North Rhine-Westphalia,7.0115552,51.4556432
AZ-2013-3863359,04/03/2013,Adam Peacock,Aachen,Germany,Central,Corporate,08/03/2013,Economy,North Rhine-Westphalia,6.0838868,50.7753455
AZ-2013-5608850,05/03/2013,Edward Dolling,Helsinki,Finland,North,Consumer,08/03/2013,Priority,Uusimaa,24.938379,60.1698557
AZ-2013-2208942,06/03/2013,Darcy Farnell,Harrow,United Kingdom,North,Consumer,08/03/2013,Priority,England,-0.341995,51.580559
BN-2013-1667330,07/03/2013,Christy Wiley,Eindhoven,Netherlands,Central,Consumer,11/03/2013,Economy,North Brabant,5.4697225,51.441642
AZ-2013-6996461,08/03/2013,Ben Hogben,Saint-Herblain,France,Central,Corporate,12/03/2013,Economy,Pays de la Loire,-1.651444,47.210335
AZ-2013-2183455,08/03/2013,Patrick Townson,Gronau,Germany,Central,Home Office,10/03/2013,Economy Plus,North Rhine-Westphalia,7.0289361,52.1841199
AZ-2013-6397384,08/03/2013,Andy Henderson,Vienna,Austria,Central,Home Office,08/03/2013,Immediate,Vienna,16.3738189,48.2081743
AZ-2013-6940271,08/03/2013,Madeleine Nixon,Essen,Germany,Central,Home Office,12/03/2013,Economy,North Rhine-Westphalia,7.0115552,51.4556432
BN-2013-6076814,08/03/2013,Sandra Cook,Berlin,Germany,Central,Consumer,14/03/2013,Economy,Berlin,13.404954,52.5200066
AZ-2013-1201319,11/03/2013,Nicholas Watkins,Vienna,Austria,Central,Consumer,16/03/2013,Economy,Vienna,16.3738189,48.2081743
AZ-2013-2520364,11/03/2013,Thomas Stephens,Gap,France,Central,Corporate,16/03/2013,Economy Plus,Provence-Alpes-Côte d'Azur,6.079758,44.559638
AZ-2013-6183713,11/03/2013,Xavier Martindale,Derby,United Kingdom,North,Consumer,11/03/2013,Immediate,England,-1.4746186,52.9225301
AZ-2013-3174742,11/03/2013,Ralph Holmes,Catania,Italy,South,Consumer,15/03/2013,Economy,Sicily,15.0830304,37.5078772
AZ-2013-6528182,11/03/2013,Dylan O'Halloran,Bury,United Kingdom,North,Home Office,14/03/2013,Economy Plus,England,-2.2966054,53.5933498
AZ-2013-7969645,12/03/2013,Isabel Turnbull,York,United Kingdom,North,Home Office,15/03/2013,Economy Plus,England,-1.0872979,53.9599651
AZ-2013-3364544,12/03/2013,James Bruns,Essen,Germany,Central,Consumer,19/03/2013,Economy,North Rhine-Westphalia,7.0115552,51.4556432
AZ-2013-8831397,12/03/2013,Julian Mack,Freiburg,Germany,Central,Consumer,16/03/2013,Economy,Baden-Württemberg,7.8421043,47.9990077
AZ-2013-7095053,13/03/2013,Nancy Fike,Wolverhampton,United Kingdom,North,Consumer,15/03/2013,Priority,England,-2.12882,52.586973
AZ-2013-695660,13/03/2013,Eleanor Doyle,Poole,United Kingdom,North,Consumer,17/03/2013,Economy,England,-1.987248,50.71505
AZ-2013-3020198,13/03/2013,Madeleine Nixon,Vienna,Austria,Central,Home Office,17/03/2013,Economy,Vienna,16.3738189,48.2081743
AZ-2013-2133544,13/03/2013,Abigail Humffray,Northampton,United Kingdom,North,Consumer,15/03/2013,Priority,England,-0.902656,52.240477
BN-2013-6506387,13/03/2013,Katie Evenden,Amsterdam,Netherlands,Central,Corporate,15/03/2013,Priority,North Holland,4.8951679,52.3702157
BN-2013-2545155,13/03/2013,Paige Bibi,Bergen op Zoom,Netherlands,Central,Home Office,13/03/2013,Immediate,North Brabant,4.2871622,51.4945758
AZ-2013-6808078,14/03/2013,Ruby Blomfield,Dortmund,Germany,Central,Consumer,18/03/2013,Economy,North Rhine-Westphalia,7.4652981,51.5135872
AZ-2013-6813674,15/03/2013,Eva Arnold,Tourcoing,France,Central,Consumer,19/03/2013,Economy,Nord-Pas-de-Calais-Picardie,3.16207,50.724993
AZ-2013-2961520,15/03/2013,Kai Leonard,Pessac,France,Central,Corporate,21/03/2013,Economy,Aquitaine-Limousin-Poitou-Charentes,-0.630386,44.80583
AZ-2013-701408,15/03/2013,Michael Myers,Colomiers,France,Central,Home Office,19/03/2013,Economy,Languedoc-Roussillon-Midi-Pyrénées,1.336579,43.612189
AZ-2013-6396086,18/03/2013,Debbie Fisk,Terneuzen,Netherlands,Central,Corporate,24/03/2013,Economy,Zeeland,3.8324265,51.3322854
AZ-2013-5523176,19/03/2013,Kai Bolden,Marseille,France,Central,Consumer,22/03/2013,Priority,Provence-Alpes-Côte d'Azur,5.36978,43.296482
AZ-2013-7436115,19/03/2013,Caleb Kenyon,Manchester,United Kingdom,North,Corporate,22/03/2013,Economy Plus,England,-2.2426305,53.4807593
BN-2013-9063982,19/03/2013,Aidan Rowe,Saint-Chamond,France,Central,Consumer,19/03/2013,Immediate,Auvergne-Rhône-Alpes,4.5127119,45.476088
AZ-2013-739088,20/03/2013,Sherron Henegar,Mainz,Germany,Central,Consumer,24/03/2013,Economy,Rhineland-Palatinate,8.2472526,49.9928617
AZ-2013-5073437,20/03/2013,Gail Thompson,Preston,United Kingdom,North,Consumer,23/03/2013,Economy Plus,England,-2.70309,53.763201
BN-2013-5895980,20/03/2013,Louie Knight,Enschede,Netherlands,Central,Consumer,25/03/2013,Economy,Overijssel,6.8936619,52.2215372
AZ-2013-3932419,21/03/2013,Koby Tompson,Santander,Spain,South,Consumer,23/03/2013,Economy Plus,Cantabria,-3.8099803,43.4623057
BN-2013-2819464,21/03/2013,Georgina Garner,Amsterdam,Netherlands,Central,Consumer,26/03/2013,Economy,North Holland,4.8951679,52.3702157
AZ-2013-5301582,22/03/2013,Leo Bannister,Veenendaal,Netherlands,Central,Home Office,27/03/2013,Economy,Utrecht,5.5544309,52.0263009
AZ-2013-9611226,22/03/2013,Charles Builder,Hamburg,Germany,Central,Consumer,26/03/2013,Economy,Hamburg,9.9936818,53.5510846
AZ-2013-9061739,22/03/2013,Brandon Preston,Nuremberg,Germany,Central,Consumer,27/03/2013,Economy,Bavaria,11.0796553,49.4254092
AZ-2013-7902577,23/03/2013,Dominic Scott,Frankfurt,Germany,Central,Consumer,29/03/2013,Economy,Hesse,8.6821267,50.1109221
AZ-2013-7190502,25/03/2013,Spencer Calvert,Madrid,Spain,South,Corporate,29/03/2013,Economy,Madrid,-3.7037902,40.4167754
AZ-2013-1389510,25/03/2013,Madison Rowley,Versailles,France,Central,Consumer,01/04/2013,Economy,Ile-de-France,2.130122,48.801408
AZ-2013-4778996,26/03/2013,Gemma Sharp,Leverkusen,Germany,Central,Corporate,31/03/2013,Economy Plus,North Rhine-Westphalia,7.0192196,51.0459248
AZ-2013-7764209,26/03/2013,Bailey Morris,Palermo,Italy,South,Consumer,31/03/2013,Economy,Sicily,13.3612671,38.1156879
AZ-2013-6242491,26/03/2013,Chelsea Bannister,Antwerp,Belgium,Central,Consumer,30/03/2013,Economy Plus,Antwerp,4.4024643,51.2194475
AZ-2013-674584,28/03/2013,Alexis Code,Valencia,Spain,South,Corporate,02/04/2013,Economy,Valenciana,-0.3762881,39.4699075
AZ-2013-7442284,28/03/2013,Isabelle Radcliffe,Six-Fours-les-Plages,France,Central,Corporate,02/04/2013,Economy Plus,Provence-Alpes-Côte d'Azur,5.839225,43.093062
AZ-2013-9347181,28/03/2013,Lloyd Barnes,Trapani,Italy,South,Corporate,30/03/2013,Economy Plus,Sicily,12.537202,38.0176177
AZ-2013-9900662,29/03/2013,Rachel Norton,Castelnau-le-Lez,France,Central,Corporate,01/04/2013,Economy Plus,Languedoc-Roussillon-Midi-Pyrénées,3.8975051,43.6329827
AZ-2013-9616659,29/03/2013,Lisa Boyette,Edinburgh,United Kingdom,North,Corporate,31/03/2013,Economy Plus,Scotland,-3.188267,55.953252
BN-2013-8281776,29/03/2013,Katie Evenden,Parma,Italy,South,Corporate,03/04/2013,Economy,Emilia-Romagna,10.3279036,44.801485
AZ-2013-1032687,30/03/2013,Rory Jess,Vienna,Austria,Central,Home Office,01/04/2013,Priority,Vienna,16.3738189,48.2081743
BN-2013-7300795,31/03/2013,Oscar Clayton,Valencia,Spain,South,Consumer,05/04/2013,Economy Plus,Valenciana,-0.3762881,39.4699075
AZ-2013-5316268,02/04/2013,Isaac David,Castelldefels,Spain,South,Corporate,03/04/2013,Priority,Catalonia,1.9766294,41.2800161
AZ-2013-1437860,02/04/2013,Ella Harrhy,Ermont,France,Central,Corporate,07/04/2013,Economy,Ile-de-France,2.258451,48.989071
AZ-2013-2184439,02/04/2013,Kayla Tearle,Nancy,France,Central,Corporate,05/04/2013,Priority,Alsace-Champagne-Ardenne-Lorraine,6.184417,48.692054
AZ-2013-8362803,02/04/2013,Ryan Greenwood,Barcelona,Spain,South,Consumer,07/04/2013,Economy,Catalonia,2.1734035,41.3850639
AZ-2013-487438,02/04/2013,Mason Adams,Monza,Italy,South,Consumer,07/04/2013,Economy,Lombardy,9.2744485,45.5845001
AZ-2013-7283471,02/04/2013,Ali Mander-Jones,Salzburg,Austria,Central,Home Office,07/04/2013,Economy,Salzburg,13.05501,47.80949
BN-2013-4615508,02/04/2013,Lola Hughes,Gradignan,France,Central,Consumer,07/04/2013,Economy Plus,Aquitaine-Limousin-Poitou-Charentes,-0.618945,44.774267
AZ-2013-6246292,03/04/2013,Carol Evans,Girona,Spain,South,Consumer,05/04/2013,Economy Plus,Catalonia,2.8214264,41.9794005
AZ-2013-2162225,03/04/2013,Walter Aguilar,Ingolstadt,Germany,Central,Consumer,03/04/2013,Immediate,Bavaria,11.4257541,48.7665351
AZ-2013-755831,04/04/2013,Luca Varley,Thionville,France,Central,Corporate,07/04/2013,Priority,Alsace-Champagne-Ardenne-Lorraine,6.168426,49.357571
AZ-2013-7074618,04/04/2013,Aaron Davey,Berlin,Germany,Central,Consumer,11/04/2013,Economy,Berlin,13.404954,52.5200066
BN-2013-1199196,04/04/2013,Georgia Bermingham,Dublin,Ireland,North,Home Office,06/04/2013,Priority,Dublin,-6.2603097,53.3498053
AZ-2013-8360642,05/04/2013,Kyle Nash,Clamart,France,Central,Consumer,08/04/2013,Priority,Ile-de-France,2.257289,48.799815
AZ-2013-6948264,05/04/2013,Madelyn Anderson,Bari,Italy,South,Corporate,09/04/2013,Economy,Apulia,16.8718715,41.1171432
BN-2013-889802,05/04/2013,Francesca Bowen,Stockholm,Sweden,North,Consumer,11/04/2013,Economy,Stockholm,18.0685808,59.3293235
AZ-2013-8383284,06/04/2013,Robert Duffy,Grenoble,France,Central,Home Office,06/04/2013,Immediate,Auvergne-Rhône-Alpes,5.724524,45.188529
AZ-2013-4737507,07/04/2013,Jade Howe,Reggio nell'Emilia,Italy,South,Corporate,09/04/2013,Economy Plus,Emilia-Romagna,10.6296859,44.6989932
AZ-2013-2474005,08/04/2013,Kayla Ronald,Taranto,Italy,South,Corporate,13/04/2013,Economy,Apulia,17.2470303,40.4643606
AZ-2013-4689502,08/04/2013,Tyson Jonathan,Munich,Germany,Central,Consumer,12/04/2013,Economy,Bavaria,11.5819806,48.1351253
AZ-2013-3142223,08/04/2013,Leah Derham,Vienna,Austria,Central,Consumer,12/04/2013,Economy,Vienna,16.3738189,48.2081743
AZ-2013-8139243,08/04/2013,Casey Beckett,Charleroi,Belgium,Central,Home Office,10/04/2013,Economy Plus,Hainaut,4.444643,50.4108095
AZ-2013-1725990,09/04/2013,Daisy Summers,Madrid,Spain,South,Corporate,15/04/2013,Economy,Madrid,-3.7037902,40.4167754
BN-2013-9520844,09/04/2013,Oscar Noble,Paris,France,Central,Consumer,15/04/2013,Economy,Ile-de-France,2.3522219,48.856614
AZ-2013-9033222,10/04/2013,Jasmine Slater,Marseille,France,Central,Corporate,17/04/2013,Economy,Provence-Alpes-Côte d'Azur,5.36978,43.296482
AZ-2013-1917836,11/04/2013,Benjamin Knaggs,Morley,United Kingdom,North,Home Office,15/04/2013,Economy,England,-1.598045,53.744513
AZ-2013-5458783,11/04/2013,Libby Thompson,Helsingborg,Sweden,North,Consumer,13/04/2013,Economy Plus,Skåne,12.6945121,56.0464674
AZ-2013-2927479,11/04/2013,Hannah Conyers,Draguignan,France,Central,Home Office,13/04/2013,Priority,Provence-Alpes-Côte d'Azur,6.464993,43.5377269
BN-2013-7163306,11/04/2013,Lola Dale,Bergen,Norway,North,Consumer,12/04/2013,Priority,Hordaland,5.3220544,60.3912628
AZ-2013-8161791,13/04/2013,Lucas Breillat,Beauvais,France,Central,Home Office,15/04/2013,Economy Plus,Nord-Pas-de-Calais-Picardie,2.0807123,49.4295387
AZ-2013-1211955,15/04/2013,Abby Mei,Mougins,France,Central,Corporate,17/04/2013,Economy Plus,Provence-Alpes-Côte d'Azur,7.006491,43.6023319
AZ-2013-5111226,15/04/2013,Demi Hodgson,Glasgow,United Kingdom,North,Consumer,20/04/2013,Economy,Scotland,-4.251806,55.864237
AZ-2013-6636163,15/04/2013,Jessica Paramor,Bressuire,France,Central,Corporate,20/04/2013,Economy,Aquitaine-Limousin-Poitou-Charentes,-0.492866,46.84246
BN-2013-746561,15/04/2013,Cynthia Zielinski,Leeuwarden,Netherlands,Central,Home Office,20/04/2013,Economy,Friesland,5.7999133,53.2012334
BN-2013-528810,15/04/2013,Thomas Shepherd,Deventer,Netherlands,Central,Corporate,20/04/2013,Economy Plus,Overijssel,6.1552165,52.2660751
AZ-2013-2312887,16/04/2013,Katie Thom,Lille,France,Central,Corporate,23/04/2013,Economy,Nord-Pas-de-Calais-Picardie,3.057256,50.62925
AZ-2013-2794023,16/04/2013,Edward Davidson,Zeist,Netherlands,Central,Home Office,19/04/2013,Priority,Utrecht,5.2332526,52.0906015
AZ-2013-9280620,16/04/2013,Matthew Barker,Turku,Finland,North,Consumer,18/04/2013,Economy Plus,Finland Proper,22.2666303,60.4518126
AZ-2013-8838636,18/04/2013,Jessica Spring,Troisdorf,Germany,Central,Consumer,23/04/2013,Economy,North Rhine-Westphalia,7.1430246,50.8177471
AZ-2013-4001460,19/04/2013,Rachel Tyler,Hagen,Germany,Central,Corporate,22/04/2013,Priority,North Rhine-Westphalia,7.4632841,51.3670777
AZ-2013-4309368,20/04/2013,Georgia Bermingham,Tournefeuille,France,Central,Home Office,20/04/2013,Immediate,Languedoc-Roussillon-Midi-Pyrénées,1.346834,43.5829
AZ-2013-6122877,20/04/2013,Mark Washington,East Kilbride,United Kingdom,North,Home Office,26/04/2013,Economy,Scotland,-4.1769988,55.7643524
AZ-2013-5683679,22/04/2013,Robert Quick,Athis-Mons,France,Central,Consumer,26/04/2013,Economy,Ile-de-France,2.38479,48.7092979
BN-2013-5107486,23/04/2013,Britney Basaldua,The Hague,Netherlands,Central,Corporate,30/04/2013,Economy,South Holland,4.3006999,52.0704978
AZ-2013-9842904,24/04/2013,Ricky Cullen,Helsinki,Finland,North,Consumer,28/04/2013,Economy,Uusimaa,24.938379,60.1698557
AZ-2013-9877941,25/04/2013,Victoria Burke,Rome,Italy,South,Corporate,02/05/2013,Economy,Lazio,12.4963655,41.9027835
AZ-2013-4301182,25/04/2013,Liam Mathias,Berlin,Germany,Central,Corporate,27/04/2013,Economy Plus,Berlin,13.404954,52.5200066
AZ-2013-1368588,25/04/2013,Luz Reilly,Cachan,France,Central,Consumer,30/04/2013,Economy Plus,Ile-de-France,2.331433,48.791855
AZ-2013-4721173,26/04/2013,Oscar Noble,Cagnes-sur-Mer,France,Central,Consumer,30/04/2013,Economy,Provence-Alpes-Côte d'Azur,7.14882,43.663739
AZ-2013-2111438,27/04/2013,Lauren Hobbs,Civitavecchia,Italy,South,Consumer,02/05/2013,Economy,Lazio,11.7954132,42.0924239
AZ-2013-7006260,29/04/2013,Poppy Gunn,Boscoreale,Italy,South,Consumer,01/05/2013,Priority,Campania,14.4814105,40.7727586
AZ-2013-1376512,29/04/2013,Peggy Hua,Brescia,Italy,South,Corporate,29/04/2013,Immediate,Lombardy,10.2118019,45.5415526
AZ-2013-8624401,29/04/2013,Jacob Carter,Berlin,Germany,Central,Consumer,30/04/2013,Priority,Berlin,13.404954,52.5200066
AZ-2013-3963100,30/04/2013,Alannah Langridge,Marseille,France,Central,Consumer,04/05/2013,Economy,Provence-Alpes-Côte d'Azur,5.36978,43.296482
AZ-2013-2036266,30/04/2013,Michael Kim,Swansea,United Kingdom,North,Consumer,06/05/2013,Economy,Wales,-3.943646,51.62144
AZ-2013-5643375,30/04/2013,Anna Macdonald,Arles,France,Central,Consumer,03/05/2013,Economy Plus,Provence-Alpes-Côte d'Azur,4.6277769,43.676647
AZ-2013-6800443,30/04/2013,Jason Martinez,Bondy,France,Central,Corporate,03/05/2013,Priority,Ile-de-France,2.481875,48.906008
AZ-2013-9151069,01/05/2013,John Basser,York,United Kingdom,North,Corporate,05/05/2013,Economy,England,-1.0872979,53.9599651
AZ-2013-8445790,01/05/2013,Samuel Thomas,Marina di Carrara,Italy,South,Consumer,05/05/2013,Economy,Tuscany,10.0438256,44.0359679
BN-2013-1977946,01/05/2013,Angus Ibsch,Amsterdam,Netherlands,Central,Consumer,03/05/2013,Economy Plus,North Holland,4.8951679,52.3702157
BN-2013-6927088,02/05/2013,Jasmine Hanson,Gennevilliers,France,Central,Consumer,06/05/2013,Economy,Ile-de-France,2.293275,48.925525
BN-2013-3731561,02/05/2013,Amelie North,London,United Kingdom,North,Corporate,05/05/2013,Priority,England,-0.1277583,51.5073509
AZ-2013-8712003,03/05/2013,Angus Blacklock,Plymouth,United Kingdom,North,Home Office,07/05/2013,Economy,England,-4.1426565,50.3754565
AZ-2013-6302764,03/05/2013,Ronald Everson,Mainz,Germany,Central,Corporate,07/05/2013,Economy,Rhineland-Palatinate,8.2472526,49.9928617
AZ-2013-587420,03/05/2013,Hollie Norris,Hagen,Germany,Central,Consumer,03/05/2013,Immediate,North Rhine-Westphalia,7.4632841,51.3670777
AZ-2013-7342591,06/05/2013,Rebecca Chamberlain,Ancona,Italy,South,Home Office,09/05/2013,Priority,Marche,13.518915,43.6158299
AZ-2013-9502186,06/05/2013,Logan Allan,Cluses,France,Central,Corporate,09/05/2013,Economy Plus,Auvergne-Rhône-Alpes,6.580582,46.06039
AZ-2013-7903596,06/05/2013,Lisa Watkins,Huelva,Spain,South,Consumer,08/05/2013,Priority,Andalusía,-6.9447224,37.261421
AZ-2013-9717790,06/05/2013,Isabella Cleary,Vienna,Austria,Central,Home Office,11/05/2013,Economy,Vienna,16.3738189,48.2081743
AZ-2013-989352,07/05/2013,Elise Ali,Hagen,Germany,Central,Home Office,07/05/2013,Immediate,North Rhine-Westphalia,7.4632841,51.3670777
AZ-2013-5833673,07/05/2013,Andy Henderson,Arnsberg,Germany,Central,Home Office,11/05/2013,Economy,North Rhine-Westphalia,8.052771,51.4073375
AZ-2013-5306742,08/05/2013,Katie Evenden,Le Pontet,France,Central,Corporate,14/05/2013,Economy,Provence-Alpes-Côte d'Azur,4.863831,43.9591489
AZ-2013-7317179,08/05/2013,Benjamin Humphries,Lucerne,Switzerland,Central,Consumer,13/05/2013,Economy,Lucerne,8.3093072,47.0501682
AZ-2013-7570613,09/05/2013,Spencer Hull,Offenburg,Germany,Central,Consumer,11/05/2013,Economy Plus,Baden-Württemberg,7.9498017,48.473451
AZ-2013-5539829,09/05/2013,Jessica Paramor,Courbevoie,France,Central,Corporate,09/05/2013,Immediate,Ile-de-France,2.25929,48.900552
AZ-2013-5029769,10/05/2013,Alice Black,Albertville,France,Central,Home Office,13/05/2013,Priority,Auvergne-Rhône-Alpes,6.392726,45.675535
BN-2013-1382907,11/05/2013,Sophie Franklin,The Hague,Netherlands,Central,Corporate,15/05/2013,Economy,South Holland,4.3006999,52.0704978
AZ-2013-6450064,12/05/2013,Anna Leal,Solingen,Germany,Central,Consumer,16/05/2013,Economy,North Rhine-Westphalia,7.0831408,51.1702072
BN-2013-6544742,12/05/2013,Callum Hagai,Dordrecht,Netherlands,Central,Home Office,17/05/2013,Economy Plus,South Holland,4.6900929,51.8132979
AZ-2013-1668042,13/05/2013,Lilian Rodgers,Reading,United Kingdom,North,Consumer,18/05/2013,Economy,England,-0.9781303,51.4542645
AZ-2013-9861986,13/05/2013,Dominic Joyce,Hartlepool,United Kingdom,North,Corporate,16/05/2013,Priority,England,-1.212926,54.691745
AZ-2013-1900588,14/05/2013,Angie Massengill,Glasgow,United Kingdom,North,Consumer,21/05/2013,Economy,Scotland,-4.251806,55.864237
AZ-2013-5054484,14/05/2013,Isaac David,Vernon,France,Central,Corporate,16/05/2013,Economy Plus,Normandy,1.488107,49.091958
BN-2013-2157928,14/05/2013,Brandon Kirby,Bologna,Italy,South,Home Office,18/05/2013,Economy,Emilia-Romagna,11.3426163,44.494887
AZ-2013-3680670,15/05/2013,Jasmine Hanson,Milan,Italy,South,Consumer,20/05/2013,Economy,Lombardy,9.1859243,45.4654219
AZ-2013-9730235,15/05/2013,Bianca Whitford,Dortmund,Germany,Central,Corporate,19/05/2013,Economy,North Rhine-Westphalia,7.4652981,51.5135872
AZ-2013-3949241,15/05/2013,Isabella Cleary,Toulouse,France,Central,Home Office,21/05/2013,Economy,Languedoc-Roussillon-Midi-Pyrénées,1.444209,43.604652
AZ-2013-2266465,16/05/2013,Xavier Burford,Barnsley,United Kingdom,North,Corporate,21/05/2013,Economy,England,-1.479726,53.55263
AZ-2013-6417949,16/05/2013,Nicole Carr,Bremen,Germany,Central,Consumer,20/05/2013,Economy Plus,Bremen,8.8016937,53.0792962
AZ-2013-1527554,16/05/2013,Tyson Hanna,Forst,Germany,Central,Consumer,20/05/2013,Economy,Brandenburg,14.6474905,51.7441459
AZ-2013-9144577,16/05/2013,Cerys Edwards,Bergisch Gladbach,Germany,Central,Consumer,19/05/2013,Priority,North Rhine-Westphalia,7.1286213,50.9923091
BN-2013-8197561,16/05/2013,Marcus Leon,Aubervilliers,France,Central,Corporate,22/05/2013,Economy,Ile-de-France,2.384049,48.912259
AZ-2013-4462556,17/05/2013,Alannah Callaway,Nice,France,Central,Consumer,24/05/2013,Economy,Provence-Alpes-Côte d'Azur,7.2619532,43.7101728
AZ-2013-4238968,17/05/2013,Ruby Blomfield,Lund,Sweden,North,Consumer,22/05/2013,Economy,Skåne,13.1910073,55.7046601
BN-2013-2516957,17/05/2013,Rachel Morton,Madrid,Spain,South,Corporate,22/05/2013,Economy Plus,Madrid,-3.7037902,40.4167754
BN-2013-5457641,17/05/2013,Daniel Howells,Tilburg,Netherlands,Central,Corporate,24/05/2013,Economy,North Brabant,5.0919143,51.560596
AZ-2013-219349,18/05/2013,Samuel Hardey,Namur,Belgium,Central,Home Office,23/05/2013,Economy,Namur,4.8719854,50.4673883
AZ-2013-2204444,18/05/2013,Kai Bolden,Messina,Italy,South,Consumer,24/05/2013,Economy,Sicily,15.5540152,38.1938137
AZ-2013-2437220,18/05/2013,Mary Saterfiel,Northampton,United Kingdom,North,Consumer,21/05/2013,Economy Plus,England,-0.902656,52.240477
AZ-2013-1244068,18/05/2013,Mohammed Arnold,Oslo,Norway,North,Consumer,19/05/2013,Priority,Oslo,10.7522454,59.9138688
AZ-2013-6937323,21/05/2013,Anna Leal,Florence,Italy,South,Consumer,25/05/2013,Economy,Tuscany,11.2558136,43.7695604
AZ-2013-8231031,22/05/2013,Lydia Webster,Milan,Italy,South,Consumer,27/05/2013,Economy,Lombardy,9.1859243,45.4654219
BN-2013-7528066,22/05/2013,Gerald Galvan,Bordeaux,France,Central,Corporate,26/05/2013,Economy,Aquitaine-Limousin-Poitou-Charentes,-0.57918,44.837789
AZ-2013-4962412,23/05/2013,Nicholas Watkins,Hanover,Germany,Central,Consumer,28/05/2013,Economy,Lower Saxony,9.7320104,52.3758916
AZ-2013-40070,24/05/2013,Edward Zwar,Wuppertal,Germany,Central,Consumer,26/05/2013,Priority,North Rhine-Westphalia,7.1507636,51.2562128
AZ-2013-9496816,24/05/2013,Makayla Elphinstone,Rochdale,United Kingdom,North,Consumer,30/05/2013,Economy,England,-2.1561,53.6097136
BN-2013-6206755,24/05/2013,Joshua Andrews,London,United Kingdom,North,Home Office,31/05/2013,Economy,England,-0.1277583,51.5073509
AZ-2013-9718437,25/05/2013,Victoria Bell,Bagneux,France,Central,Home Office,31/05/2013,Economy,Ile-de-France,2.31002,48.796696
AZ-2013-5987890,27/05/2013,Madison Chadwick,Cardiff,United Kingdom,North,Consumer,31/05/2013,Economy Plus,Wales,-3.17909,51.481581
AZ-2013-5900353,27/05/2013,Lara Stoate,Grevenbroich,Germany,Central,Corporate,01/06/2013,Economy,North Rhine-Westphalia,6.585863,51.0902094
AZ-2013-327406,28/05/2013,Rory Gunson,Leipzig,Germany,Central,Consumer,01/06/2013,Economy,Saxony,12.3730747,51.3396955
AZ-2013-5109758,28/05/2013,Ebony Northcott,Eastbourne,United Kingdom,North,Consumer,01/06/2013,Economy Plus,England,0.290472,50.768035
AZ-2013-4525210,28/05/2013,Abbie Perry,Milan,Italy,South,Consumer,31/05/2013,Economy Plus,Lombardy,9.1859243,45.4654219
AZ-2013-3145442,28/05/2013,Jared Wurster,Faenza,Italy,South,Consumer,01/06/2013,Economy,Emilia-Romagna,11.8774091,44.2898527
BN-2013-4461629,28/05/2013,Jeremy Pilcher,Stockholm,Sweden,North,Corporate,28/05/2013,Immediate,Stockholm,18.0685808,59.3293235
AZ-2013-6437122,29/05/2013,Matthew Gill,Pontault-Combault,France,Central,Home Office,02/06/2013,Economy,Ile-de-France,2.607598,48.801255
BN-2013-893797,29/05/2013,Spencer Akhtar,Amersfoort,Netherlands,Central,Consumer,05/06/2013,Economy,Utrecht,5.3878266,52.1561113
AZ-2013-6514734,30/05/2013,Ashton Morey,Lyon,France,Central,Consumer,05/06/2013,Economy,Auvergne-Rhône-Alpes,4.835659,45.764043
AZ-2013-267160,30/05/2013,Owen Howell,Offenburg,Germany,Central,Home Office,02/06/2013,Priority,Baden-Württemberg,7.9498017,48.473451
AZ-2013-7607694,30/05/2013,Beverly Brooks,Barcelona,Spain,South,Consumer,02/06/2013,Economy Plus,Catalonia,2.1734035,41.3850639
AZ-2013-2169586,30/05/2013,Brodie Hart,Vienna,Austria,Central,Home Office,05/06/2013,Economy,Vienna,16.3738189,48.2081743
AZ-2013-6538,30/05/2013,Isabella Cleary,Menton,France,Central,Home Office,04/06/2013,Economy,Provence-Alpes-Côte d'Azur,7.49754,43.774481
BN-2013-2967589,30/05/2013,Ashton Morey,Trier,Germany,Central,Consumer,04/06/2013,Economy,Rhineland-Palatinate,6.6371433,49.749992
AZ-2013-4243411,31/05/2013,Leah Norman,Albacete,Spain,South,Corporate,04/06/2013,Economy,Castile-La Mancha,-1.8585424,38.994349
BN-2013-7163179,31/05/2013,Harvey Drozd,Copenhagen,Denmark,North,Consumer,06/06/2013,Economy,Hovedstaden,12.5683371,55.6760968
AZ-2013-6362222,01/06/2013,Leah Norman,London,United Kingdom,North,Corporate,07/06/2013,Economy,England,-0.1277583,51.5073509
BN-2013-804810,01/06/2013,William Horton,Porto,Portugal,South,Consumer,05/06/2013,Economy,Porto,-8.6291053,41.1579438
AZ-2013-5013285,02/06/2013,Logan Tilley,Hamburg,Germany,Central,Consumer,06/06/2013,Economy,Hamburg,9.9936818,53.5510846
AZ-2013-8108569,02/06/2013,Josh Wilkinson,Echirolles,France,Central,Corporate,06/06/2013,Economy,Auvergne-Rhône-Alpes,5.718034,45.142151
AZ-2013-5098610,02/06/2013,Michael Kim,Dortmund,Germany,Central,Consumer,08/06/2013,Economy,North Rhine-Westphalia,7.4652981,51.5135872
AZ-2013-4345897,02/06/2013,Cerys Edwards,Berlin,Germany,Central,Consumer,05/06/2013,Economy Plus,Berlin,13.404954,52.5200066
AZ-2013-5944136,03/06/2013,Lori Miller,Cartagena,Spain,South,Consumer,06/06/2013,Priority,Murcia,-0.9965839,37.6256827
AZ-2013-1203814,03/06/2013,Christopher Goold,London,United Kingdom,North,Corporate,07/06/2013,Economy,England,-0.1277583,51.5073509
AZ-2013-8122695,03/06/2013,Michael Flores,Milan,Italy,South,Corporate,06/06/2013,Economy Plus,Lombardy,9.1859243,45.4654219
AZ-2013-6301171,03/06/2013,Judith Franke,Altamura,Italy,South,Home Office,09/06/2013,Economy,Apulia,16.5527874,40.8253924
AZ-2013-9080857,03/06/2013,Hannah Conyers,Waterlooville,United Kingdom,North,Home Office,08/06/2013,Economy,England,-1.028751,50.890312
AZ-2013-9283365,04/06/2013,Max Ludwig,Clichy-sous-Bois,France,Central,Home Office,08/06/2013,Economy,Ile-de-France,2.546147,48.910899
AZ-2013-588025,04/06/2013,Georgia Bermingham,Dorsten,Germany,Central,Home Office,06/06/2013,Economy Plus,North Rhine-Westphalia,6.9642606,51.6559681
AZ-2013-5864378,04/06/2013,Jason Martinez,Magdeburg,Germany,Central,Corporate,07/06/2013,Priority,Saxony-Anhalt,11.6276237,52.1205333
BN-2013-6003171,04/06/2013,Kaitlyn Dorsch,Gothenburg,Sweden,North,Corporate,08/06/2013,Economy,Västra Götaland,11.97456,57.70887
BN-2013-397330,04/06/2013,Isla Vogel,Paris,France,Central,Home Office,10/06/2013,Economy,Ile-de-France,2.3522219,48.856614
BN-2013-8437019,04/06/2013,Joan Douglas,Bergen,Norway,North,Corporate,08/06/2013,Economy,Hordaland,5.3220544,60.3912628
BN-2013-2755077,04/06/2013,George To Rot,Valladolid,Spain,South,Corporate,07/06/2013,Economy Plus,Castile and León,-4.7245321,41.652251
BN-2013-5868311,04/06/2013,Bianca Crisp,Tilburg,Netherlands,Central,Home Office,08/06/2013,Economy,North Brabant,5.0919143,51.560596
AZ-2013-971860,05/06/2013,Holly Black,Hamburg,Germany,Central,Home Office,09/06/2013,Economy,Hamburg,9.9936818,53.5510846
AZ-2013-3923092,05/06/2013,Christopher Goold,Fano,Italy,South,Corporate,10/06/2013,Economy,Marche,13.0194201,43.8398164
AZ-2013-9453292,05/06/2013,Poppy McWilliams,Vienna,Austria,Central,Corporate,11/06/2013,Economy,Vienna,16.3738189,48.2081743
BN-2013-9125930,05/06/2013,Brodie Hart,Heerlen,Netherlands,Central,Home Office,09/06/2013,Economy Plus,Limburg,5.9794988,50.8881742
AZ-2013-2465655,06/06/2013,Jonathan Bottrill,Bourges,France,Central,Consumer,10/06/2013,Economy,Centre-Val de Loire,2.398782,47.081012
AZ-2013-706916,06/06/2013,Scott Higgins,Monza,Italy,South,Home Office,08/06/2013,Priority,Lombardy,9.2744485,45.5845001
BN-2013-48132,06/06/2013,Evan Allen,Seville,Spain,South,Corporate,11/06/2013,Economy,Andalusía,-5.9844589,37.3890924
AZ-2013-3807660,07/06/2013,Holly Noble,Turin,Italy,South,Consumer,11/06/2013,Economy,Piedmont,7.6868565,45.070312
AZ-2013-9231004,07/06/2013,Timothy Jimenez,Norwich,United Kingdom,North,Consumer,10/06/2013,Economy Plus,England,1.297355,52.6308859
AZ-2013-4775573,07/06/2013,Indiana Wekey,Montauban,France,Central,Corporate,08/06/2013,Priority,Languedoc-Roussillon-Midi-Pyrénées,1.3529599,44.0221252
AZ-2013-5022500,07/06/2013,Louise Walsh,Roanne,France,Central,Consumer,11/06/2013,Economy,Auvergne-Rhône-Alpes,4.072695,46.034432
AZ-2013-6415803,07/06/2013,Erin Gill,Bordeaux,France,Central,Home Office,11/06/2013,Economy,Aquitaine-Limousin-Poitou-Charentes,-0.57918,44.837789
AZ-2013-7749449,07/06/2013,Anna Moreton,Toledo,Spain,South,Corporate,13/06/2013,Economy,Castile-La Mancha,-4.0273231,39.8628316
AZ-2013-4637331,08/06/2013,Nathan Allwood,Nice,France,Central,Home Office,12/06/2013,Economy,Provence-Alpes-Côte d'Azur,7.2619532,43.7101728
AZ-2013-7626927,08/06/2013,Dustin Thomas,Bayonne,France,Central,Consumer,13/06/2013,Economy,Aquitaine-Limousin-Poitou-Charentes,-1.474841,43.492949
BN-2013-583958,08/06/2013,Madison Chadwick,Marseille,France,Central,Consumer,09/06/2013,Priority,Provence-Alpes-Côte d'Azur,5.36978,43.296482
AZ-2013-125479,09/06/2013,Jay Andrews,Paris,France,Central,Consumer,15/06/2013,Economy,Ile-de-France,2.3522219,48.856614
AZ-2013-9258078,10/06/2013,Eileen Walker,Dresden,Germany,Central,Consumer,14/06/2013,Economy Plus,Saxony,13.7372621,51.0504088
AZ-2013-8617478,10/06/2013,Evie Flockhart,Edinburgh,United Kingdom,North,Consumer,12/06/2013,Economy Plus,Scotland,-3.188267,55.953252
AZ-2013-9673280,10/06/2013,Jade Hawkins,Carvin,France,Central,Consumer,14/06/2013,Economy,Nord-Pas-de-Calais-Picardie,2.958107,50.491515
AZ-2013-8057502,10/06/2013,Robert Neil,Manchester,United Kingdom,North,Consumer,14/06/2013,Economy,England,-2.2426305,53.4807593
AZ-2013-7994697,10/06/2013,Mike Obrien,Rome,Italy,South,Consumer,17/06/2013,Economy,Lazio,12.4963655,41.9027835
AZ-2013-3367178,10/06/2013,Ramona Hohl,Madrid,Spain,South,Consumer,11/06/2013,Priority,Madrid,-3.7037902,40.4167754
AZ-2013-3627184,10/06/2013,Ada Dalton,Unna,Germany,Central,Corporate,17/06/2013,Economy,North Rhine-Westphalia,7.6853114,51.5426349
BN-2013-9375572,10/06/2013,Melody Nelson,Lisbon,Portugal,South,Corporate,14/06/2013,Economy,Lisboa,-9.1393366,38.7222524
AZ-2013-3156209,11/06/2013,Edward Dolling,Barnsley,United Kingdom,North,Consumer,15/06/2013,Economy,England,-1.479726,53.55263
AZ-2013-699098,11/06/2013,Walter Aguilar,Villeneuve-Saint-Georges,France,Central,Consumer,15/06/2013,Economy,Ile-de-France,2.447488,48.7305769
AZ-2013-360970,11/06/2013,Dylan O'Halloran,Seville,Spain,South,Home Office,13/06/2013,Priority,Andalusía,-5.9844589,37.3890924
AZ-2013-4362020,11/06/2013,Madeleine Nixon,Toulon,France,Central,Home Office,18/06/2013,Economy,Provence-Alpes-Côte d'Azur,5.928,43.124228
AZ-2013-6711717,12/06/2013,Zoe Lowin,Albi,France,Central,Consumer,19/06/2013,Economy,Languedoc-Roussillon-Midi-Pyrénées,2.1486413,43.9250853
AZ-2013-3983168,12/06/2013,Corey Browne,Utrecht,Netherlands,Central,Consumer,15/06/2013,Priority,Utrecht,5.1214201,52.0907374
AZ-2013-9907,12/06/2013,Mark Harris,Munich,Germany,Central,Consumer,17/06/2013,Economy Plus,Bavaria,11.5819806,48.1351253
AZ-2013-2134224,12/06/2013,Michael Kim,Sevran,France,Central,Consumer,16/06/2013,Economy,Ile-de-France,2.538716,48.93897
BN-2013-2153787,12/06/2013,Ruby Nicholls,Huddinge,Sweden,North,Corporate,15/06/2013,Priority,Stockholm,17.9821561,59.23633
AZ-2013-3483098,13/06/2013,Minnie Cash,Wolverhampton,United Kingdom,North,Corporate,20/06/2013,Economy,England,-2.12882,52.586973
AZ-2013-6802973,13/06/2013,Tia Metcalfe,Saint-Dizier,France,Central,Consumer,19/06/2013,Economy,Alsace-Champagne-Ardenne-Lorraine,4.947418,48.637692
AZ-2013-2678161,13/06/2013,Toby Patterson,Kettering,United Kingdom,North,Home Office,16/06/2013,Priority,England,-0.730249,52.396322
AZ-2013-9545933,13/06/2013,Julian Mack,Bournemouth,United Kingdom,North,Consumer,19/06/2013,Economy,England,-1.880769,50.719164
AZ-2013-7710840,13/06/2013,Robert Neil,Palma de Mallorca,Spain,South,Consumer,16/06/2013,Economy Plus,Balearic Islands,2.6501603,39.5696005
AZ-2013-9827479,13/06/2013,Dylan O'Halloran,Antwerp,Belgium,Central,Home Office,15/06/2013,Priority,Antwerp,4.4024643,51.2194475
AZ-2013-9938365,13/06/2013,Thomas Shepherd,Lyon,France,Central,Corporate,14/06/2013,Priority,Auvergne-Rhône-Alpes,4.835659,45.764043
AZ-2013-3088636,13/06/2013,Jay Andrews,Madrid,Spain,South,Consumer,13/06/2013,Immediate,Madrid,-3.7037902,40.4167754
BN-2013-441704,13/06/2013,Lorri Stratton,Tilburg,Netherlands,Central,Consumer,19/06/2013,Economy,North Brabant,5.0919143,51.560596
BN-2013-6837899,13/06/2013,Lisa Casey,Trier,Germany,Central,Corporate,17/06/2013,Economy,Rhineland-Palatinate,6.6371433,49.749992
AZ-2013-2709620,14/06/2013,Robert Zapata,Frankfurt,Germany,Central,Consumer,21/06/2013,Economy,Hesse,8.6821267,50.1109221
AZ-2013-5637964,14/06/2013,Cynthia Zielinski,Madrid,Spain,South,Home Office,21/06/2013,Economy,Madrid,-3.7037902,40.4167754
AZ-2013-4468276,14/06/2013,Ngoc Orozco,Trani,Italy,South,Home Office,18/06/2013,Economy Plus,Apulia,16.4178334,41.2774857
AZ-2013-6138648,14/06/2013,Sam French,Rennes,France,Central,Consumer,20/06/2013,Economy,Brittany,-1.6777926,48.117266
BN-2013-7934159,14/06/2013,Casey Beckett,Velbert,Germany,Central,Home Office,21/06/2013,Economy,North Rhine-Westphalia,7.0426775,51.3370703
AZ-2013-6548311,15/06/2013,Zara Money,Latina,Italy,South,Corporate,20/06/2013,Economy Plus,Lazio,12.9035965,41.4675671
AZ-2013-1146430,15/06/2013,Kristina Moore,London,United Kingdom,North,Corporate,22/06/2013,Economy,England,-0.1277583,51.5073509
AZ-2013-7006119,17/06/2013,Lily Tyler,Leeds,United Kingdom,North,Home Office,20/06/2013,Economy Plus,England,-1.5490774,53.8007554
AZ-2013-8795323,17/06/2013,Mary Hough,Potsdam,Germany,Central,Home Office,20/06/2013,Economy Plus,Brandenburg,13.0644729,52.3905689
AZ-2013-3352012,17/06/2013,Ethan Howarth,Vienna,Austria,Central,Consumer,21/06/2013,Economy,Vienna,16.3738189,48.2081743
AZ-2013-6244362,17/06/2013,Stella Balcombe,Bremen,Germany,Central,Home Office,20/06/2013,Economy Plus,Bremen,8.8016937,53.0792962
AZ-2013-8774500,17/06/2013,Alice Currie,Antony,France,Central,Consumer,19/06/2013,Priority,Ile-de-France,2.302553,48.759255
BN-2013-4285479,17/06/2013,Everett Dunbar,Granada,Spain,South,Corporate,21/06/2013,Economy,Andalusía,-3.5985571,37.1773363
AZ-2013-343563,18/06/2013,Angus Reading,Cesena,Italy,South,Corporate,22/06/2013,Economy,Emilia-Romagna,12.2464292,44.1396438
AZ-2013-7431618,18/06/2013,Angus Fryar,Sarreguemines,France,Central,Consumer,23/06/2013,Economy,Alsace-Champagne-Ardenne-Lorraine,7.070862,49.106031
AZ-2013-8633659,18/06/2013,Jessie White,Bremen,Germany,Central,Consumer,20/06/2013,Economy Plus,Bremen,8.8016937,53.0792962
AZ-2013-8367272,18/06/2013,Anthony Stewart,Girona,Spain,South,Home Office,23/06/2013,Economy,Catalonia,2.8214264,41.9794005
BN-2013-5104816,18/06/2013,Jay Andrews,Milan,Italy,South,Consumer,20/06/2013,Economy Plus,Lombardy,9.1859243,45.4654219
AZ-2013-4874809,19/06/2013,Ella Dwyer-Gray,Leeds,United Kingdom,North,Consumer,24/06/2013,Economy,England,-1.5490774,53.8007554
AZ-2013-5974172,19/06/2013,Jose Gambino,Toulouse,France,Central,Corporate,22/06/2013,Economy Plus,Languedoc-Roussillon-Midi-Pyrénées,1.444209,43.604652
AZ-2013-6053610,19/06/2013,Maya Pamphlett,Tivoli,Italy,South,Consumer,21/06/2013,Priority,Lazio,12.8022261,41.959817
AZ-2013-8131512,20/06/2013,Lauren Saunders,Rome,Italy,South,Consumer,23/06/2013,Priority,Lazio,12.4963655,41.9027835
BN-2013-5022236,20/06/2013,Ricky Cullen,Dublin,Ireland,North,Consumer,27/06/2013,Economy,Dublin,-6.2603097,53.3498053
AZ-2013-649774,21/06/2013,Audrey Emanuel,Letchworth,United Kingdom,North,Consumer,27/06/2013,Economy,England,-0.226624,51.979074
AZ-2013-5337437,21/06/2013,Nicholas Carey,Bologna,Italy,South,Consumer,25/06/2013,Economy,Emilia-Romagna,11.3426163,44.494887
AZ-2013-4627833,21/06/2013,Henry Pedder,Edinburgh,United Kingdom,North,Consumer,26/06/2013,Economy,Scotland,-3.188267,55.953252
AZ-2013-2582964,21/06/2013,John Harris,Oslo,Norway,North,Corporate,25/06/2013,Economy,Oslo,10.7522454,59.9138688
BN-2013-9068340,21/06/2013,Jonathan Summons,Alphen aan den Rijn,Netherlands,Central,Consumer,27/06/2013,Economy,South Holland,4.6688508,52.1276577
BN-2013-2488199,22/06/2013,Charlie Brooks,Saint-Nazaire,France,Central,Consumer,29/06/2013,Economy,Pays de la Loire,-2.213848,47.2734979
AZ-2013-4520943,23/06/2013,Skye McCaffrey,Berlin,Germany,Central,Consumer,28/06/2013,Economy,Berlin,13.404954,52.5200066
AZ-2013-1568579,23/06/2013,Alannah Langridge,London,United Kingdom,North,Consumer,26/06/2013,Priority,England,-0.1277583,51.5073509
BN-2013-5978762,23/06/2013,Isabella Fowler,Alphen aan den Rijn,Netherlands,Central,Consumer,28/06/2013,Economy,South Holland,4.6688508,52.1276577
AZ-2013-4284308,24/06/2013,Darcy St George,Rome,Italy,South,Corporate,30/06/2013,Economy,Lazio,12.4963655,41.9027835
AZ-2013-2526896,24/06/2013,Abby Mei,Lucerne,Switzerland,Central,Corporate,01/07/2013,Economy,Lucerne,8.3093072,47.0501682
AZ-2013-4878818,24/06/2013,Bettie Lang,Cologne,Germany,Central,Consumer,30/06/2013,Economy,North Rhine-Westphalia,6.9602786,50.937531
BN-2013-1963418,24/06/2013,Mike Langer,Blackpool,United Kingdom,North,Corporate,29/06/2013,Economy,England,-3.0356748,53.8175053
AZ-2013-6510557,25/06/2013,Hershel Snyder,Rome,Italy,South,Corporate,30/06/2013,Economy,Lazio,12.4963655,41.9027835
AZ-2013-9549607,25/06/2013,Alpha Ross,Clichy-sous-Bois,France,Central,Corporate,29/06/2013,Economy,Ile-de-France,2.546147,48.910899
AZ-2013-183270,25/06/2013,Chloe O'Dea,Helsinki,Finland,North,Consumer,25/06/2013,Immediate,Uusimaa,24.938379,60.1698557
AZ-2013-4330374,26/06/2013,Summer Hayward,Turin,Italy,South,Consumer,01/07/2013,Economy,Piedmont,7.6868565,45.070312
AZ-2013-9485550,26/06/2013,Dominic Elliott,Reading,United Kingdom,North,Consumer,26/06/2013,Immediate,England,-0.9781303,51.4542645
AZ-2013-9591675,26/06/2013,Georgia Blackburn,Leipzig,Germany,Central,Corporate,01/07/2013,Economy Plus,Saxony,12.3730747,51.3396955
BN-2013-8532201,26/06/2013,Bethany Child,Prato,Italy,South,Consumer,01/07/2013,Economy Plus,Tuscany,11.102228,43.8777049
AZ-2013-866971,27/06/2013,Eloise Sykes,Madrid,Spain,South,Consumer,27/06/2013,Immediate,Madrid,-3.7037902,40.4167754
AZ-2013-5532307,27/06/2013,Kelly Long,Chartres,France,Central,Corporate,01/07/2013,Economy,Centre-Val de Loire,1.489012,48.443854
AZ-2013-906289,27/06/2013,Lewis Greenwood,Walsall,United Kingdom,North,Consumer,02/07/2013,Economy,England,-1.982919,52.586214
AZ-2013-3893358,27/06/2013,Rebecca Cook,Florence,Italy,South,Corporate,01/07/2013,Economy,Tuscany,11.2558136,43.7695604
BN-2013-9131358,27/06/2013,Ebony Northcott,Milan,Italy,South,Consumer,28/06/2013,Priority,Lombardy,9.1859243,45.4654219
BN-2013-9871283,27/06/2013,Geraldine Mizelle,Aix-en-Provence,France,Central,Corporate,02/07/2013,Economy Plus,Provence-Alpes-Côte d'Azur,5.447427,43.529742
AZ-2013-5932628,28/06/2013,Patrick Atkinson,Klagenfurt,Austria,Central,Home Office,04/07/2013,Economy,Carinthia,14.3122246,46.6364598
AZ-2013-5248239,28/06/2013,Darcy St George,Swansea,United Kingdom,North,Corporate,04/07/2013,Economy,Wales,-3.943646,51.62144
BN-2013-2045874,28/06/2013,Jack Brier,Boulogne-Billancourt,France,Central,Consumer,28/06/2013,Immediate,Ile-de-France,2.2399123,48.8396952
BN-2013-6886875,28/06/2013,Xavier Burford,Birmingham,United Kingdom,North,Corporate,30/06/2013,Priority,England,-1.890401,52.486243
AZ-2013-5548332,29/06/2013,Michael Myers,Madrid,Spain,South,Home Office,04/07/2013,Economy,Madrid,-3.7037902,40.4167754
AZ-2013-9510969,29/06/2013,Charlotte Savage,Bonn,Germany,Central,Consumer,03/07/2013,Economy,North Rhine-Westphalia,7.0982068,50.73743
BN-2013-6154570,29/06/2013,Michael Kim,Reutlingen,Germany,Central,Consumer,03/07/2013,Economy,Baden-Württemberg,9.2038043,48.5069389
AZ-2013-8493783,01/07/2013,Maya Pamphlett,Ludwigshafen am Rhein,Germany,Central,Consumer,07/07/2013,Economy,Rhineland-Palatinate,8.44518,49.47741
AZ-2013-9746580,02/07/2013,Julian Mack,Leipzig,Germany,Central,Consumer,09/07/2013,Economy,Saxony,12.3730747,51.3396955
AZ-2013-7137093,02/07/2013,Daisy Summers,London,United Kingdom,North,Corporate,07/07/2013,Economy,England,-0.1277583,51.5073509
AZ-2013-2914891,02/07/2013,John Basser,Florence,Italy,South,Corporate,04/07/2013,Priority,Tuscany,11.2558136,43.7695604
AZ-2013-2857120,03/07/2013,Kimberly Boyd,Bayonne,France,Central,Corporate,07/07/2013,Economy,Aquitaine-Limousin-Poitou-Charentes,-1.474841,43.492949
AZ-2013-1483452,03/07/2013,Ethan Williams,Vienna,Austria,Central,Corporate,05/07/2013,Priority,Vienna,16.3738189,48.2081743
AZ-2013-6875037,03/07/2013,Karon Shah,Madrid,Spain,South,Corporate,08/07/2013,Economy,Madrid,-3.7037902,40.4167754
AZ-2013-2185600,04/07/2013,Robert Duffy,Barcelona,Spain,South,Home Office,07/07/2013,Economy Plus,Catalonia,2.1734035,41.3850639
AZ-2013-8277414,04/07/2013,Debbie Fisk,Carrara,Italy,South,Corporate,09/07/2013,Economy,Tuscany,10.097677,44.0793245
AZ-2013-9188283,06/07/2013,Larry Lambert,Wiesbaden,Germany,Central,Consumer,10/07/2013,Economy,Hesse,8.2397608,50.0782184
AZ-2013-7300382,06/07/2013,Robert Ramsey,Turin,Italy,South,Consumer,09/07/2013,Economy Plus,Piedmont,7.6868565,45.070312
BN-2013-9881069,06/07/2013,Christopher Goold,Berlin,Germany,Central,Corporate,11/07/2013,Economy,Berlin,13.404954,52.5200066
AZ-2013-8689698,08/07/2013,Charlie Wells,Marseille,France,Central,Home Office,10/07/2013,Economy Plus,Provence-Alpes-Côte d'Azur,5.36978,43.296482
AZ-2013-9221465,08/07/2013,Audrey Knowles,Rome,Italy,South,Consumer,10/07/2013,Economy Plus,Lazio,12.4963655,41.9027835
AZ-2013-8064261,08/07/2013,Angie Massengill,Bologna,Italy,South,Consumer,11/07/2013,Priority,Emilia-Romagna,11.3426163,44.494887
AZ-2013-7036951,09/07/2013,Anna Church,Pontevedra,Spain,South,Consumer,13/07/2013,Economy,Galicia,-8.6446202,42.4298846
BN-2013-80695,09/07/2013,Samantha Reynell,Grevenbroich,Germany,Central,Home Office,14/07/2013,Economy Plus,North Rhine-Westphalia,6.585863,51.0902094
AZ-2013-576501,10/07/2013,Ashley Baldwinson,Bremen,Germany,Central,Corporate,12/07/2013,Priority,Bremen,8.8016937,53.0792962
AZ-2013-8090289,11/07/2013,Kristal McCaslin,Massy,France,Central,Corporate,16/07/2013,Economy,Ile-de-France,2.27137,48.730756
AZ-2013-6796534,11/07/2013,Mariam McMeckan,Edinburgh,United Kingdom,North,Corporate,14/07/2013,Priority,Scotland,-3.188267,55.953252
AZ-2013-8019814,11/07/2013,Holly Black,Dudley,United Kingdom,North,Home Office,18/07/2013,Economy,England,-2.081112,52.512255
AZ-2013-7001055,11/07/2013,Tahlia Coughlan,Vienna,Austria,Central,Corporate,14/07/2013,Economy Plus,Vienna,16.3738189,48.2081743
BN-2013-6883995,11/07/2013,Freya Daniels,Saumur,France,Central,Consumer,15/07/2013,Economy,Pays de la Loire,-0.080893,47.260135
AZ-2013-8958085,12/07/2013,Natasha Heane,Rome,Italy,South,Home Office,16/07/2013,Economy,Lazio,12.4963655,41.9027835
AZ-2013-5213862,12/07/2013,Sam Rees,Paris,France,Central,Home Office,18/07/2013,Economy,Ile-de-France,2.3522219,48.856614
BN-2013-6854769,12/07/2013,Adam Gibbs,Tallaght,Ireland,North,Corporate,19/07/2013,Economy,Dublin,-6.3665881,53.2865903
AZ-2013-7058808,13/07/2013,Julie Ochoa,Irun,Spain,South,Corporate,19/07/2013,Economy,Basque Country,-1.7888495,43.3381465
AZ-2013-2963078,14/07/2013,Leah Derham,Clamart,France,Central,Consumer,20/07/2013,Economy,Ile-de-France,2.257289,48.799815
AZ-2013-6920962,15/07/2013,Paul Cleary,Caen,France,Central,Corporate,21/07/2013,Economy,Normandy,-0.370679,49.182863
AZ-2013-6085287,15/07/2013,Jay Andrews,Glasgow,United Kingdom,North,Consumer,18/07/2013,Priority,Scotland,-4.251806,55.864237
AZ-2013-6224487,15/07/2013,Oliver Stephenson,Poitiers,France,Central,Consumer,18/07/2013,Economy Plus,Aquitaine-Limousin-Poitou-Charentes,0.340375,46.580224
BN-2013-4141546,15/07/2013,Rory Jess,Elx,Spain,South,Home Office,15/07/2013,Immediate,Valenciana,-0.7125608,38.2699329
AZ-2013-4349254,16/07/2013,Bianca Whitford,Munich,Germany,Central,Corporate,20/07/2013,Economy Plus,Bavaria,11.5819806,48.1351253
AZ-2013-7982799,17/07/2013,Ngoc Orozco,Madrid,Spain,South,Home Office,20/07/2013,Priority,Madrid,-3.7037902,40.4167754
AZ-2013-3881285,18/07/2013,Robert Neil,Edinburgh,United Kingdom,North,Consumer,19/07/2013,Priority,Scotland,-3.188267,55.953252
AZ-2013-7409274,18/07/2013,Oscar Noble,Helsinki,Finland,North,Consumer,23/07/2013,Economy,Uusimaa,24.938379,60.1698557
AZ-2013-3224122,20/07/2013,Millie Franklin,Catania,Italy,South,Consumer,24/07/2013,Economy,Sicily,15.0830304,37.5078772
AZ-2013-8477787,22/07/2013,Chelsea Bannister,Munster,Germany,Central,Consumer,26/07/2013,Economy,Lower Saxony,7.6261347,51.9606649
AZ-2013-2901079,22/07/2013,Elijah Sodeman,Neuwied,Germany,Central,Consumer,26/07/2013,Economy,Rhineland-Palatinate,7.4664546,50.4361866
AZ-2013-244740,22/07/2013,Tina Phelps,Ulm,Germany,Central,Consumer,29/07/2013,Economy,Baden-Württemberg,9.9876076,48.4010822
AZ-2013-8859377,22/07/2013,Imogen Steele,Valencia,Spain,South,Corporate,24/07/2013,Economy Plus,Valenciana,-0.3762881,39.4699075
AZ-2013-9393754,22/07/2013,William Reichert,Odense,Denmark,North,Consumer,26/07/2013,Economy,South Denmark,10.40237,55.403756
AZ-2013-2853568,23/07/2013,Owen Howell,Charleroi,Belgium,Central,Home Office,28/07/2013,Economy,Hainaut,4.444643,50.4108095
AZ-2013-2243804,23/07/2013,Lydia Webster,Bordeaux,France,Central,Consumer,24/07/2013,Priority,Aquitaine-Limousin-Poitou-Charentes,-0.57918,44.837789
BN-2013-1501902,23/07/2013,Viola Watson,Rome,Italy,South,Consumer,27/07/2013,Economy Plus,Lazio,12.4963655,41.9027835
AZ-2013-6557356,24/07/2013,Madelyn Anderson,Paris,France,Central,Corporate,28/07/2013,Economy,Ile-de-France,2.3522219,48.856614
AZ-2013-6514134,24/07/2013,Tia Metcalfe,Warrington,United Kingdom,North,Consumer,29/07/2013,Economy,England,-2.5969501,53.3900441
BN-2013-2413609,24/07/2013,Nicole Howard,Zurich,Switzerland,Central,Consumer,28/07/2013,Economy,Zürich,8.541694,47.3768866
AZ-2013-5794364,25/07/2013,Richard Poole,Kingswood,United Kingdom,North,Home Office,25/07/2013,Immediate,England,-2.368647,51.626435
AZ-2013-5949310,25/07/2013,Jade Daniels,Seville,Spain,South,Corporate,27/07/2013,Economy Plus,Andalusía,-5.9844589,37.3890924
BN-2013-2943018,25/07/2013,Hayley Baldwinson,Muret,France,Central,Consumer,29/07/2013,Economy Plus,Languedoc-Roussillon-Midi-Pyrénées,1.33071,43.461574
AZ-2013-6541057,26/07/2013,Evan Allen,Leicester,United Kingdom,North,Corporate,31/07/2013,Economy Plus,England,-1.1397592,52.6368778
BN-2013-3222447,26/07/2013,Travis Corchado,Oldenburg,Germany,Central,Corporate,31/07/2013,Economy,Lower Saxony,8.2145521,53.1434501
AZ-2013-9663287,29/07/2013,Ben Summerville,Fresnes,France,Central,Consumer,02/08/2013,Economy,Ile-de-France,2.326243,48.757205
AZ-2013-9606437,29/07/2013,Randall Roberts,Caen,France,Central,Consumer,29/07/2013,Immediate,Normandy,-0.370679,49.182863
AZ-2013-9304713,30/07/2013,Koby Ricketson,Chioggia,Italy,South,Corporate,04/08/2013,Economy Plus,Veneto,12.2790144,45.2198654
AZ-2013-1283973,30/07/2013,Alice Currie,Milan,Italy,South,Consumer,04/08/2013,Economy,Lombardy,9.1859243,45.4654219
AZ-2013-2341565,30/07/2013,Joseph Ford,Berlin,Germany,Central,Corporate,04/08/2013,Economy Plus,Berlin,13.404954,52.5200066
AZ-2013-4148381,31/07/2013,Spencer Hull,Stockport,United Kingdom,North,Consumer,03/08/2013,Priority,England,-2.1575332,53.4106316
AZ-2013-1288861,31/07/2013,Sharon Kerley,Marignane,France,Central,Consumer,04/08/2013,Economy,Provence-Alpes-Côte d'Azur,5.218332,43.4212739
BN-2013-3157910,31/07/2013,Tara Hines,Assen,Netherlands,Central,Consumer,04/08/2013,Economy,Drenthe,6.5642284,52.992753
AZ-2013-5656522,01/08/2013,Makayla Elphinstone,Cambridge,United Kingdom,North,Consumer,07/08/2013,Economy,England,0.121817,52.205337
AZ-2013-8287659,01/08/2013,Noah Chamberlain,Le Blanc-Mesnil,France,Central,Consumer,03/08/2013,Priority,Ile-de-France,2.46436,48.941345
AZ-2013-3485300,01/08/2013,Kayleigh Farmer,Choisy-le-Roi,France,Central,Consumer,07/08/2013,Economy,Ile-de-France,2.4088759,48.762541
AZ-2013-3620842,01/08/2013,Mark Washington,Carcassonne,France,Central,Home Office,03/08/2013,Economy Plus,Languedoc-Roussillon-Midi-Pyrénées,2.353663,43.212161
AZ-2013-8443460,01/08/2013,Ronald Everson,Brescia,Italy,South,Corporate,06/08/2013,Economy Plus,Lombardy,10.2118019,45.5415526
AZ-2013-8568485,02/08/2013,Imogen Symon,Montbrison,France,Central,Consumer,06/08/2013,Economy,Auvergne-Rhône-Alpes,4.063338,45.60745
AZ-2013-2436002,02/08/2013,Jake Barry,Caen,France,Central,Home Office,07/08/2013,Economy,Normandy,-0.370679,49.182863
BN-2013-8203726,02/08/2013,Jordan Peacock,Birmingham,United Kingdom,North,Corporate,08/08/2013,Economy,England,-1.890401,52.486243
AZ-2013-2848176,03/08/2013,Chelsea Parkinson,Melun,France,Central,Corporate,03/08/2013,Immediate,Ile-de-France,2.6554,48.542105
AZ-2013-5358584,04/08/2013,Robert Duffy,Bourg-en-Bresse,France,Central,Home Office,06/08/2013,Economy Plus,Auvergne-Rhône-Alpes,5.2255007,46.2051675
AZ-2013-5670267,05/08/2013,Charles Builder,Seville,Spain,South,Consumer,08/08/2013,Priority,Andalusía,-5.9844589,37.3890924
AZ-2013-8622401,05/08/2013,Elijah Sodeman,Bielefeld,Germany,Central,Consumer,07/08/2013,Priority,North Rhine-Westphalia,8.5324708,52.0302285
AZ-2013-3557634,05/08/2013,Kyle Nash,Verviers,Belgium,Central,Consumer,09/08/2013,Economy,Liège,5.8655951,50.5910564
AZ-2013-6748917,05/08/2013,Kai Wicks,Valladolid,Spain,South,Corporate,10/08/2013,Economy,Castile and León,-4.7245321,41.652251
AZ-2013-4950789,05/08/2013,Melissa Bean,Lyon,France,Central,Home Office,08/08/2013,Priority,Auvergne-Rhône-Alpes,4.835659,45.764043
AZ-2013-9398521,05/08/2013,Sam Rees,Bry-sur-Marne,France,Central,Home Office,10/08/2013,Economy,Ile-de-France,2.5236489,48.834913
BN-2013-2697575,05/08/2013,Ashton Charles,Velsen,Netherlands,Central,Consumer,09/08/2013,Economy,North Holland,4.630587,52.4520591
BN-2013-8115911,05/08/2013,Stella Hellyer,Jerez de la Frontera,Spain,South,Consumer,09/08/2013,Economy,Andalusía,-6.1260744,36.6850064
BN-2013-7296416,05/08/2013,Archie Springfield,Sheffield,United Kingdom,North,Home Office,10/08/2013,Economy,England,-1.470085,53.381129
AZ-2013-5998072,06/08/2013,Eva Arnold,Sheffield,United Kingdom,North,Consumer,09/08/2013,Priority,England,-1.470085,53.381129
AZ-2013-2688830,06/08/2013,Isabella Cleary,Paris,France,Central,Home Office,08/08/2013,Economy Plus,Ile-de-France,2.3522219,48.856614
AZ-2013-5931523,06/08/2013,Madison Holloway,Forbach,France,Central,Corporate,06/08/2013,Immediate,Alsace-Champagne-Ardenne-Lorraine,6.895295,49.186515
AZ-2013-1699821,06/08/2013,Eloise Mahmood,Bari,Italy,South,Corporate,10/08/2013,Economy,Apulia,16.8718715,41.1171432
AZ-2013-8620974,06/08/2013,Stacy Cummings,Helsinki,Finland,North,Consumer,10/08/2013,Economy,Uusimaa,24.938379,60.1698557
AZ-2013-3148222,06/08/2013,Michael Watkins,Barcelona,Spain,South,Home Office,11/08/2013,Economy,Catalonia,2.1734035,41.3850639
AZ-2013-8949269,06/08/2013,Gracie Hicks,Sevran,France,Central,Consumer,09/08/2013,Priority,Ile-de-France,2.538716,48.93897
BN-2013-5896563,06/08/2013,Melissa Bean,Delmenhorst,Germany,Central,Home Office,11/08/2013,Economy,Lower Saxony,8.6355932,53.0521886
AZ-2013-3569377,07/08/2013,Luca Varley,Saint-Germain-en-Laye,France,Central,Corporate,11/08/2013,Economy,Ile-de-France,2.093761,48.898908
AZ-2013-9330718,07/08/2013,Holly Black,Liverpool,United Kingdom,North,Home Office,13/08/2013,Economy,England,-2.9915726,53.4083714
AZ-2013-1947609,07/08/2013,Lydia Webster,Hasselt,Belgium,Central,Consumer,11/08/2013,Economy,Limburg,5.33248,50.93069
AZ-2013-4270780,07/08/2013,Kai Wicks,Rostock,Germany,Central,Corporate,12/08/2013,Economy,Mecklenburg-Vorpommern,12.0991466,54.0924406
AZ-2013-5325504,07/08/2013,Sofia Goddard,Bourges,France,Central,Corporate,14/08/2013,Economy,Centre-Val de Loire,2.398782,47.081012
AZ-2013-627487,07/08/2013,Robert James,Marano di Napoli,Italy,South,Home Office,11/08/2013,Economy Plus,Campania,14.1916736,40.8899594
BN-2013-1210001,07/08/2013,Michael Myers,Roosendaal,Netherlands,Central,Home Office,11/08/2013,Economy,North Brabant,4.4653213,51.535849
AZ-2013-4421845,08/08/2013,Judy Rodriquez,Metz,France,Central,Consumer,12/08/2013,Economy,Alsace-Champagne-Ardenne-Lorraine,6.1757156,49.1193089
AZ-2013-4640958,08/08/2013,Walter Coley,Eastbourne,United Kingdom,North,Consumer,11/08/2013,Economy Plus,England,0.290472,50.768035
AZ-2013-5523180,08/08/2013,Joel Ortega,Wetzlar,Germany,Central,Corporate,13/08/2013,Economy,Hesse,8.5081646,50.5589802
AZ-2013-7420821,08/08/2013,Aubrey Shedd,Caen,France,Central,Corporate,12/08/2013,Economy,Normandy,-0.370679,49.182863
AZ-2013-9067941,08/08/2013,Adam Harte,Roeselare,Belgium,Central,Corporate,12/08/2013,Economy,West Flanders,3.1294471,50.9499087
AZ-2013-3873632,09/08/2013,Edward Davidson,Champigny-sur-Marne,France,Central,Home Office,12/08/2013,Economy Plus,Ile-de-France,2.515556,48.817049
AZ-2013-28182,09/08/2013,Kiara Allen,Coslada,Spain,South,Consumer,15/08/2013,Economy,Madrid,-3.5651646,40.4260459
AZ-2013-7143819,09/08/2013,Vaughn Gibbs,Hamburg,Germany,Central,Home Office,14/08/2013,Economy,Hamburg,9.9936818,53.5510846
AZ-2013-6702716,09/08/2013,Clifford Defreitas,London,United Kingdom,North,Corporate,11/08/2013,Priority,England,-0.1277583,51.5073509
BN-2013-8819107,09/08/2013,Christy Wiley,Six-Fours-les-Plages,France,Central,Consumer,15/08/2013,Economy,Provence-Alpes-Côte d'Azur,5.839225,43.093062
AZ-2013-6987158,10/08/2013,Richard Harvey,Miramas,France,Central,Corporate,12/08/2013,Economy Plus,Provence-Alpes-Côte d'Azur,5.002136,43.588896
AZ-2013-4856261,10/08/2013,Anthony Lawrence,Hamm,Germany,Central,Consumer,14/08/2013,Economy,North Rhine-Westphalia,7.8159816,51.6738583
BN-2013-9886336,10/08/2013,Skye McCaffrey,Vlaardingen,Netherlands,Central,Consumer,13/08/2013,Economy Plus,South Holland,4.3494366,51.9120668
AZ-2013-1907055,11/08/2013,Ella Troy,Bremen,Germany,Central,Home Office,16/08/2013,Economy,Bremen,8.8016937,53.0792962
AZ-2013-2011529,11/08/2013,Patricia Smith,Alcobendas,Spain,South,Corporate,14/08/2013,Economy Plus,Madrid,-3.6372245,40.5372512
BN-2013-9211723,11/08/2013,Wynona Janelle,Milan,Italy,South,Corporate,16/08/2013,Economy,Lombardy,9.1859243,45.4654219
AZ-2013-7204222,12/08/2013,Jade Daniels,Modena,Italy,South,Corporate,17/08/2013,Economy Plus,Emilia-Romagna,10.9252269,44.647128
AZ-2013-5937615,12/08/2013,Eleanor Doyle,Cardiff,United Kingdom,North,Consumer,16/08/2013,Economy,Wales,-3.17909,51.481581
AZ-2013-3001151,12/08/2013,Jake Barry,Rome,Italy,South,Home Office,17/08/2013,Economy,Lazio,12.4963655,41.9027835
AZ-2013-4147824,12/08/2013,Rhys Murphy,Genoa,Italy,South,Consumer,16/08/2013,Economy,Liguria,8.946256,44.4056499
AZ-2013-4105375,12/08/2013,Georgia Blackburn,Duisburg,Germany,Central,Corporate,12/08/2013,Immediate,North Rhine-Westphalia,6.7623293,51.4344079
AZ-2013-9134300,12/08/2013,Joseph Banks,Rome,Italy,South,Consumer,14/08/2013,Priority,Lazio,12.4963655,41.9027835
AZ-2013-8369315,12/08/2013,Kian Sykes,Madrid,Spain,South,Consumer,19/08/2013,Economy,Madrid,-3.7037902,40.4167754
AZ-2013-5637094,12/08/2013,Lilly Le Grand,Burnley,United Kingdom,North,Home Office,15/08/2013,Economy Plus,England,-2.2405035,53.7892877
BN-2013-8480413,12/08/2013,Eva Arnold,Brandenburg,Germany,Central,Consumer,16/08/2013,Economy,Brandenburg,12.5316444,52.4125287
BN-2013-4445925,12/08/2013,Yasmin Bradley,Stockholm,Sweden,North,Consumer,12/08/2013,Immediate,Stockholm,18.0685808,59.3293235
AZ-2013-425562,13/08/2013,Nicole Johns,Nieuwegein,Netherlands,Central,Consumer,17/08/2013,Economy,Utrecht,5.0918192,52.0248208
AZ-2013-4015759,13/08/2013,Aaron Bootman,Lille,France,Central,Consumer,13/08/2013,Immediate,Nord-Pas-de-Calais-Picardie,3.057256,50.62925
AZ-2013-8455178,13/08/2013,Ryan Ackland,Monza,Italy,South,Consumer,18/08/2013,Economy,Lombardy,9.2744485,45.5845001
AZ-2013-7944566,13/08/2013,Isaac David,Hamburg,Germany,Central,Corporate,19/08/2013,Economy,Hamburg,9.9936818,53.5510846
AZ-2013-3848149,13/08/2013,Don Willie,Montauban,France,Central,Corporate,15/08/2013,Priority,Languedoc-Roussillon-Midi-Pyrénées,1.3529599,44.0221252
BN-2013-3395469,13/08/2013,Kyle Nash,Dublin,Ireland,North,Consumer,18/08/2013,Economy,Dublin,-6.2603097,53.3498053
BN-2013-8410367,13/08/2013,Paige Bibi,Amsterdam,Netherlands,Central,Home Office,20/08/2013,Economy,North Holland,4.8951679,52.3702157
AZ-2013-1014615,14/08/2013,Hannah Conyers,Bielefeld,Germany,Central,Home Office,18/08/2013,Economy,North Rhine-Westphalia,8.5324708,52.0302285
AZ-2013-7396799,14/08/2013,Eve Bates,Thiais,France,Central,Consumer,19/08/2013,Economy Plus,Ile-de-France,2.387405,48.760344
AZ-2013-7004220,14/08/2013,Toni Lanz,Noisy-le-Sec,France,Central,Consumer,17/08/2013,Priority,Ile-de-France,2.458625,48.892489
AZ-2013-5832264,14/08/2013,Robert Barnes,Mulhouse,France,Central,Consumer,18/08/2013,Economy,Alsace-Champagne-Ardenne-Lorraine,7.335888,47.750839
AZ-2013-7130503,14/08/2013,George Dawson,Swindon,United Kingdom,North,Home Office,19/08/2013,Economy,England,-1.7797176,51.5557739
AZ-2013-1683748,14/08/2013,Edward Hodges,Brandenburg,Germany,Central,Consumer,18/08/2013,Economy,Brandenburg,12.5316444,52.4125287
AZ-2013-1571444,14/08/2013,Darcy Farnell,Mannheim,Germany,Central,Consumer,20/08/2013,Economy,Baden-Württemberg,8.4660395,49.4874592
BN-2013-7023709,14/08/2013,Brooke Horton,Venice,Italy,South,Consumer,18/08/2013,Economy,Veneto,12.3155151,45.4408474
AZ-2013-1179827,15/08/2013,Angus De Groot,Livry-Gargan,France,Central,Corporate,20/08/2013,Economy,Ile-de-France,2.536118,48.91923
AZ-2013-9573927,15/08/2013,Jonathan Franklin,Cork,Ireland,North,Home Office,16/08/2013,Priority,Cork,-8.4863157,51.8968917
BN-2013-3206993,15/08/2013,Jessica Williams,Toulouse,France,Central,Consumer,19/08/2013,Economy,Languedoc-Roussillon-Midi-Pyrénées,1.444209,43.604652
AZ-2013-4935792,16/08/2013,Scott Higgins,Santiago de Compostela,Spain,South,Home Office,20/08/2013,Economy,Galicia,-8.5448445,42.8782132
AZ-2013-5340788,16/08/2013,Ruby Frost,Sète,France,Central,Home Office,20/08/2013,Economy,Languedoc-Roussillon-Midi-Pyrénées,3.7008219,43.4078758
AZ-2013-4827275,16/08/2013,Anthony Lawrence,Drancy,France,Central,Consumer,21/08/2013,Economy,Ile-de-France,2.445676,48.924298
AZ-2013-2506599,16/08/2013,Isabelle Gould,Frederiksberg,Denmark,North,Consumer,20/08/2013,Economy Plus,Hovedstaden,12.513321,55.677069
AZ-2013-2248449,16/08/2013,Isaac David,Nottingham,United Kingdom,North,Corporate,23/08/2013,Economy,England,-1.1581086,52.9547832
AZ-2013-6147985,16/08/2013,Rachel Tyler,Castrop-Rauxel,Germany,Central,Corporate,20/08/2013,Economy,North Rhine-Westphalia,7.3150145,51.5632625
AZ-2013-6383663,16/08/2013,Xavier Synan,Offenbach,Germany,Central,Consumer,17/08/2013,Priority,Hesse,8.7760843,50.0956362
AZ-2013-2482135,16/08/2013,Rachel Morton,Newcastle upon Tyne,United Kingdom,North,Corporate,20/08/2013,Economy,England,-1.61778,54.978252
BN-2013-8516545,16/08/2013,Kai Wicks,Bremen,Germany,Central,Corporate,22/08/2013,Economy,Bremen,8.8016937,53.0792962
BN-2013-8844888,16/08/2013,Louis Scott,Valladolid,Spain,South,Corporate,20/08/2013,Economy Plus,Castile and León,-4.7245321,41.652251
AZ-2013-5080329,17/08/2013,Travis Corchado,Tamworth,United Kingdom,North,Corporate,20/08/2013,Economy Plus,England,-1.691032,52.633584
AZ-2013-1305763,17/08/2013,Alexandra Macdonald,Bochum,Germany,Central,Corporate,21/08/2013,Economy,North Rhine-Westphalia,7.2162363,51.4818445
AZ-2013-4958112,19/08/2013,Ella Knopwood,Kiel,Germany,Central,Consumer,23/08/2013,Economy,Schleswig-Holstein,10.1227652,54.3232927
AZ-2013-4503125,19/08/2013,Nancy Fike,Viersen,Germany,Central,Consumer,23/08/2013,Economy,North Rhine-Westphalia,6.3965235,51.2554987
BN-2013-5329355,19/08/2013,Gracie Hunter,Assen,Netherlands,Central,Consumer,21/08/2013,Priority,Drenthe,6.5642284,52.992753
BN-2013-1634253,19/08/2013,Tara Hines,Birmingham,United Kingdom,North,Consumer,19/08/2013,Immediate,England,-1.890401,52.486243
AZ-2013-4514932,20/08/2013,Kelly Long,La Ciotat,France,Central,Corporate,26/08/2013,Economy,Provence-Alpes-Côte d'Azur,5.605155,43.173653
AZ-2013-3136343,20/08/2013,Charli Rose,Manchester,United Kingdom,North,Consumer,24/08/2013,Economy,England,-2.2426305,53.4807593
BN-2013-9987561,20/08/2013,Eric Anderson,Le Mans,France,Central,Home Office,27/08/2013,Economy,Pays de la Loire,0.199556,48.00611
AZ-2013-5119241,21/08/2013,Grace Brown,Naples,Italy,South,Consumer,26/08/2013,Economy,Campania,14.2681244,40.8517746
AZ-2013-9381162,21/08/2013,Thomas Thompson,Beaune,France,Central,Corporate,26/08/2013,Economy Plus,Bourgogne-Franche-Comté,4.840004,47.02603
AZ-2013-1639148,21/08/2013,Maynard Moorman,Rochdale,United Kingdom,North,Consumer,26/08/2013,Economy Plus,England,-2.1561,53.6097136
AZ-2013-5610868,21/08/2013,Piper Wilder-Neligan,Berlin,Germany,Central,Consumer,26/08/2013,Economy,Berlin,13.404954,52.5200066
AZ-2013-6499468,21/08/2013,Andres Woodruff,Marseille,France,Central,Home Office,28/08/2013,Economy,Provence-Alpes-Côte d'Azur,5.36978,43.296482
AZ-2013-4416490,21/08/2013,Tyson Jonathan,Schwerin,Germany,Central,Consumer,27/08/2013,Economy,Mecklenburg-Vorpommern,11.4012499,53.6355022
AZ-2013-3298349,22/08/2013,Rhys Barnett,Vienna,Austria,Central,Consumer,26/08/2013,Economy,Vienna,16.3738189,48.2081743
AZ-2013-5949535,22/08/2013,Ethan Cover,Lincoln,United Kingdom,North,Home Office,27/08/2013,Economy Plus,England,-0.540579,53.230688
AZ-2013-7533368,22/08/2013,Toby Labilliere,Nantes,France,Central,Consumer,26/08/2013,Economy,Pays de la Loire,-1.553621,47.218371
AZ-2013-3274770,22/08/2013,Rebecca Chamberlain,Stuttgart,Germany,Central,Home Office,27/08/2013,Economy,Baden-Württemberg,9.1829321,48.7758459
AZ-2013-2659520,23/08/2013,Ewan Lee,Latina,Italy,South,Consumer,25/08/2013,Economy Plus,Lazio,12.9035965,41.4675671
AZ-2013-2972067,23/08/2013,Claire Harrington,Pistoia,Italy,South,Home Office,29/08/2013,Economy,Tuscany,10.9078587,43.9303475
AZ-2013-7719706,23/08/2013,Maya Pamphlett,Nottingham,United Kingdom,North,Consumer,25/08/2013,Priority,England,-1.1581086,52.9547832
AZ-2013-9398373,23/08/2013,Kristen Holland,Barnsley,United Kingdom,North,Consumer,25/08/2013,Priority,England,-1.479726,53.55263
AZ-2013-4599374,23/08/2013,Benjamin Humphries,Saint-Denis,France,Central,Consumer,28/08/2013,Economy,Ile-de-France,2.357443,48.936181
BN-2013-5717739,23/08/2013,Sam French,Ravenna,Italy,South,Consumer,28/08/2013,Economy,Emilia-Romagna,12.2035294,44.4183598
AZ-2013-8513388,24/08/2013,Michael Wilson,Solingen,Germany,Central,Home Office,27/08/2013,Economy Plus,North Rhine-Westphalia,7.0831408,51.1702072
AZ-2013-9167748,24/08/2013,Wynona Janelle,Manchester,United Kingdom,North,Corporate,30/08/2013,Economy,England,-2.2426305,53.4807593
BN-2013-5190964,24/08/2013,Angus Gether,Gera,Germany,Central,Consumer,29/08/2013,Economy,Thuringia,12.0807203,50.8850706
AZ-2013-1781904,25/08/2013,Luz Reilly,Redditch,United Kingdom,North,Consumer,27/08/2013,Priority,England,-1.940936,52.30897
AZ-2013-2721224,25/08/2013,Kyle Beard,Augsburg,Germany,Central,Consumer,27/08/2013,Priority,Bavaria,10.89779,48.3705449
AZ-2013-4313910,25/08/2013,Tom Charlton,Magdeburg,Germany,Central,Corporate,31/08/2013,Economy,Saxony-Anhalt,11.6276237,52.1205333
AZ-2013-7356315,26/08/2013,Lydia Webster,Bristol,United Kingdom,North,Consumer,30/08/2013,Economy,England,-2.58791,51.454513
AZ-2013-6674334,27/08/2013,Isabella Falkiner,Wetter (Ruhr),Germany,Central,Corporate,02/09/2013,Economy,North Rhine-Westphalia,7.3914998,51.3860225
AZ-2013-9667532,27/08/2013,Ruth Williams,London,United Kingdom,North,Consumer,31/08/2013,Economy,England,-0.1277583,51.5073509
AZ-2013-2534161,27/08/2013,Josh Wilkinson,Aalst,Belgium,Central,Corporate,01/09/2013,Economy,East Flanders,4.0409517,50.9378101
AZ-2013-6261184,27/08/2013,Elise Ali,Augsburg,Germany,Central,Home Office,02/09/2013,Economy,Bavaria,10.89779,48.3705449
AZ-2013-7378404,27/08/2013,Jay Andrews,Antwerp,Belgium,Central,Consumer,31/08/2013,Economy Plus,Antwerp,4.4024643,51.2194475
AZ-2013-5483858,27/08/2013,Madelyn Anderson,Oslo,Norway,North,Corporate,02/09/2013,Economy,Oslo,10.7522454,59.9138688
AZ-2013-972809,27/08/2013,Andrew Shah,Bergamo,Italy,South,Home Office,30/08/2013,Economy Plus,Lombardy,9.6772698,45.6982642
BN-2013-2677709,27/08/2013,Tyler Miah,Stockholm,Sweden,North,Home Office,31/08/2013,Economy,Stockholm,18.0685808,59.3293235
AZ-2013-7162758,28/08/2013,Lilian Macredie,London,United Kingdom,North,Corporate,03/09/2013,Economy,England,-0.1277583,51.5073509
AZ-2013-9065398,28/08/2013,Leon Barnes,Vernon,France,Central,Consumer,03/09/2013,Economy,Normandy,1.488107,49.091958
AZ-2013-709456,28/08/2013,Kevin Madigan,Birmingham,United Kingdom,North,Consumer,02/09/2013,Economy,England,-1.890401,52.486243
AZ-2013-8489982,28/08/2013,Zara Loton,Gloucester,United Kingdom,North,Corporate,01/09/2013,Economy,England,-2.238156,51.8642449
AZ-2013-2254265,28/08/2013,Patrick Townson,Beauvais,France,Central,Home Office,03/09/2013,Economy,Nord-Pas-de-Calais-Picardie,2.0807123,49.4295387
AZ-2013-4750547,28/08/2013,Kyle Nash,Bonn,Germany,Central,Consumer,02/09/2013,Economy,North Rhine-Westphalia,7.0982068,50.73743
AZ-2013-374373,28/08/2013,Alex Greenwood,Frankfurt,Germany,Central,Consumer,02/09/2013,Economy,Hesse,8.6821267,50.1109221
AZ-2013-9588348,28/08/2013,Kristen Holland,Argentan,France,Central,Consumer,01/09/2013,Economy,Normandy,-0.016566,48.744001
AZ-2013-112796,29/08/2013,Brian Garcia,Ravenna,Italy,South,Consumer,05/09/2013,Economy,Emilia-Romagna,12.2035294,44.4183598
AZ-2013-2276631,29/08/2013,Gerald Booth,Rome,Italy,South,Consumer,03/09/2013,Economy,Lazio,12.4963655,41.9027835
AZ-2013-3867309,29/08/2013,Isabelle Macghey,Glasgow,United Kingdom,North,Consumer,03/09/2013,Economy Plus,Scotland,-4.251806,55.864237
BN-2013-8187001,29/08/2013,Mark Briggs,Milan,Italy,South,Consumer,30/08/2013,Priority,Lombardy,9.1859243,45.4654219
AZ-2013-2076679,30/08/2013,Patrick Townson,Prato,Italy,South,Home Office,01/09/2013,Priority,Tuscany,11.102228,43.8777049
AZ-2013-8348000,30/08/2013,Chelsea Howell,Stuttgart,Germany,Central,Consumer,02/09/2013,Priority,Baden-Württemberg,9.1829321,48.7758459
AZ-2013-9969436,30/08/2013,Mia Pugh,Oslo,Norway,North,Consumer,31/08/2013,Priority,Oslo,10.7522454,59.9138688
AZ-2013-412985,30/08/2013,Sean Wheeler,Neubrandenburg,Germany,Central,Corporate,03/09/2013,Economy,Mecklenburg-Vorpommern,13.2779269,53.5678292
BN-2013-3241235,30/08/2013,Alannah Langridge,Naples,Italy,South,Consumer,04/09/2013,Economy Plus,Campania,14.2681244,40.8517746
AZ-2013-8607757,31/08/2013,Eden Gooseberry,Viroflay,France,Central,Corporate,07/09/2013,Economy,Ile-de-France,2.173231,48.79966
AZ-2013-1408349,31/08/2013,Terence Welch,Venice,Italy,South,Consumer,02/09/2013,Economy Plus,Veneto,12.3155151,45.4408474
BN-2013-8210403,31/08/2013,Scarlett Pollard,Celle,Germany,Central,Corporate,03/09/2013,Priority,Lower Saxony,10.0628515,52.6175963
AZ-2013-9012669,02/09/2013,Charlie Horrocks,Siegen,Germany,Central,Consumer,05/09/2013,Priority,North Rhine-Westphalia,8.0209591,50.8838492
AZ-2013-1978378,02/09/2013,Dominic Scott,Alicante,Spain,South,Consumer,04/09/2013,Priority,Valenciana,-0.4906855,38.3459963
AZ-2013-2435925,02/09/2013,Georgia Blackburn,Valladolid,Spain,South,Corporate,08/09/2013,Economy,Castile and León,-4.7245321,41.652251
AZ-2013-3751921,02/09/2013,Declan Dundas,Burnley,United Kingdom,North,Corporate,09/09/2013,Economy,England,-2.2405035,53.7892877
AZ-2013-1414174,03/09/2013,Sue Castaneda,Malakoff,France,Central,Home Office,05/09/2013,Economy Plus,Ile-de-France,2.2977599,48.817275
AZ-2013-2690702,03/09/2013,Gabriel Sanders,Ludwigshafen am Rhein,Germany,Central,Consumer,08/09/2013,Economy,Rhineland-Palatinate,8.44518,49.47741
AZ-2013-8748241,03/09/2013,Jack Brier,Dresden,Germany,Central,Consumer,07/09/2013,Economy Plus,Saxony,13.7372621,51.0504088
AZ-2013-1388656,03/09/2013,Bianca Monsoor,Montreuil,France,Central,Consumer,05/09/2013,Economy Plus,Ile-de-France,2.448451,48.863812
BN-2013-4388015,03/09/2013,Lisa Watkins,Birmingham,United Kingdom,North,Consumer,05/09/2013,Economy Plus,England,-1.890401,52.486243
AZ-2013-9992531,04/09/2013,Kristen Holland,Berlin,Germany,Central,Consumer,08/09/2013,Economy,Berlin,13.404954,52.5200066
AZ-2013-1036545,04/09/2013,Max Ludwig,Bilbao,Spain,South,Home Office,08/09/2013,Economy,Basque Country,-2.9349852,43.2630126
AZ-2013-9649532,04/09/2013,Hayden Perkins,Cannes,France,Central,Consumer,10/09/2013,Economy,Provence-Alpes-Côte d'Azur,7.017369,43.552847
AZ-2013-3926345,04/09/2013,Frances Matthias,Niort,France,Central,Corporate,07/09/2013,Economy Plus,Aquitaine-Limousin-Poitou-Charentes,-0.464777,46.323716
AZ-2013-2182228,04/09/2013,Ngoc Orozco,Antwerp,Belgium,Central,Home Office,06/09/2013,Economy Plus,Antwerp,4.4024643,51.2194475
BN-2013-7517889,04/09/2013,Lillian Davis,Venice,Italy,South,Consumer,09/09/2013,Economy,Veneto,12.3155151,45.4408474
AZ-2013-2573361,05/09/2013,Tia Metcalfe,Martigues,France,Central,Consumer,07/09/2013,Priority,Provence-Alpes-Côte d'Azur,5.053728,43.404811
AZ-2013-1229971,05/09/2013,Chelsea Parkinson,Le Plessis-Robinson,France,Central,Corporate,07/09/2013,Economy Plus,Ile-de-France,2.266257,48.780426
AZ-2013-3688598,05/09/2013,Madison Rowley,Cork,Ireland,North,Consumer,08/09/2013,Priority,Cork,-8.4863157,51.8968917
AZ-2013-8751225,05/09/2013,Bettie Lang,Le Havre,France,Central,Consumer,10/09/2013,Economy,Normandy,0.107929,49.49437
BN-2013-8861319,05/09/2013,Louie Bryant,Treviso,Italy,South,Corporate,07/09/2013,Economy Plus,Veneto,12.2430437,45.6668893
BN-2013-6509529,05/09/2013,Corey Browne,Slough,United Kingdom,North,Consumer,11/09/2013,Economy,England,-0.5950406,51.5105384
BN-2013-9076931,05/09/2013,Harry Josephson,Erfurt,Germany,Central,Consumer,10/09/2013,Economy,Thuringia,11.0298799,50.9847679
BN-2013-7723216,05/09/2013,Freya Daniels,Oxford,United Kingdom,North,Consumer,09/09/2013,Economy,England,-1.2577263,51.7520209
AZ-2013-6337474,06/09/2013,Julian Mack,Middlesbrough,United Kingdom,North,Consumer,10/09/2013,Economy,England,-1.234956,54.574227
AZ-2013-1738409,06/09/2013,Hudson Ordell,Ipswich,United Kingdom,North,Corporate,11/09/2013,Economy Plus,England,1.14822,52.056736
AZ-2013-6379416,07/09/2013,Millie Franklin,Bonn,Germany,Central,Consumer,14/09/2013,Economy,North Rhine-Westphalia,7.0982068,50.73743
AZ-2013-4327909,07/09/2013,Gilbert Montgomery,Frederiksberg,Denmark,North,Consumer,12/09/2013,Economy Plus,Hovedstaden,12.513321,55.677069
AZ-2013-8676684,07/09/2013,Michael Bradshaw,Plymouth,United Kingdom,North,Consumer,12/09/2013,Economy,England,-4.1426565,50.3754565
AZ-2013-6143126,09/09/2013,Rose Nicolay,Lanester,France,Central,Home Office,11/09/2013,Economy Plus,Brittany,-3.347354,47.763494
AZ-2013-212873,09/09/2013,Angelina Hurst,Lohne,Germany,Central,Consumer,16/09/2013,Economy,Lower Saxony,8.7220862,52.1941419
AZ-2013-4231059,09/09/2013,Bryce Efird,Munich,Germany,Central,Corporate,11/09/2013,Priority,Bavaria,11.5819806,48.1351253
AZ-2013-5687918,09/09/2013,Ruby Patel,Bayreuth,Germany,Central,Home Office,16/09/2013,Economy,Bavaria,11.5713346,49.9456399
AZ-2013-7922182,09/09/2013,Jade Daniels,Helsinki,Finland,North,Corporate,13/09/2013,Economy,Uusimaa,24.938379,60.1698557
AZ-2013-8882411,09/09/2013,Ashton Charles,Catania,Italy,South,Consumer,14/09/2013,Economy,Sicily,15.0830304,37.5078772
BN-2013-2505357,09/09/2013,Jeffrey Laird,Erfurt,Germany,Central,Corporate,15/09/2013,Economy,Thuringia,11.0298799,50.9847679
AZ-2013-6399452,10/09/2013,Leslie Wilson,Murcia,Spain,South,Consumer,14/09/2013,Economy,Murcia,-1.1306544,37.9922399
AZ-2013-6101031,10/09/2013,Holly Doyle,Cergy,France,Central,Consumer,16/09/2013,Economy,Ile-de-France,2.060325,49.035617
BN-2013-1262066,10/09/2013,Hazel Turner,Breda,Netherlands,Central,Home Office,14/09/2013,Economy Plus,North Brabant,4.768323,51.5719149
BN-2013-7972681,10/09/2013,Will Poynton,Zurich,Switzerland,Central,Consumer,15/09/2013,Economy Plus,Zürich,8.541694,47.3768866
BN-2013-1607455,10/09/2013,Rhys Murphy,Lisbon,Portugal,South,Consumer,15/09/2013,Economy,Lisboa,-9.1393366,38.7222524
AZ-2013-1301183,11/09/2013,Bella Handfield,London,United Kingdom,North,Corporate,13/09/2013,Economy Plus,England,-0.1277583,51.5073509
AZ-2013-6408423,11/09/2013,Amy Pendred,Faenza,Italy,South,Consumer,14/09/2013,Priority,Emilia-Romagna,11.8774091,44.2898527
AZ-2013-4304749,11/09/2013,Patricia Epps,Vicenza,Italy,South,Corporate,13/09/2013,Economy Plus,Veneto,11.5354214,45.5454787
AZ-2013-4953096,12/09/2013,Corey Browne,Darmstadt,Germany,Central,Consumer,15/09/2013,Priority,Hesse,8.6511929,49.8728253
AZ-2013-6776872,12/09/2013,Declan Dundas,Bilbao,Spain,South,Corporate,16/09/2013,Economy,Basque Country,-2.9349852,43.2630126
AZ-2013-5834532,12/09/2013,Britney Basaldua,Bremen,Germany,Central,Corporate,14/09/2013,Priority,Bremen,8.8016937,53.0792962
AZ-2013-584575,12/09/2013,Scarlett Truchanas,Coventry,United Kingdom,North,Corporate,16/09/2013,Economy,England,-1.519693,52.406822
BN-2013-3574663,12/09/2013,Anthony Spooner,Bergen op Zoom,Netherlands,Central,Corporate,15/09/2013,Economy Plus,North Brabant,4.2871622,51.4945758
BN-2013-6699352,12/09/2013,Kimberly Jones,Uppsala,Sweden,North,Corporate,17/09/2013,Economy,Uppsala,17.6389267,59.8585638
BN-2013-5550345,12/09/2013,Lauren Knight,London,United Kingdom,North,Consumer,12/09/2013,Immediate,England,-0.1277583,51.5073509
AZ-2013-860383,13/09/2013,Riley Douglas,Rimini,Italy,South,Corporate,18/09/2013,Economy,Emilia-Romagna,12.5695158,44.0678288
AZ-2013-4983076,13/09/2013,Dominic Stephenson,Munster,Germany,Central,Home Office,19/09/2013,Economy,Lower Saxony,7.6261347,51.9606649
AZ-2013-8981148,14/09/2013,Ashton Foley,Vienna,Austria,Central,Consumer,19/09/2013,Economy,Vienna,16.3738189,48.2081743
AZ-2013-885616,14/09/2013,James Casados,Pamplona,Spain,South,Consumer,15/09/2013,Priority,Navarra,-1.6457745,42.812526
BN-2013-2970866,14/09/2013,Devin Huddleston,Venice,Italy,South,Consumer,18/09/2013,Economy,Veneto,12.3155151,45.4408474
BN-2013-4841174,14/09/2013,Mary Hough,Solihull,United Kingdom,North,Home Office,16/09/2013,Economy Plus,England,-1.77761,52.411811
AZ-2013-6030964,15/09/2013,Georgina Garner,Frankfurt,Germany,Central,Consumer,21/09/2013,Economy,Hesse,8.6821267,50.1109221
AZ-2013-5420314,16/09/2013,John Basser,Lincoln,United Kingdom,North,Corporate,21/09/2013,Economy,England,-0.540579,53.230688
AZ-2013-1998308,16/09/2013,Scarlett Pollard,Harlow,United Kingdom,North,Corporate,21/09/2013,Economy,England,0.087806,51.767787
AZ-2013-8046606,16/09/2013,Joel Peters,Villemomble,France,Central,Home Office,21/09/2013,Economy,Ile-de-France,2.505069,48.886727
AZ-2013-9800622,16/09/2013,Lori Miller,Duisburg,Germany,Central,Consumer,19/09/2013,Priority,North Rhine-Westphalia,6.7623293,51.4344079
AZ-2013-3387744,16/09/2013,Daisy Summers,Valencia,Spain,South,Corporate,18/09/2013,Priority,Valenciana,-0.3762881,39.4699075
BN-2013-6614277,16/09/2013,Corey Browne,Arnhem,Netherlands,Central,Consumer,21/09/2013,Economy,Gelderland,5.8987296,51.9851034
AZ-2013-3911329,17/09/2013,Lilly Le Grand,Munster,Germany,Central,Home Office,20/09/2013,Priority,Lower Saxony,7.6261347,51.9606649
AZ-2013-7581028,17/09/2013,Ruby Frost,London,United Kingdom,North,Home Office,21/09/2013,Economy,England,-0.1277583,51.5073509
AZ-2013-2101736,17/09/2013,Lester Wimmer,Valladolid,Spain,South,Consumer,19/09/2013,Economy Plus,Castile and León,-4.7245321,41.652251
AZ-2013-6535655,17/09/2013,Jonathan Loftus,Las Rozas de Madrid,Spain,South,Home Office,21/09/2013,Economy,Madrid,-3.8757916,40.4935329
AZ-2013-4414400,17/09/2013,Harold Smith,Reims,France,Central,Consumer,23/09/2013,Economy,Alsace-Champagne-Ardenne-Lorraine,4.031696,49.258329
AZ-2013-9757987,18/09/2013,Florence Wark,Irun,Spain,South,Consumer,22/09/2013,Economy,Basque Country,-1.7888495,43.3381465
AZ-2013-1321075,18/09/2013,Jesse Godson,Munich,Germany,Central,Corporate,22/09/2013,Economy,Bavaria,11.5819806,48.1351253
AZ-2013-2380207,18/09/2013,Eden Gooseberry,Paris,France,Central,Corporate,23/09/2013,Economy,Ile-de-France,2.3522219,48.856614
AZ-2013-3357605,19/09/2013,Madeline Crooks,Paris,France,Central,Consumer,23/09/2013,Economy Plus,Ile-de-France,2.3522219,48.856614
AZ-2013-4881884,19/09/2013,Janet Broussard,Nottingham,United Kingdom,North,Consumer,21/09/2013,Economy Plus,England,-1.1581086,52.9547832
BN-2013-9441489,19/09/2013,Isabelle Gould,Vila Nova de Gaia,Portugal,South,Consumer,24/09/2013,Economy,Porto,-8.6117851,41.1238759
BN-2013-6936779,19/09/2013,Zachary Disher,Naples,Italy,South,Consumer,21/09/2013,Economy Plus,Campania,14.2681244,40.8517746
AZ-2013-9777837,20/09/2013,Nicole Howard,Milan,Italy,South,Consumer,24/09/2013,Economy,Lombardy,9.1859243,45.4654219
AZ-2013-8635994,20/09/2013,Charlotte Taylor,Berne,Switzerland,Central,Consumer,23/09/2013,Priority,Bern,7.4474468,46.9479739
AZ-2013-3021491,20/09/2013,Mary Saterfiel,Dortmund,Germany,Central,Consumer,21/09/2013,Immediate,North Rhine-Westphalia,7.4652981,51.5135872
AZ-2013-1690720,20/09/2013,Jake Goodwin,Haguenau,France,Central,Home Office,24/09/2013,Economy Plus,Alsace-Champagne-Ardenne-Lorraine,7.79125,48.813288
AZ-2013-6968684,20/09/2013,Alexis Code,Busto Arsizio,Italy,South,Corporate,25/09/2013,Economy,Lombardy,8.8531265,45.611892
BN-2013-3010775,20/09/2013,Robert Barnes,Toulouse,France,Central,Consumer,23/09/2013,Priority,Languedoc-Roussillon-Midi-Pyrénées,1.444209,43.604652
BN-2013-9278672,20/09/2013,Ruth Williams,Dublin,Ireland,North,Consumer,24/09/2013,Economy Plus,Dublin,-6.2603097,53.3498053
AZ-2013-1307141,21/09/2013,Charles Builder,Berlin,Germany,Central,Consumer,28/09/2013,Economy,Berlin,13.404954,52.5200066
AZ-2013-9773289,21/09/2013,Skye Hammond,Teramo,Italy,South,Corporate,23/09/2013,Priority,Abruzzi,13.6986639,42.6611431
AZ-2013-3097789,21/09/2013,Demi Power,Vienna,Austria,Central,Consumer,27/09/2013,Economy,Vienna,16.3738189,48.2081743
AZ-2013-842018,21/09/2013,George Dawson,Pozzuoli,Italy,South,Home Office,28/09/2013,Economy,Campania,14.0932861,40.8459469
BN-2013-4083449,21/09/2013,Lara Stoate,Toulouse,France,Central,Corporate,27/09/2013,Economy,Languedoc-Roussillon-Midi-Pyrénées,1.444209,43.604652
BN-2013-4811431,21/09/2013,Louis Dominguez,Dublin,Ireland,North,Corporate,24/09/2013,Priority,Dublin,-6.2603097,53.3498053
AZ-2013-7918506,23/09/2013,Jason Martinez,Milan,Italy,South,Corporate,28/09/2013,Economy,Lombardy,9.1859243,45.4654219
AZ-2013-2736729,23/09/2013,Lilian Rodgers,Evry,France,Central,Consumer,27/09/2013,Economy,Ile-de-France,2.441782,48.629828
BN-2013-5560836,23/09/2013,Juanita Smalls,Lisbon,Portugal,South,Home Office,29/09/2013,Economy,Lisboa,-9.1393366,38.7222524
BN-2013-3933784,23/09/2013,Sofia Goddard,Birmingham,United Kingdom,North,Corporate,27/09/2013,Economy,England,-1.890401,52.486243
AZ-2013-7542722,24/09/2013,Joseph Locke,Odense,Denmark,North,Corporate,29/09/2013,Economy,South Denmark,10.40237,55.403756
AZ-2013-7588631,24/09/2013,Hudson Ordell,Villeneuve-le-Roi,France,Central,Corporate,01/10/2013,Economy,Ile-de-France,2.407557,48.732026
AZ-2013-4267689,24/09/2013,Ricky Cullen,Barcelona,Spain,South,Consumer,28/09/2013,Economy,Catalonia,2.1734035,41.3850639
AZ-2013-5249533,24/09/2013,Timothy Pownall,Hagen,Germany,Central,Consumer,30/09/2013,Economy,North Rhine-Westphalia,7.4632841,51.3670777
AZ-2013-764808,24/09/2013,Cooper Burn,Le Mans,France,Central,Consumer,30/09/2013,Economy,Pays de la Loire,0.199556,48.00611
BN-2013-9324340,24/09/2013,Gilbert Montgomery,Gera,Germany,Central,Consumer,30/09/2013,Economy,Thuringia,12.0807203,50.8850706
AZ-2013-5712396,25/09/2013,Jonathan Barbee,Berlin,Germany,Central,Consumer,29/09/2013,Economy,Berlin,13.404954,52.5200066
AZ-2013-8435780,25/09/2013,Kai Wicks,Widnes,United Kingdom,North,Corporate,30/09/2013,Economy,England,-2.733637,53.361024
AZ-2013-5176501,25/09/2013,Steven Prince,Neuilly-sur-Marne,France,Central,Home Office,29/09/2013,Economy,Ile-de-France,2.528373,48.856898
AZ-2013-6736860,25/09/2013,Gabrielle Tulaba,Hamburg,Germany,Central,Consumer,26/09/2013,Priority,Hamburg,9.9936818,53.5510846
AZ-2013-2764499,25/09/2013,Adam Peacock,Martigues,France,Central,Corporate,29/09/2013,Economy,Provence-Alpes-Côte d'Azur,5.053728,43.404811
AZ-2013-9185602,25/09/2013,Mary Wilson,Great Yarmouth,United Kingdom,North,Consumer,25/09/2013,Immediate,England,1.728047,52.598233
BN-2013-5989900,25/09/2013,Cooper Burn,Heerlen,Netherlands,Central,Consumer,27/09/2013,Economy Plus,Limburg,5.9794988,50.8881742
BN-2013-2717861,25/09/2013,Evie Flockhart,Lisbon,Portugal,South,Consumer,30/09/2013,Economy,Lisboa,-9.1393366,38.7222524
BN-2013-6417134,25/09/2013,Molly Palmer,London,United Kingdom,North,Corporate,30/09/2013,Economy,England,-0.1277583,51.5073509
AZ-2013-7698467,26/09/2013,Kayla Ronald,Legnano,Italy,South,Corporate,01/10/2013,Economy,Lombardy,8.9142485,45.5983403
AZ-2013-9352231,26/09/2013,Noah Hart,Ghent,Belgium,Central,Consumer,30/09/2013,Economy Plus,East Flanders,3.7174243,51.0543422
AZ-2013-8218770,26/09/2013,Lilly Akhtar,Edinburgh,United Kingdom,North,Home Office,01/10/2013,Economy,Scotland,-3.188267,55.953252
BN-2013-2085562,26/09/2013,Elisabeth Manson,Stockholm,Sweden,North,Consumer,29/09/2013,Economy Plus,Stockholm,18.0685808,59.3293235
BN-2013-132912,26/09/2013,Britney Basaldua,Conflans-Sainte-Honorine,France,Central,Corporate,01/10/2013,Economy,Ile-de-France,2.09178,49.000275
AZ-2013-1278539,27/09/2013,Dominic Stephenson,Franconville,France,Central,Home Office,03/10/2013,Economy,Ile-de-France,2.229632,48.986011
AZ-2013-1059727,27/09/2013,Daniel Howells,Paris,France,Central,Corporate,28/09/2013,Priority,Ile-de-France,2.3522219,48.856614
AZ-2013-8987528,27/09/2013,Eloise Sykes,Essen,Germany,Central,Consumer,02/10/2013,Economy,North Rhine-Westphalia,7.0115552,51.4556432
AZ-2013-5743431,27/09/2013,Robert Barnes,Benidorm,Spain,South,Consumer,27/09/2013,Immediate,Valenciana,-0.1224937,38.5410566
AZ-2013-200984,27/09/2013,Holly Black,Glasgow,United Kingdom,North,Home Office,27/09/2013,Immediate,Scotland,-4.251806,55.864237
AZ-2013-2994768,27/09/2013,Ali Jerger,Versailles,France,Central,Corporate,02/10/2013,Economy,Ile-de-France,2.130122,48.801408
AZ-2013-7212941,27/09/2013,Robert Ramsey,Firminy,France,Central,Consumer,01/10/2013,Economy,Auvergne-Rhône-Alpes,4.287617,45.387638
BN-2013-3793462,27/09/2013,Nicole Johns,Hanover,Germany,Central,Consumer,02/10/2013,Economy,Lower Saxony,9.7320104,52.3758916
BN-2013-7214876,27/09/2013,Chloe Landale,London,United Kingdom,North,Home Office,02/10/2013,Economy,England,-0.1277583,51.5073509
AZ-2013-8862590,28/09/2013,Ada Dalton,Roissy-en-Brie,France,Central,Corporate,28/09/2013,Immediate,Ile-de-France,2.656802,48.7904005
AZ-2013-6795537,28/09/2013,Ewan Walton,Paris,France,Central,Consumer,02/10/2013,Economy,Ile-de-France,2.3522219,48.856614
BN-2013-5478479,28/09/2013,James Bruns,Reims,France,Central,Consumer,04/10/2013,Economy,Alsace-Champagne-Ardenne-Lorraine,4.031696,49.258329
BN-2013-7936258,29/09/2013,Edward Dolling,Stains,France,Central,Consumer,04/10/2013,Economy,Ile-de-France,2.384703,48.955387
AZ-2013-2357064,30/09/2013,Ruby Blomfield,Rome,Italy,South,Consumer,05/10/2013,Economy,Lazio,12.4963655,41.9027835
AZ-2013-6788616,30/09/2013,Edward Zwar,Ingolstadt,Germany,Central,Consumer,30/09/2013,Immediate,Bavaria,11.4257541,48.7665351
AZ-2013-2267940,01/10/2013,Robert Zapata,Haninge,Sweden,North,Consumer,05/10/2013,Economy,Stockholm,18.1413702,59.17555
AZ-2013-1894900,01/10/2013,Richard Poole,Siegen,Germany,Central,Home Office,07/10/2013,Economy,North Rhine-Westphalia,8.0209591,50.8838492
AZ-2013-5416676,03/10/2013,John Kemp,Stoke-on-Trent,United Kingdom,North,Home Office,09/10/2013,Economy,England,-2.179404,53.002668
AZ-2013-2014135,03/10/2013,Jack Brier,Erftstadt,Germany,Central,Consumer,09/10/2013,Economy,North Rhine-Westphalia,6.7774607,50.7948075
AZ-2013-4505050,03/10/2013,Natasha Sykes,Genoa,Italy,South,Consumer,09/10/2013,Economy,Liguria,8.946256,44.4056499
AZ-2013-1255477,04/10/2013,Sebastian Barber,Ratingen,Germany,Central,Home Office,07/10/2013,Economy Plus,North Rhine-Westphalia,6.8401844,51.2964148
AZ-2013-7546171,04/10/2013,Sophia Owen,Velbert,Germany,Central,Corporate,05/10/2013,Priority,North Rhine-Westphalia,7.0426775,51.3370703
AZ-2013-6657478,04/10/2013,Eden Gooseberry,Linz,Austria,Central,Corporate,08/10/2013,Economy,Upper Austria,14.28583,48.30694
AZ-2013-1235765,05/10/2013,Kristal McCaslin,Vienna,Austria,Central,Corporate,09/10/2013,Economy,Vienna,16.3738189,48.2081743
AZ-2013-5850386,05/10/2013,Jacob Roemer,Dresden,Germany,Central,Corporate,09/10/2013,Economy,Saxony,13.7372621,51.0504088
BN-2013-9455673,05/10/2013,Charlie Horrocks,Bar-le-Duc,France,Central,Consumer,09/10/2013,Economy,Alsace-Champagne-Ardenne-Lorraine,5.158238,48.773605
BN-2013-7314107,07/10/2013,Stacy Cummings,Cesena,Italy,South,Consumer,13/10/2013,Economy,Emilia-Romagna,12.2464292,44.1396438
AZ-2013-424654,08/10/2013,Tyson Hanna,Runcorn,United Kingdom,North,Consumer,15/10/2013,Economy,England,-2.729673,53.342078
AZ-2013-1317735,08/10/2013,Kayla Ronald,Harrogate,United Kingdom,North,Corporate,12/10/2013,Economy,England,-1.541812,53.99212
AZ-2013-2566015,08/10/2013,Carol Evans,Madrid,Spain,South,Consumer,11/10/2013,Priority,Madrid,-3.7037902,40.4167754
AZ-2013-3515290,09/10/2013,Rory Martindale,Eastbourne,United Kingdom,North,Consumer,14/10/2013,Economy,England,0.290472,50.768035
BN-2013-2588194,09/10/2013,Jared Wurster,Porto,Portugal,South,Consumer,10/10/2013,Priority,Porto,-8.6291053,41.1579438
AZ-2013-2203861,10/10/2013,Alana Zahel,Annonay,France,Central,Consumer,14/10/2013,Economy,Auvergne-Rhône-Alpes,4.667349,45.239403
AZ-2013-5227622,10/10/2013,Mark Burkett,Wakefield,United Kingdom,North,Home Office,13/10/2013,Economy Plus,England,-1.505924,53.683298
BN-2013-6158270,10/10/2013,Jade Howe,Milan,Italy,South,Corporate,14/10/2013,Economy Plus,Lombardy,9.1859243,45.4654219
AZ-2013-1448601,11/10/2013,Mark Harris,Berne,Switzerland,Central,Consumer,15/10/2013,Economy,Bern,7.4474468,46.9479739
AZ-2013-3075168,11/10/2013,Zachary Disher,Great Yarmouth,United Kingdom,North,Consumer,13/10/2013,Economy Plus,England,1.728047,52.598233
AZ-2013-4133988,11/10/2013,William Somerville,Dorsten,Germany,Central,Corporate,15/10/2013,Economy,North Rhine-Westphalia,6.9642606,51.6559681
BN-2013-1094038,11/10/2013,Isabella Cleary,Taranto,Italy,South,Home Office,15/10/2013,Economy,Apulia,17.2470303,40.4643606
BN-2013-3350047,11/10/2013,Courtney Hancock,Neuilly-sur-Seine,France,Central,Consumer,15/10/2013,Economy,Ile-de-France,2.26851,48.884831
AZ-2013-5776875,12/10/2013,Kiera Chandler,Valencia,Spain,South,Consumer,12/10/2013,Immediate,Valenciana,-0.3762881,39.4699075
AZ-2013-186027,12/10/2013,Joel McKean,Cuenca,Spain,South,Home Office,17/10/2013,Economy,Castile-La Mancha,-2.1374162,40.0703925
BN-2013-2633333,12/10/2013,Toby Starling,Porto,Portugal,South,Consumer,16/10/2013,Economy,Porto,-8.6291053,41.1579438
AZ-2013-8194857,14/10/2013,Gabrielle Tulaba,Antwerp,Belgium,Central,Consumer,18/10/2013,Economy,Antwerp,4.4024643,51.2194475
AZ-2013-1372468,14/10/2013,Niki Peirce,Valencia,Spain,South,Consumer,18/10/2013,Economy Plus,Valenciana,-0.3762881,39.4699075
BN-2013-7615077,14/10/2013,Robert James,Modena,Italy,South,Home Office,21/10/2013,Economy,Emilia-Romagna,10.9252269,44.647128
AZ-2013-9263233,15/10/2013,Zona Meyer,Aubervilliers,France,Central,Corporate,17/10/2013,Economy Plus,Ile-de-France,2.384049,48.912259
AZ-2013-5465324,15/10/2013,Corey Browne,Hamburg,Germany,Central,Consumer,20/10/2013,Economy,Hamburg,9.9936818,53.5510846
AZ-2013-5702872,16/10/2013,Joan Douglas,Lorca,Spain,South,Corporate,22/10/2013,Economy,Murcia,-1.6968357,37.6735925
AZ-2013-1313420,16/10/2013,Gilbert Montgomery,Villiers-le-Bel,France,Central,Consumer,18/10/2013,Priority,Ile-de-France,2.387981,49.007379
BN-2013-1620263,16/10/2013,Bradley Howell,Heerlen,Netherlands,Central,Corporate,17/10/2013,Priority,Limburg,5.9794988,50.8881742
AZ-2013-7312557,17/10/2013,Lucas Wood,Chesterfield,United Kingdom,North,Corporate,22/10/2013,Economy Plus,England,-1.421629,53.235048
AZ-2013-7735459,18/10/2013,Harvey Drozd,Marseille,France,Central,Consumer,24/10/2013,Economy,Provence-Alpes-Côte d'Azur,5.36978,43.296482
AZ-2013-6105265,18/10/2013,Aaron Bootman,Marseille,France,Central,Consumer,20/10/2013,Economy Plus,Provence-Alpes-Côte d'Azur,5.36978,43.296482
AZ-2013-5292560,18/10/2013,Matilda Jackson,Elx,Spain,South,Corporate,22/10/2013,Economy,Valenciana,-0.7125608,38.2699329
AZ-2013-8869856,18/10/2013,Joan Douglas,Madrid,Spain,South,Corporate,18/10/2013,Immediate,Madrid,-3.7037902,40.4167754
AZ-2013-4187412,18/10/2013,Florence Wark,Seraing,Belgium,Central,Consumer,22/10/2013,Economy,Liège,5.4996297,50.5838832
AZ-2013-2429126,21/10/2013,Arnold Jones,Liverpool,United Kingdom,North,Corporate,24/10/2013,Priority,England,-2.9915726,53.4083714
AZ-2013-990166,22/10/2013,Toby Starling,Le Blanc-Mesnil,France,Central,Consumer,22/10/2013,Immediate,Ile-de-France,2.46436,48.941345
AZ-2013-1245040,23/10/2013,Owen Faulkner,Vienna,Austria,Central,Home Office,24/10/2013,Priority,Vienna,16.3738189,48.2081743
AZ-2013-890356,23/10/2013,Amanda Hutcherson,Acerra,Italy,South,Corporate,28/10/2013,Economy,Campania,14.371438,40.9441091
AZ-2013-9000546,23/10/2013,Aidan Rowe,Barakaldo,Spain,South,Consumer,27/10/2013,Economy,Basque Country,-2.9862029,43.2969875
AZ-2013-3293484,24/10/2013,Kai Ford,Lyon,France,Central,Corporate,28/10/2013,Economy Plus,Auvergne-Rhône-Alpes,4.835659,45.764043
BN-2013-7058258,24/10/2013,David Mortlock,Uithoorn,Netherlands,Central,Consumer,28/10/2013,Economy,North Holland,4.8317337,52.2446266
AZ-2013-1579210,25/10/2013,Harrison Crawford,Maidstone,United Kingdom,North,Home Office,30/10/2013,Economy,England,0.522699,51.270363
AZ-2013-6063955,25/10/2013,Ramona Hohl,Palma de Mallorca,Spain,South,Consumer,28/10/2013,Economy Plus,Balearic Islands,2.6501603,39.5696005
AZ-2013-1025501,28/10/2013,Samuel Hardey,Magdeburg,Germany,Central,Home Office,01/11/2013,Economy,Saxony-Anhalt,11.6276237,52.1205333
AZ-2013-6141495,28/10/2013,Madelyn Anderson,Halesowen,United Kingdom,North,Corporate,02/11/2013,Economy Plus,England,-2.050526,52.449845
AZ-2013-9354071,29/10/2013,Caitlin Schmidt,Puteaux,France,Central,Corporate,03/11/2013,Economy Plus,Ile-de-France,2.23964,48.884748
AZ-2013-3198739,29/10/2013,Jake Goodwin,Valencia,Spain,South,Home Office,03/11/2013,Economy,Valenciana,-0.3762881,39.4699075
AZ-2013-6181166,29/10/2013,Leo Jenkins,Glasgow,United Kingdom,North,Home Office,02/11/2013,Economy Plus,Scotland,-4.251806,55.864237
AZ-2013-3461507,29/10/2013,Alexandra Macdonald,Fontaine,France,Central,Corporate,31/10/2013,Economy Plus,Auvergne-Rhône-Alpes,5.688211,45.192754
AZ-2013-8659278,30/10/2013,Eve Spencer,Augsburg,Germany,Central,Consumer,30/10/2013,Immediate,Bavaria,10.89779,48.3705449
BN-2013-6314104,30/10/2013,John Harris,The Hague,Netherlands,Central,Corporate,06/11/2013,Economy,South Holland,4.3006999,52.0704978
AZ-2013-796165,31/10/2013,Charlotte Savage,Bilbao,Spain,South,Consumer,05/11/2013,Economy,Basque Country,-2.9349852,43.2630126
AZ-2013-4915584,31/10/2013,James Groom,Calais,France,Central,Corporate,04/11/2013,Economy,Nord-Pas-de-Calais-Picardie,1.858686,50.95129
AZ-2013-61597,01/11/2013,Ricky Cullen,Quimper,France,Central,Consumer,06/11/2013,Economy,Brittany,-4.097899,47.997542
AZ-2013-5007894,01/11/2013,Jacob Varley,Magdeburg,Germany,Central,Corporate,06/11/2013,Economy,Saxony-Anhalt,11.6276237,52.1205333
AZ-2013-6552361,01/11/2013,Jamie Le Grand,Espoo,Finland,North,Home Office,06/11/2013,Economy,Uusimaa,24.6559001,60.2054911
AZ-2013-686956,01/11/2013,Sophie Watson,Cholet,France,Central,Corporate,05/11/2013,Economy,Pays de la Loire,-0.879787,47.059407
AZ-2013-6313494,01/11/2013,James Casados,Les Pavillons-sous-Bois,France,Central,Consumer,07/11/2013,Economy,Ile-de-France,2.504403,48.90852
AZ-2013-5970660,01/11/2013,Jasmine Slater,Darmstadt,Germany,Central,Corporate,06/11/2013,Economy Plus,Hesse,8.6511929,49.8728253
AZ-2013-6371048,01/11/2013,Sophie Franklin,Nantes,France,Central,Corporate,05/11/2013,Economy Plus,Pays de la Loire,-1.553621,47.218371
BN-2013-3917752,01/11/2013,Lisa Casey,Stockholm,Sweden,North,Corporate,03/11/2013,Priority,Stockholm,18.0685808,59.3293235
AZ-2013-5999783,02/11/2013,Elise Ali,Stuttgart,Germany,Central,Home Office,06/11/2013,Economy,Baden-Württemberg,9.1829321,48.7758459
AZ-2013-9571579,02/11/2013,Kyle Beard,Dudley,United Kingdom,North,Consumer,09/11/2013,Economy,England,-2.081112,52.512255
AZ-2013-7290380,02/11/2013,Stella Hellyer,Berlin,Germany,Central,Consumer,04/11/2013,Economy Plus,Berlin,13.404954,52.5200066
BN-2013-9926490,02/11/2013,Rhonda Ford,Copenhagen,Denmark,North,Consumer,06/11/2013,Economy Plus,Hovedstaden,12.5683371,55.6760968
AZ-2013-6062232,04/11/2013,Madeline Crooks,Dresden,Germany,Central,Consumer,09/11/2013,Economy,Saxony,13.7372621,51.0504088
AZ-2013-7691747,04/11/2013,Amy Pritchard,Rome,Italy,South,Consumer,06/11/2013,Economy Plus,Lazio,12.4963655,41.9027835
BN-2013-2606069,04/11/2013,Maynard Moorman,Castelldefels,Spain,South,Consumer,06/11/2013,Priority,Catalonia,1.9766294,41.2800161
AZ-2013-8159608,05/11/2013,Kevin Madigan,Basildon,United Kingdom,North,Consumer,07/11/2013,Economy Plus,England,0.488736,51.576084
AZ-2013-7146719,05/11/2013,Peggy Hua,Vichy,France,Central,Corporate,08/11/2013,Economy Plus,Auvergne-Rhône-Alpes,3.425488,46.131859
AZ-2013-405028,05/11/2013,Sophie Franklin,Berlin,Germany,Central,Corporate,09/11/2013,Economy,Berlin,13.404954,52.5200066
BN-2013-7226862,05/11/2013,Daisy Summers,Groningen,Netherlands,Central,Corporate,08/11/2013,Economy Plus,Groningen,6.5665018,53.2193835
AZ-2013-7322131,06/11/2013,Charlie Power,Vienna,Austria,Central,Home Office,10/11/2013,Economy,Vienna,16.3738189,48.2081743
AZ-2013-8301856,06/11/2013,Tristan Glassey,London,United Kingdom,North,Consumer,09/11/2013,Priority,England,-0.1277583,51.5073509
AZ-2013-8207350,06/11/2013,Matthew Gill,Maidenhead,United Kingdom,North,Home Office,09/11/2013,Economy Plus,England,-0.7219,51.522414
AZ-2013-8213331,06/11/2013,Alice Currie,Le Havre,France,Central,Consumer,10/11/2013,Economy,Normandy,0.107929,49.49437
AZ-2013-4266706,06/11/2013,Wanda Wingert,Gateshead,United Kingdom,North,Consumer,10/11/2013,Economy,England,-1.603411,54.95268
AZ-2013-4134876,06/11/2013,Harry Josephson,Halle,Germany,Central,Consumer,12/11/2013,Economy,North Rhine-Westphalia,11.9688029,51.4969802
AZ-2013-4092169,06/11/2013,Lucas Warren,Cologne,Germany,Central,Consumer,10/11/2013,Economy,North Rhine-Westphalia,6.9602786,50.937531
AZ-2013-5696844,07/11/2013,Isabelle Norton,Salamanca,Spain,South,Consumer,11/11/2013,Economy,Castile and León,-5.6635397,40.9701039
BN-2013-407737,07/11/2013,Thomas McCallum,Amsterdam,Netherlands,Central,Consumer,12/11/2013,Economy,North Holland,4.8951679,52.3702157
BN-2013-3803426,07/11/2013,Tyson Jonathan,Edinburgh,United Kingdom,North,Consumer,09/11/2013,Priority,Scotland,-3.188267,55.953252
AZ-2013-281337,08/11/2013,Joel Ortega,Tarragona,Spain,South,Corporate,15/11/2013,Economy,Catalonia,1.2444909,41.1188827
BN-2013-1505908,08/11/2013,Mohammed Fox,Delft,Netherlands,Central,Consumer,12/11/2013,Economy,South Holland,4.3570677,52.0115769
BN-2013-3470282,08/11/2013,Isaac David,The Hague,Netherlands,Central,Corporate,11/11/2013,Priority,South Holland,4.3006999,52.0704978
BN-2013-2678087,09/11/2013,Larry Lambert,Coimbra,Portugal,South,Consumer,14/11/2013,Economy,Coimbra,-8.4102573,40.2033145
BN-2013-8249195,09/11/2013,Gracie Hicks,Birmingham,United Kingdom,North,Consumer,16/11/2013,Economy,England,-1.890401,52.486243
AZ-2013-881740,11/11/2013,Luz Reilly,Charleroi,Belgium,Central,Consumer,11/11/2013,Immediate,Hainaut,4.444643,50.4108095
AZ-2013-9091155,11/11/2013,Dominic Jordan,Portsmouth,United Kingdom,North,Consumer,13/11/2013,Economy Plus,England,-1.0879769,50.8197675
AZ-2013-7397368,11/11/2013,Freddie Kaur,Las Rozas de Madrid,Spain,South,Consumer,13/11/2013,Economy Plus,Madrid,-3.8757916,40.4935329
AZ-2013-6132734,11/11/2013,Ewan Hyde,Strasbourg,France,Central,Consumer,15/11/2013,Economy,Alsace-Champagne-Ardenne-Lorraine,7.7521113,48.5734053
AZ-2013-9006218,11/11/2013,Summer Hayward,Essen,Germany,Central,Consumer,16/11/2013,Economy,North Rhine-Westphalia,7.0115552,51.4556432
BN-2013-8558415,11/11/2013,Piper Wilder-Neligan,Stockholm,Sweden,North,Consumer,16/11/2013,Economy Plus,Stockholm,18.0685808,59.3293235
BN-2013-5807388,11/11/2013,Alice Black,Heerlen,Netherlands,Central,Home Office,15/11/2013,Economy,Limburg,5.9794988,50.8881742
BN-2013-2852434,11/11/2013,Max Craig,Caserta,Italy,South,Corporate,13/11/2013,Economy Plus,Campania,14.3311337,41.0723484
AZ-2013-135124,12/11/2013,Judy Rodriquez,Mougins,France,Central,Consumer,14/11/2013,Priority,Provence-Alpes-Côte d'Azur,7.006491,43.6023319
AZ-2013-1120520,12/11/2013,Lola Hughes,London,United Kingdom,North,Consumer,17/11/2013,Economy,England,-0.1277583,51.5073509
AZ-2013-1444287,12/11/2013,Adam Peacock,Hamburg,Germany,Central,Corporate,13/11/2013,Priority,Hamburg,9.9936818,53.5510846
AZ-2013-9306812,12/11/2013,Florence Wark,Rueil-Malmaison,France,Central,Consumer,16/11/2013,Economy,Ile-de-France,2.17693,48.882767
BN-2013-2514877,12/11/2013,Juanita Smalls,London,United Kingdom,North,Home Office,16/11/2013,Economy,England,-0.1277583,51.5073509
AZ-2013-5945845,13/11/2013,Faith Greenwood,Plymouth,United Kingdom,North,Consumer,17/11/2013,Economy,England,-4.1426565,50.3754565
AZ-2013-2468600,13/11/2013,Declan Dundas,Turin,Italy,South,Corporate,18/11/2013,Economy,Piedmont,7.6868565,45.070312
AZ-2013-3326917,13/11/2013,Karon Shah,Solingen,Germany,Central,Corporate,19/11/2013,Economy,North Rhine-Westphalia,7.0831408,51.1702072
AZ-2013-6980084,13/11/2013,Karla Dunkley,Saint-Ouen,France,Central,Consumer,18/11/2013,Economy,Ile-de-France,2.333764,48.911856
BN-2013-8485680,13/11/2013,Kazuko Mason,Erfurt,Germany,Central,Home Office,15/11/2013,Priority,Thuringia,11.0298799,50.9847679
BN-2013-3695391,13/11/2013,Jordan Peacock,Mulhouse,France,Central,Corporate,18/11/2013,Economy,Alsace-Champagne-Ardenne-Lorraine,7.335888,47.750839
AZ-2013-7597474,14/11/2013,Freddie Kaur,Hamburg,Germany,Central,Consumer,19/11/2013,Economy,Hamburg,9.9936818,53.5510846
AZ-2013-242926,14/11/2013,Isabelle Radcliffe,Linz,Austria,Central,Corporate,17/11/2013,Economy Plus,Upper Austria,14.28583,48.30694
AZ-2013-1311863,14/11/2013,Leroy Dudley,Strasbourg,France,Central,Consumer,17/11/2013,Priority,Alsace-Champagne-Ardenne-Lorraine,7.7521113,48.5734053
AZ-2013-7943122,15/11/2013,George Bryan,Le Mans,France,Central,Consumer,19/11/2013,Economy,Pays de la Loire,0.199556,48.00611
AZ-2013-4982500,15/11/2013,Faith Chambers,Gladbeck,Germany,Central,Consumer,17/11/2013,Priority,North Rhine-Westphalia,6.9853921,51.5706624
AZ-2013-8803933,15/11/2013,Justin Armit,Bradford,United Kingdom,North,Consumer,18/11/2013,Priority,England,-1.759398,53.795984
BN-2013-2735217,15/11/2013,Madelyn Anderson,Frontignan,France,Central,Corporate,19/11/2013,Economy,Languedoc-Roussillon-Midi-Pyrénées,3.755999,43.444815
AZ-2013-2010603,16/11/2013,Jasmine Slater,Dreux,France,Central,Corporate,19/11/2013,Priority,Centre-Val de Loire,1.370889,48.736134
AZ-2013-4780772,16/11/2013,Angelina Hurst,Erlangen,Germany,Central,Consumer,22/11/2013,Economy,Bavaria,11.0119611,49.5896744
BN-2013-1829303,16/11/2013,Ewan O'Neill,Florence,Italy,South,Corporate,21/11/2013,Economy,Tuscany,11.2558136,43.7695604
AZ-2013-2890966,17/11/2013,Harvey Daniels,London,United Kingdom,North,Consumer,24/11/2013,Economy,England,-0.1277583,51.5073509
AZ-2013-684636,17/11/2013,Rachel Tyler,Stoke-on-Trent,United Kingdom,North,Corporate,24/11/2013,Economy,England,-2.179404,53.002668
AZ-2013-7287311,18/11/2013,Kenneth Gonzales,Dartford,United Kingdom,North,Consumer,20/11/2013,Priority,England,0.216872,51.44621
AZ-2013-7462248,18/11/2013,Maria Kennedy,Benevento,Italy,South,Consumer,21/11/2013,Priority,Campania,14.7826208,41.1297613
BN-2013-4955166,18/11/2013,Phoebe Moore,Conflans-Sainte-Honorine,France,Central,Corporate,22/11/2013,Economy,Ile-de-France,2.09178,49.000275
BN-2013-6496394,18/11/2013,Beverly Brooks,Birmingham,United Kingdom,North,Consumer,22/11/2013,Economy,England,-1.890401,52.486243
BN-2013-4370174,18/11/2013,Ashley Baldwinson,Newcastle upon Tyne,United Kingdom,North,Corporate,24/11/2013,Economy,England,-1.61778,54.978252
AZ-2013-82677,19/11/2013,Mariam McMeckan,Ghent,Belgium,Central,Corporate,26/11/2013,Economy,East Flanders,3.7174243,51.0543422
AZ-2013-6529496,19/11/2013,Charlie Smithies,Rugby,United Kingdom,North,Consumer,24/11/2013,Economy,England,-1.265032,52.370878
AZ-2013-2652183,19/11/2013,David Arnold,Copenhagen,Denmark,North,Consumer,23/11/2013,Economy,Hovedstaden,12.5683371,55.6760968
AZ-2013-2671803,19/11/2013,Edward Davidson,Berlin,Germany,Central,Home Office,25/11/2013,Economy,Berlin,13.404954,52.5200066
AZ-2013-3656949,19/11/2013,Jose Gambino,Carpi,Italy,South,Corporate,23/11/2013,Economy,Emilia-Romagna,10.8796629,44.7838779
AZ-2013-6322927,19/11/2013,Jose Gambino,Mansfield,United Kingdom,North,Corporate,21/11/2013,Priority,England,-1.198674,53.147195
AZ-2013-8017533,19/11/2013,Ethan Williams,Saint-Brieuc,France,Central,Corporate,26/11/2013,Economy,Brittany,-2.765835,48.51418
AZ-2013-7204904,19/11/2013,Eleanor Doyle,Plymouth,United Kingdom,North,Consumer,22/11/2013,Economy Plus,England,-4.1426565,50.3754565
AZ-2013-1274934,20/11/2013,Gail Thompson,Carlisle,United Kingdom,North,Consumer,20/11/2013,Immediate,England,-2.932931,54.892473
AZ-2013-2294363,20/11/2013,Jonathan Barbee,Stavanger,Norway,North,Consumer,24/11/2013,Economy Plus,Rogaland,5.7331073,58.9699756
AZ-2013-8603182,20/11/2013,Tom Charlton,Bielefeld,Germany,Central,Corporate,22/11/2013,Economy Plus,North Rhine-Westphalia,8.5324708,52.0302285
AZ-2013-7600206,21/11/2013,Millie Newman,Rambouillet,France,Central,Consumer,25/11/2013,Economy,Ile-de-France,1.829079,48.643868
AZ-2013-8348952,21/11/2013,Zachary Warner,Reading,United Kingdom,North,Consumer,26/11/2013,Economy,England,-0.9781303,51.4542645
AZ-2013-9517506,21/11/2013,Harvey Drozd,Koblenz,Germany,Central,Consumer,28/11/2013,Economy,Rhineland-Palatinate,7.5889959,50.3569429
AZ-2013-8946887,21/11/2013,Chelsea Bannister,Berck,France,Central,Consumer,21/11/2013,Immediate,Nord-Pas-de-Calais-Picardie,1.591865,50.408188
AZ-2013-7044470,22/11/2013,James Bruns,Madrid,Spain,South,Consumer,29/11/2013,Economy,Madrid,-3.7037902,40.4167754
AZ-2013-3127336,22/11/2013,Tricia Bustamante,Kiel,Germany,Central,Corporate,29/11/2013,Economy,Schleswig-Holstein,10.1227652,54.3232927
AZ-2013-6593981,22/11/2013,Anna Moreton,Le Blanc-Mesnil,France,Central,Corporate,26/11/2013,Economy,Ile-de-France,2.46436,48.941345
AZ-2013-388293,22/11/2013,Gracie Powell,Aachen,Germany,Central,Consumer,28/11/2013,Economy,North Rhine-Westphalia,6.0838868,50.7753455
AZ-2013-696326,22/11/2013,Donald Molina,Cologne,Germany,Central,Home Office,24/11/2013,Priority,North Rhine-Westphalia,6.9602786,50.937531
AZ-2013-6565127,22/11/2013,Sebastian Barber,Palaiseau,France,Central,Home Office,24/11/2013,Priority,Ile-de-France,2.245748,48.714509
AZ-2013-4756629,22/11/2013,Rebecca Heysen,Marseille,France,Central,Corporate,26/11/2013,Economy,Provence-Alpes-Côte d'Azur,5.36978,43.296482
BN-2013-6637489,22/11/2013,Gerald Galvan,Berlin,Germany,Central,Corporate,24/11/2013,Economy Plus,Berlin,13.404954,52.5200066
AZ-2013-1917714,24/11/2013,Rachel Tyler,Illkirch-Graffenstaden,France,Central,Corporate,28/11/2013,Economy,Alsace-Champagne-Ardenne-Lorraine,7.711011,48.52854
AZ-2013-5802443,24/11/2013,Donald Pak,Paris,France,Central,Corporate,29/11/2013,Economy,Ile-de-France,2.3522219,48.856614
AZ-2013-6686311,25/11/2013,Zona Meyer,Hengelo,Netherlands,Central,Corporate,27/11/2013,Economy Plus,Overijssel,6.7927725,52.2574121
AZ-2013-2791278,25/11/2013,Toby Conway,Gloucester,United Kingdom,North,Consumer,29/11/2013,Economy,England,-2.238156,51.8642449
AZ-2013-7312978,25/11/2013,Claudia Poore,Huelva,Spain,South,Corporate,30/11/2013,Economy,Andalusía,-6.9447224,37.261421
AZ-2013-4071226,25/11/2013,Makayla Elphinstone,Naples,Italy,South,Consumer,01/12/2013,Economy,Campania,14.2681244,40.8517746
AZ-2013-1958192,25/11/2013,Michael Myers,Puertollano,Spain,South,Home Office,27/11/2013,Economy Plus,Castile-La Mancha,-4.1078877,38.6884458
AZ-2013-6873105,25/11/2013,Hudson Ordell,Marseille,France,Central,Corporate,27/11/2013,Economy Plus,Provence-Alpes-Côte d'Azur,5.36978,43.296482
AZ-2013-2020686,25/11/2013,Rachel Morton,Witten,Germany,Central,Corporate,28/11/2013,Priority,North Rhine-Westphalia,7.353197,51.4438926
BN-2013-6039695,25/11/2013,John Town,Stockholm,Sweden,North,Consumer,28/11/2013,Economy Plus,Stockholm,18.0685808,59.3293235
AZ-2013-2605178,26/11/2013,Laura Elizabeth,London,United Kingdom,North,Consumer,01/12/2013,Economy,England,-0.1277583,51.5073509
AZ-2013-1362722,26/11/2013,Shannon Lane,Northampton,United Kingdom,North,Consumer,26/11/2013,Immediate,England,-0.902656,52.240477
BN-2013-717588,26/11/2013,Liam Marshall,Amsterdam,Netherlands,Central,Home Office,27/11/2013,Priority,North Holland,4.8951679,52.3702157
AZ-2013-6551500,27/11/2013,Peter Daly,Graz,Austria,Central,Consumer,29/11/2013,Priority,Styria,15.439504,47.070714
AZ-2013-9665957,27/11/2013,Harry Nelson,Reading,United Kingdom,North,Consumer,03/12/2013,Economy,England,-0.9781303,51.4542645
AZ-2013-3692060,27/11/2013,Janet Broussard,Manchester,United Kingdom,North,Consumer,29/11/2013,Priority,England,-2.2426305,53.4807593
AZ-2013-2847,28/11/2013,Maynard Moorman,Barakaldo,Spain,South,Consumer,04/12/2013,Economy,Basque Country,-2.9862029,43.2969875
AZ-2013-2986010,28/11/2013,Daniel Lucas,Duisburg,Germany,Central,Home Office,02/12/2013,Economy,North Rhine-Westphalia,6.7623293,51.4344079
AZ-2013-2587555,28/11/2013,Terence Welch,Leipzig,Germany,Central,Consumer,02/12/2013,Economy,Saxony,12.3730747,51.3396955
AZ-2013-9489930,28/11/2013,Ashton Charles,Osny,France,Central,Consumer,03/12/2013,Economy,Ile-de-France,2.062715,49.0700239
AZ-2013-7261942,28/11/2013,Nancy Seay,Vienna,Austria,Central,Consumer,01/12/2013,Economy Plus,Vienna,16.3738189,48.2081743
BN-2013-8418057,28/11/2013,Jamie Le Grand,Stockholm,Sweden,North,Home Office,02/12/2013,Economy,Stockholm,18.0685808,59.3293235
AZ-2013-5020127,29/11/2013,Naomi Hancock,Wiesbaden,Germany,Central,Corporate,04/12/2013,Economy,Hesse,8.2397608,50.0782184
AZ-2013-4503283,29/11/2013,Erick Tanner,Paris,France,Central,Corporate,06/12/2013,Economy,Ile-de-France,2.3522219,48.856614
AZ-2013-156529,30/11/2013,Angelina Beeton,Linz,Austria,Central,Consumer,04/12/2013,Economy,Upper Austria,14.28583,48.30694
AZ-2013-6800942,30/11/2013,Ethan Barrett,Utrecht,Netherlands,Central,Consumer,02/12/2013,Priority,Utrecht,5.1214201,52.0907374
AZ-2013-708571,30/11/2013,Georgina Storey,Paris,France,Central,Consumer,07/12/2013,Economy,Ile-de-France,2.3522219,48.856614
AZ-2013-2558341,30/11/2013,Stella Hellyer,Bordeaux,France,Central,Consumer,05/12/2013,Economy,Aquitaine-Limousin-Poitou-Charentes,-0.57918,44.837789
AZ-2013-7421576,30/11/2013,Josh Wilkinson,Madrid,Spain,South,Corporate,03/12/2013,Economy Plus,Madrid,-3.7037902,40.4167754
AZ-2013-6220959,02/12/2013,Archie Whittaker,Paris,France,Central,Home Office,02/12/2013,Immediate,Ile-de-France,2.3522219,48.856614
BN-2013-1315378,02/12/2013,Katherine Grant,Tilburg,Netherlands,Central,Consumer,07/12/2013,Economy,North Brabant,5.0919143,51.560596
AZ-2013-6440318,03/12/2013,Ronald Everson,Cambrai,France,Central,Corporate,07/12/2013,Economy Plus,Nord-Pas-de-Calais-Picardie,3.236633,50.173538
AZ-2013-3220222,03/12/2013,Toby Conway,Moncalieri,Italy,South,Consumer,03/12/2013,Immediate,Piedmont,7.6802878,44.9983525
AZ-2013-6334025,03/12/2013,Craig Rayner,Wiesbaden,Germany,Central,Consumer,08/12/2013,Economy,Hesse,8.2397608,50.0782184
AZ-2013-7662993,03/12/2013,Spencer Wallis,Nottingham,United Kingdom,North,Consumer,08/12/2013,Economy,England,-1.1581086,52.9547832
AZ-2013-8044431,03/12/2013,Lucas Northcott,Glasgow,United Kingdom,North,Consumer,09/12/2013,Economy,Scotland,-4.251806,55.864237
AZ-2013-1741876,03/12/2013,Matilda Jackson,Vitoria,Spain,South,Corporate,04/12/2013,Priority,Basque Country,-2.6817918,42.8591656
AZ-2013-6121627,03/12/2013,Chloe Landale,Plymouth,United Kingdom,North,Home Office,07/12/2013,Economy,England,-4.1426565,50.3754565
AZ-2013-4386533,03/12/2013,Isabelle Macghey,Heidelberg,Germany,Central,Consumer,08/12/2013,Economy,Baden-Württemberg,8.6724335,49.3987524
AZ-2013-467128,04/12/2013,John Basser,Hamburg,Germany,Central,Corporate,09/12/2013,Economy,Hamburg,9.9936818,53.5510846
AZ-2013-514830,04/12/2013,Holly Black,Milan,Italy,South,Home Office,06/12/2013,Priority,Lombardy,9.1859243,45.4654219
AZ-2013-7453439,04/12/2013,Poppy Gunn,Vienna,Austria,Central,Consumer,09/12/2013,Economy,Vienna,16.3738189,48.2081743
BN-2013-236928,04/12/2013,Joel Peters,Trier,Germany,Central,Home Office,06/12/2013,Priority,Rhineland-Palatinate,6.6371433,49.749992
BN-2013-333027,04/12/2013,Anna Macdonald,Avellino,Italy,South,Consumer,08/12/2013,Economy,Campania,14.7906121,40.914388
BN-2013-5879462,04/12/2013,Enrique Friedman,Shrewsbury,United Kingdom,North,Consumer,10/12/2013,Economy,England,-2.7553268,52.7073029
AZ-2013-6085124,05/12/2013,Ebony Northcott,Nice,France,Central,Consumer,09/12/2013,Economy,Provence-Alpes-Côte d'Azur,7.2619532,43.7101728
AZ-2013-9057742,05/12/2013,Lily Tyler,Glasgow,United Kingdom,North,Home Office,07/12/2013,Priority,Scotland,-4.251806,55.864237
AZ-2013-1673831,05/12/2013,Elijah Ruatoka,Flensburg,Germany,Central,Home Office,09/12/2013,Economy,Schleswig-Holstein,9.4469964,54.7937431
AZ-2013-1510568,05/12/2013,David To,Remscheid,Germany,Central,Home Office,06/12/2013,Immediate,North Rhine-Westphalia,7.1896962,51.1787418
AZ-2013-2377815,05/12/2013,Freya Briggs,Saint-Avold,France,Central,Corporate,10/12/2013,Economy,Alsace-Champagne-Ardenne-Lorraine,6.705793,49.104408
AZ-2013-6438316,06/12/2013,Sue Castaneda,Mons-en-Baroeul,France,Central,Home Office,12/12/2013,Economy,Nord-Pas-de-Calais-Picardie,3.107673,50.642006
AZ-2013-6411622,06/12/2013,Tricia Bustamante,Madrid,Spain,South,Corporate,10/12/2013,Economy,Madrid,-3.7037902,40.4167754
AZ-2013-9345713,07/12/2013,Philip Newsom,Halle,Germany,Central,Corporate,08/12/2013,Priority,North Rhine-Westphalia,11.9688029,51.4969802
AZ-2013-4450786,07/12/2013,Nathan Clayton,Bremen,Germany,Central,Consumer,11/12/2013,Economy,Bremen,8.8016937,53.0792962
AZ-2013-5764612,07/12/2013,Claire Dilke,Meudon,France,Central,Consumer,10/12/2013,Priority,Ile-de-France,2.23847,48.812995
AZ-2013-7868925,07/12/2013,Joel Ortega,Kettering,United Kingdom,North,Corporate,13/12/2013,Economy,England,-0.730249,52.396322
AZ-2013-7222036,09/12/2013,Donna Farr,Vienna,Austria,Central,Consumer,16/12/2013,Economy,Vienna,16.3738189,48.2081743
AZ-2013-5004800,09/12/2013,Marie Lawson,Naples,Italy,South,Corporate,16/12/2013,Economy,Campania,14.2681244,40.8517746
AZ-2013-8343669,09/12/2013,Poppy Gunn,Nantes,France,Central,Consumer,13/12/2013,Economy Plus,Pays de la Loire,-1.553621,47.218371
AZ-2013-3225863,09/12/2013,Kyle Beard,Oslo,Norway,North,Consumer,13/12/2013,Economy,Oslo,10.7522454,59.9138688
AZ-2013-3733101,09/12/2013,Louise Winter,Clamart,France,Central,Corporate,13/12/2013,Economy Plus,Ile-de-France,2.257289,48.799815
AZ-2013-9884020,09/12/2013,Evie Morton,Peterborough,United Kingdom,North,Consumer,15/12/2013,Economy,England,-0.2405299,52.5694985
AZ-2013-5467266,09/12/2013,Eloise Mahmood,Farnborough,United Kingdom,North,Corporate,12/12/2013,Priority,England,-0.752615,51.2868939
BN-2013-2815827,09/12/2013,Hayden Perkins,Sabadell,Spain,South,Consumer,13/12/2013,Economy,Catalonia,2.1086131,41.5462745
AZ-2013-8670779,10/12/2013,Jacob Varley,Reggio nell'Emilia,Italy,South,Corporate,15/12/2013,Economy,Emilia-Romagna,10.6296859,44.6989932
AZ-2013-4420211,10/12/2013,Amelie North,Seville,Spain,South,Corporate,11/12/2013,Priority,Andalusía,-5.9844589,37.3890924
AZ-2013-8622120,10/12/2013,Rachel Morton,Saint-Michel-sur-Orge,France,Central,Corporate,15/12/2013,Economy,Ile-de-France,2.312884,48.63264
AZ-2013-4888729,10/12/2013,Jonathan Loftus,Paris,France,Central,Home Office,14/12/2013,Economy,Ile-de-France,2.3522219,48.856614
BN-2013-2477715,10/12/2013,Joan Douglas,Lisbon,Portugal,South,Corporate,15/12/2013,Economy,Lisboa,-9.1393366,38.7222524
AZ-2013-1150864,11/12/2013,Kristina Moore,Salzburg,Austria,Central,Corporate,15/12/2013,Economy,Salzburg,13.05501,47.80949
AZ-2013-1450841,11/12/2013,Mary Hough,Southend-on-Sea,United Kingdom,North,Home Office,17/12/2013,Economy,England,0.7077123,51.5459269
AZ-2013-4109586,11/12/2013,Alannah Langridge,Torrevieja,Spain,South,Consumer,15/12/2013,Economy,Valenciana,-0.6808233,37.9847003
BN-2013-4478549,11/12/2013,Noah Hart,Stockholm,Sweden,North,Consumer,15/12/2013,Economy,Stockholm,18.0685808,59.3293235
AZ-2013-3232333,12/12/2013,Josh Wilkinson,Barcelona,Spain,South,Corporate,17/12/2013,Economy,Catalonia,2.1734035,41.3850639
AZ-2013-2544170,12/12/2013,Alana Tyson,Montpellier,France,Central,Home Office,18/12/2013,Economy,Languedoc-Roussillon-Midi-Pyrénées,3.876716,43.610769
BN-2013-8862051,12/12/2013,Peggy Hua,Madrid,Spain,South,Corporate,18/12/2013,Economy,Madrid,-3.7037902,40.4167754
BN-2013-3849014,12/12/2013,James Lamoureux,Schiedam,Netherlands,Central,Corporate,19/12/2013,Economy,South Holland,4.3988186,51.9169599
AZ-2013-4382245,13/12/2013,Eloise Sykes,Menden,Germany,Central,Consumer,18/12/2013,Economy,North Rhine-Westphalia,7.7953337,51.4377453
AZ-2013-8948027,13/12/2013,Debbie Fisk,Vienna,Austria,Central,Corporate,17/12/2013,Economy,Vienna,16.3738189,48.2081743
AZ-2013-1120035,13/12/2013,Jonathan Bottrill,Aalen,Germany,Central,Consumer,19/12/2013,Economy,Baden-Württemberg,10.0971163,48.8366887
AZ-2013-8089824,13/12/2013,Tyler Miah,Krefeld,Germany,Central,Home Office,19/12/2013,Economy,North Rhine-Westphalia,6.5853417,51.3387609
AZ-2013-560367,13/12/2013,David Velasquez,Fuenlabrada,Spain,South,Home Office,19/12/2013,Economy,Madrid,-3.8035477,40.2902056
AZ-2013-7291240,13/12/2013,Crystal Turner,Derby,United Kingdom,North,Consumer,19/12/2013,Economy,England,-1.4746186,52.9225301
BN-2013-833210,13/12/2013,Imogen Smithies,Spijkenisse,Netherlands,Central,Corporate,13/12/2013,Immediate,South Holland,4.2972181,51.8561502
AZ-2013-1703913,14/12/2013,Maya Summers,Leeds,United Kingdom,North,Home Office,16/12/2013,Economy Plus,England,-1.5490774,53.8007554
AZ-2013-4909261,14/12/2013,Jonathan Bottrill,Hanover,Germany,Central,Consumer,19/12/2013,Economy,Lower Saxony,9.7320104,52.3758916
AZ-2013-3160471,16/12/2013,Rory Gunson,Hildesheim,Germany,Central,Consumer,20/12/2013,Economy Plus,Lower Saxony,9.9579652,52.154778
AZ-2013-3032452,16/12/2013,Isabella Cleary,Gradignan,France,Central,Home Office,20/12/2013,Economy,Aquitaine-Limousin-Poitou-Charentes,-0.618945,44.774267
AZ-2013-2070413,16/12/2013,Joseph Ford,Stafford,United Kingdom,North,Corporate,23/12/2013,Economy,England,-2.12066,52.806693
AZ-2013-8483986,16/12/2013,Tia Metcalfe,Tourcoing,France,Central,Consumer,18/12/2013,Economy Plus,Nord-Pas-de-Calais-Picardie,3.16207,50.724993
AZ-2013-1043489,16/12/2013,Archer Hort,Berlin,Germany,Central,Consumer,19/12/2013,Priority,Berlin,13.404954,52.5200066
BN-2013-6379006,16/12/2013,Jean Crowley,Dordrecht,Netherlands,Central,Corporate,16/12/2013,Immediate,South Holland,4.6900929,51.8132979
BN-2013-8157732,16/12/2013,Juanita Smalls,Nijmegen,Netherlands,Central,Home Office,17/12/2013,Priority,Gelderland,5.8372264,51.8125626
AZ-2013-9186564,17/12/2013,Joel Ortega,Madrid,Spain,South,Corporate,17/12/2013,Immediate,Madrid,-3.7037902,40.4167754
AZ-2013-2343353,17/12/2013,David Lowe,Mouscron,Belgium,Central,Consumer,21/12/2013,Economy,Hainaut,3.2192907,50.7459126
AZ-2013-8583368,17/12/2013,Angie Massengill,Sucy-en-Brie,France,Central,Consumer,22/12/2013,Economy,Ile-de-France,2.5221629,48.7708784
AZ-2013-6557454,17/12/2013,Skye McCaffrey,Berlin,Germany,Central,Consumer,19/12/2013,Economy Plus,Berlin,13.404954,52.5200066
AZ-2013-4671281,17/12/2013,Leah Marsh,Regensburg,Germany,Central,Corporate,20/12/2013,Economy Plus,Bavaria,12.1016236,49.0134297
BN-2013-2658555,17/12/2013,Leo Bannister,Munich,Germany,Central,Home Office,22/12/2013,Economy Plus,Bavaria,11.5819806,48.1351253
AZ-2013-5078982,18/12/2013,Zara Jennings,Edinburgh,United Kingdom,North,Consumer,24/12/2013,Economy,Scotland,-3.188267,55.953252
AZ-2013-8732782,18/12/2013,Lydia Webster,Greifswald,Germany,Central,Consumer,20/12/2013,Economy Plus,Mecklenburg-Vorpommern,13.3923414,54.0865463
AZ-2013-2667784,18/12/2013,Holly Doyle,Rennes,France,Central,Consumer,25/12/2013,Economy,Brittany,-1.6777926,48.117266
AZ-2013-4589605,19/12/2013,Natasha Sykes,Cork,Ireland,North,Consumer,25/12/2013,Economy,Cork,-8.4863157,51.8968917
AZ-2013-8560588,19/12/2013,Ruby Frost,Cartagena,Spain,South,Home Office,21/12/2013,Priority,Murcia,-0.9965839,37.6256827
AZ-2013-962697,19/12/2013,Denise Harris,Rome,Italy,South,Consumer,23/12/2013,Economy,Lazio,12.4963655,41.9027835
AZ-2013-2300894,19/12/2013,Pamela Searles,Nancy,France,Central,Home Office,23/12/2013,Economy,Alsace-Champagne-Ardenne-Lorraine,6.184417,48.692054
AZ-2013-2709879,19/12/2013,Callum Hagai,Moissy-Cramayel,France,Central,Home Office,24/12/2013,Economy Plus,Ile-de-France,2.593706,48.627158
AZ-2013-6016328,19/12/2013,Eileen Walker,Essen,Germany,Central,Consumer,23/12/2013,Economy,North Rhine-Westphalia,7.0115552,51.4556432
AZ-2013-162732,19/12/2013,Joshua Romero,Leuven,Belgium,Central,Consumer,23/12/2013,Economy,Flemish Brabant,4.7005176,50.8798438
BN-2013-6111017,19/12/2013,Pamela Searles,Burgos,Spain,South,Home Office,21/12/2013,Economy Plus,Castile and León,-3.696906,42.3439925
AZ-2013-3623970,20/12/2013,Indiana Wekey,Potsdam,Germany,Central,Corporate,26/12/2013,Economy,Brandenburg,13.0644729,52.3905689
AZ-2013-6980364,20/12/2013,Angus Blacklock,London,United Kingdom,North,Home Office,25/12/2013,Economy,England,-0.1277583,51.5073509
AZ-2013-4084641,20/12/2013,Nicholas Carey,Turin,Italy,South,Consumer,23/12/2013,Priority,Piedmont,7.6868565,45.070312
AZ-2013-1921214,20/12/2013,Andrew Shah,Reading,United Kingdom,North,Home Office,24/12/2013,Economy,England,-0.9781303,51.4542645
AZ-2013-8354954,20/12/2013,Gracie Powell,Swansea,United Kingdom,North,Consumer,25/12/2013,Economy,Wales,-3.943646,51.62144
AZ-2013-6928032,20/12/2013,Paige Bibi,Evry,France,Central,Home Office,22/12/2013,Priority,Ile-de-France,2.441782,48.629828
BN-2013-7382571,20/12/2013,Gregory Rodriguez,Barcelona,Spain,South,Corporate,24/12/2013,Economy,Catalonia,2.1734035,41.3850639
BN-2013-7852077,20/12/2013,Kristina Moore,Reggio nell'Emilia,Italy,South,Corporate,25/12/2013,Economy,Emilia-Romagna,10.6296859,44.6989932
BN-2013-8199935,20/12/2013,Abby Colebe,Stuttgart,Germany,Central,Consumer,24/12/2013,Economy,Baden-Württemberg,9.1829321,48.7758459
AZ-2013-2047593,23/12/2013,Michael Flores,Brussels,Belgium,Central,Corporate,28/12/2013,Economy Plus,Brussels,4.3517103,50.8503396
AZ-2013-6241714,23/12/2013,Elijah Ruatoka,Vichy,France,Central,Home Office,26/12/2013,Economy Plus,Auvergne-Rhône-Alpes,3.425488,46.131859
AZ-2013-6943804,23/12/2013,Gary Crume,Talence,France,Central,Consumer,28/12/2013,Economy,Aquitaine-Limousin-Poitou-Charentes,-0.588054,44.802614
AZ-2013-215072,23/12/2013,Joseph Wright,Denain,France,Central,Home Office,25/12/2013,Economy Plus,Nord-Pas-de-Calais-Picardie,3.397325,50.328225
AZ-2013-577789,24/12/2013,Walter Aguilar,Iserlohn,Germany,Central,Consumer,26/12/2013,Economy Plus,North Rhine-Westphalia,7.6960842,51.3765096
AZ-2013-5024035,24/12/2013,Elise Godfrey,Lyon,France,Central,Consumer,29/12/2013,Economy,Auvergne-Rhône-Alpes,4.835659,45.764043
BN-2013-8091921,24/12/2013,Maynard Moorman,Dublin,Ireland,North,Consumer,29/12/2013,Economy,Dublin,-6.2603097,53.3498053
BN-2013-2144250,24/12/2013,Zoe Lanigan,Schiffweiler,Germany,Central,Corporate,28/12/2013,Economy,Saarland,7.1185953,49.360523
BN-2013-6882863,24/12/2013,Kevin O'Neill,Lyon,France,Central,Corporate,29/12/2013,Economy,Auvergne-Rhône-Alpes,4.835659,45.764043
BN-2013-1962674,24/12/2013,Mary Wilson,Halle,Germany,Central,Consumer,28/12/2013,Economy Plus,North Rhine-Westphalia,11.9688029,51.4969802
BN-2013-9324448,24/12/2013,John Basser,Delmenhorst,Germany,Central,Corporate,30/12/2013,Economy,Lower Saxony,8.6355932,53.0521886
AZ-2013-8602131,25/12/2013,Linda Dennis,Gelsenkirchen,Germany,Central,Consumer,01/01/2014,Economy,North Rhine-Westphalia,7.0857172,51.517744
AZ-2013-8597747,25/12/2013,Indiana Wekey,Madrid,Spain,South,Corporate,27/12/2013,Priority,Madrid,-3.7037902,40.4167754
AZ-2013-2353394,25/12/2013,Jonathan Summons,Wuppertal,Germany,Central,Consumer,30/12/2013,Economy,North Rhine-Westphalia,7.1507636,51.2562128
AZ-2013-5049068,25/12/2013,Harvey Daniels,Wiesbaden,Germany,Central,Consumer,28/12/2013,Economy Plus,Hesse,8.2397608,50.0782184
BN-2013-3585315,25/12/2013,Luca Varley,Tallaght,Ireland,North,Corporate,29/12/2013,Economy,Dublin,-6.3665881,53.2865903
AZ-2013-5796151,26/12/2013,Nelson Olsen,Toulon,France,Central,Home Office,01/01/2014,Economy,Provence-Alpes-Côte d'Azur,5.928,43.124228
AZ-2013-3314064,26/12/2013,Joseph Wright,Munster,Germany,Central,Home Office,30/12/2013,Economy,Lower Saxony,7.6261347,51.9606649
AZ-2013-5719967,26/12/2013,Mark Harris,Le Chesnay,France,Central,Consumer,01/01/2014,Economy,Ile-de-France,2.130544,48.825415
BN-2013-2008783,26/12/2013,Yasmin Bradley,Bognor Regis,United Kingdom,North,Consumer,28/12/2013,Economy Plus,England,-0.673061,50.782998
BN-2013-603818,26/12/2013,Bethany Hunt,Gera,Germany,Central,Corporate,30/12/2013,Economy,Thuringia,12.0807203,50.8850706
BN-2013-3586585,26/12/2013,Morgan Dodd,Deventer,Netherlands,Central,Consumer,27/12/2013,Priority,Overijssel,6.1552165,52.2660751
AZ-2013-5129738,27/12/2013,Louis Wilson,Vernon,France,Central,Consumer,02/01/2014,Economy,Normandy,1.488107,49.091958
AZ-2013-214394,27/12/2013,Eva Butler,Potsdam,Germany,Central,Corporate,02/01/2014,Economy,Brandenburg,13.0644729,52.3905689
AZ-2013-1085752,27/12/2013,Alexandra Macdonald,Cosenza,Italy,South,Corporate,02/01/2014,Economy,Calabria,16.2537357,39.2982629
AZ-2013-2259451,27/12/2013,Claire Harrington,Meudon,France,Central,Home Office,31/12/2013,Economy,Ile-de-France,2.23847,48.812995
AZ-2013-3256885,28/12/2013,William Jolly,Clichy,France,Central,Consumer,04/01/2014,Economy,Ile-de-France,2.304768,48.904526
BN-2013-9709500,28/12/2013,Leticia Sorrells,Rome,Italy,South,Consumer,31/12/2013,Priority,Lazio,12.4963655,41.9027835
AZ-2013-2753412,30/12/2013,Bryce Efird,Darmstadt,Germany,Central,Corporate,04/01/2014,Economy,Hesse,8.6511929,49.8728253
AZ-2013-9630645,30/12/2013,Harriet Webb,Molfetta,Italy,South,Consumer,02/01/2014,Priority,Apulia,16.5987187,41.2027767
AZ-2013-4155964,30/12/2013,Steven Prince,Hamburg,Germany,Central,Home Office,01/01/2014,Priority,Hamburg,9.9936818,53.5510846
BN-2013-7694817,30/12/2013,Jared Wurster,Norderstedt,Germany,Central,Consumer,03/01/2014,Economy,Schleswig-Holstein,10.0008798,53.6993066
AZ-2013-9532879,31/12/2013,Brooke Hodgson,Halle,Germany,Central,Consumer,06/01/2014,Economy,Saxony-Anhalt,11.9688029,51.4969802
AZ-2013-3301955,31/12/2013,Nicole Johns,Marseille,France,Central,Consumer,02/01/2014,Priority,Provence-Alpes-Côte d'Azur,5.36978,43.296482
AZ-2013-7720719,31/12/2013,Laura Elizabeth,Rome,Italy,South,Consumer,03/01/2014,Priority,Lazio,12.4963655,41.9027835
AZ-2014-1954192,01/01/2014,Katie Thom,Vaulx-en-Velin,France,Central,Corporate,05/01/2014,Economy Plus,Auvergne-Rhône-Alpes,4.922661,45.782029
AZ-2014-561709,01/01/2014,Mary Saterfiel,Pantin,France,Central,Consumer,03/01/2014,Economy Plus,Ile-de-France,2.40963,48.894533
AZ-2014-3279788,01/01/2014,Freya Briggs,Afragola,Italy,South,Corporate,08/01/2014,Economy,Campania,14.309304,40.9230386
BN-2014-6812331,01/01/2014,Brooke Horton,Cergy,France,Central,Consumer,03/01/2014,Economy Plus,Ile-de-France,2.060325,49.035617
AZ-2014-3079618,02/01/2014,Kazuko Mason,Puertollano,Spain,South,Home Office,05/01/2014,Priority,Castile-La Mancha,-4.1078877,38.6884458
AZ-2014-3853517,03/01/2014,Lilian Rodgers,Noisy-le-Grand,France,Central,Consumer,04/01/2014,Priority,Ile-de-France,2.55261,48.848579
AZ-2014-4825277,03/01/2014,Rita McCann,Torrevieja,Spain,South,Consumer,04/01/2014,Immediate,Valenciana,-0.6808233,37.9847003
AZ-2014-3264915,05/01/2014,Joel McKean,Clermont-Ferrand,France,Central,Home Office,10/01/2014,Economy Plus,Auvergne-Rhône-Alpes,3.087025,45.777222
AZ-2014-5722987,06/01/2014,Adam Harte,Basildon,United Kingdom,North,Corporate,11/01/2014,Economy,England,0.488736,51.576084
AZ-2014-1517512,06/01/2014,Bryce Efird,Pessac,France,Central,Corporate,10/01/2014,Economy,Aquitaine-Limousin-Poitou-Charentes,-0.630386,44.80583
BN-2014-585455,06/01/2014,Joe Gilbert,Drancy,France,Central,Home Office,10/01/2014,Economy,Ile-de-France,2.445676,48.924298
AZ-2014-5289299,07/01/2014,Eleanor Pollard,Kidderminster,United Kingdom,North,Home Office,11/01/2014,Economy,England,-2.2496839,52.388596
AZ-2014-6537657,08/01/2014,Hershel Snyder,Berlin,Germany,Central,Corporate,08/01/2014,Immediate,Berlin,13.404954,52.5200066
AZ-2014-874376,08/01/2014,Hayden Weigel,Milan,Italy,South,Consumer,15/01/2014,Economy,Lombardy,9.1859243,45.4654219
AZ-2014-3774339,08/01/2014,Jay Andrews,Tourcoing,France,Central,Consumer,14/01/2014,Economy,Nord-Pas-de-Calais-Picardie,3.16207,50.724993
BN-2014-2460712,08/01/2014,Darcy St George,Roosendaal,Netherlands,Central,Corporate,13/01/2014,Economy,North Brabant,4.4653213,51.535849
BN-2014-4967786,08/01/2014,Sophia Owen,Amsterdam,Netherlands,Central,Corporate,12/01/2014,Economy,North Holland,4.8951679,52.3702157
AZ-2014-81293,09/01/2014,Jessica Williams,Kingswood,United Kingdom,North,Consumer,09/01/2014,Immediate,England,-2.368647,51.626435
AZ-2014-285574,09/01/2014,Logan Tilley,Hartlepool,United Kingdom,North,Consumer,12/01/2014,Priority,England,-1.212926,54.691745
AZ-2014-4990754,09/01/2014,Kazuko Mason,Bath,United Kingdom,North,Home Office,14/01/2014,Economy,England,-2.3599039,51.375801
AZ-2014-9888408,09/01/2014,Wynona Janelle,Cagliari,Italy,South,Corporate,14/01/2014,Economy,Sardinia,9.1216613,39.2238411
BN-2014-6221889,09/01/2014,Phoebe Moore,Lyon,France,Central,Corporate,10/01/2014,Immediate,Auvergne-Rhône-Alpes,4.835659,45.764043
BN-2014-6883974,09/01/2014,Abby Mei,Paris,France,Central,Corporate,09/01/2014,Immediate,Ile-de-France,2.3522219,48.856614
AZ-2014-8168742,10/01/2014,Imogen Steele,Les Herbiers,France,Central,Corporate,14/01/2014,Economy,Pays de la Loire,-1.013388,46.86919
AZ-2014-3013226,10/01/2014,Paige Hopley,Milan,Italy,South,Consumer,12/01/2014,Priority,Lombardy,9.1859243,45.4654219
BN-2014-3382775,10/01/2014,Dominic Elliott,Sonneberg,Germany,Central,Consumer,12/01/2014,Economy Plus,Thuringia,11.1709899,50.3601821
AZ-2014-8935301,11/01/2014,Maya Pamphlett,Asti,Italy,South,Consumer,18/01/2014,Economy,Piedmont,8.2064257,44.9007512
AZ-2014-9468178,13/01/2014,Will Poynton,Valencia,Spain,South,Consumer,17/01/2014,Economy,Valenciana,-0.3762881,39.4699075
AZ-2014-7220794,13/01/2014,Tyson Ebden,Paris,France,Central,Consumer,17/01/2014,Economy,Ile-de-France,2.3522219,48.856614
AZ-2014-5295692,14/01/2014,Lamar Lockhart,Reutlingen,Germany,Central,Consumer,19/01/2014,Economy Plus,Baden-Württemberg,9.2038043,48.5069389
AZ-2014-2406788,14/01/2014,Alana Zahel,Munich,Germany,Central,Consumer,16/01/2014,Economy Plus,Bavaria,11.5819806,48.1351253
AZ-2014-1954439,14/01/2014,Ashley Baldwinson,Lyon,France,Central,Corporate,19/01/2014,Economy,Auvergne-Rhône-Alpes,4.835659,45.764043
AZ-2014-772338,14/01/2014,Ashton Charles,Stockton-on-Tees,United Kingdom,North,Consumer,18/01/2014,Economy,England,-1.3289821,54.5704551
AZ-2014-2916681,14/01/2014,Richard Harvey,Lyon,France,Central,Corporate,18/01/2014,Economy,Auvergne-Rhône-Alpes,4.835659,45.764043
AZ-2014-6107524,14/01/2014,Chloe Miller,Turin,Italy,South,Consumer,16/01/2014,Priority,Piedmont,7.6868565,45.070312
AZ-2014-8636627,15/01/2014,Madeleine Nixon,Hereford,United Kingdom,North,Home Office,20/01/2014,Economy,England,-2.715974,52.056398
AZ-2014-7895228,15/01/2014,Luca Graham,Hamburg,Germany,Central,Consumer,21/01/2014,Economy,Hamburg,9.9936818,53.5510846
BN-2014-3515566,15/01/2014,Spencer Calvert,Perugia,Italy,South,Corporate,22/01/2014,Economy,Umbria,12.3908279,43.1107168
AZ-2014-7123032,16/01/2014,Eric Anderson,Tamworth,United Kingdom,North,Home Office,20/01/2014,Economy,England,-1.691032,52.633584
AZ-2014-241815,16/01/2014,Tara Hines,Frankfurt,Germany,Central,Consumer,21/01/2014,Economy,Hesse,8.6821267,50.1109221
AZ-2014-8131624,16/01/2014,Jason Calhoun,Oslo,Norway,North,Consumer,20/01/2014,Economy,Oslo,10.7522454,59.9138688
AZ-2014-8970426,16/01/2014,Abigail Humffray,La Seyne-sur-Mer,France,Central,Consumer,16/01/2014,Immediate,Provence-Alpes-Côte d'Azur,5.878219,43.102976
AZ-2014-6249694,17/01/2014,Jose Gambino,Metz,France,Central,Corporate,23/01/2014,Economy,Alsace-Champagne-Ardenne-Lorraine,6.1757156,49.1193089
AZ-2014-2835554,17/01/2014,Holly Doyle,Bastia,France,Central,Consumer,19/01/2014,Economy Plus,Corsica,9.450881,42.697283
AZ-2014-7801536,17/01/2014,Eloise Mahmood,Bochum,Germany,Central,Corporate,21/01/2014,Economy,North Rhine-Westphalia,7.2162363,51.4818445
BN-2014-1952726,18/01/2014,Anthony Lawrence,Chaumont,France,Central,Consumer,25/01/2014,Economy,Alsace-Champagne-Ardenne-Lorraine,5.1392559,48.113748
AZ-2014-7306180,20/01/2014,Charlie Brooks,Antibes,France,Central,Consumer,24/01/2014,Economy Plus,Provence-Alpes-Côte d'Azur,7.125102,43.580418
AZ-2014-6147970,20/01/2014,Jack Holland,Lohne,Germany,Central,Consumer,24/01/2014,Economy,Lower Saxony,8.7220862,52.1941419
AZ-2014-4295030,20/01/2014,Tom Charlton,Reus,Spain,South,Corporate,22/01/2014,Economy Plus,Catalonia,1.1055321,41.1498259
BN-2014-3037532,20/01/2014,Winnie Moss,Aix-en-Provence,France,Central,Consumer,26/01/2014,Economy,Provence-Alpes-Côte d'Azur,5.447427,43.529742
BN-2014-1799683,20/01/2014,Luther King,Naples,Italy,South,Consumer,24/01/2014,Economy,Campania,14.2681244,40.8517746
AZ-2014-7416402,21/01/2014,Kenneth Gonzales,Gummersbach,Germany,Central,Consumer,24/01/2014,Priority,North Rhine-Westphalia,7.569283,51.0266668
AZ-2014-6273241,21/01/2014,Sofia Goddard,Valencia,Spain,South,Corporate,27/01/2014,Economy,Valenciana,-0.3762881,39.4699075
AZ-2014-7225808,21/01/2014,Jacob Roemer,Letchworth,United Kingdom,North,Corporate,25/01/2014,Economy,England,-0.226624,51.979074
AZ-2014-8803055,21/01/2014,Nathan Clayton,Oberhausen,Germany,Central,Consumer,26/01/2014,Economy,North Rhine-Westphalia,6.8637765,51.4963341
AZ-2014-2483272,21/01/2014,Lorri Stratton,Roanne,France,Central,Consumer,23/01/2014,Economy Plus,Auvergne-Rhône-Alpes,4.072695,46.034432
AZ-2014-17071,21/01/2014,Liam Newton,Augsburg,Germany,Central,Corporate,22/01/2014,Priority,Bavaria,10.89779,48.3705449
AZ-2014-4160520,21/01/2014,Aaron Cunningham,Roissy-en-Brie,France,Central,Consumer,26/01/2014,Economy,Ile-de-France,2.656802,48.7904005
AZ-2014-6672718,22/01/2014,Kaitlyn Dorsch,Glasgow,United Kingdom,North,Corporate,24/01/2014,Economy Plus,Scotland,-4.251806,55.864237
AZ-2014-1191751,22/01/2014,Nate Dacey,Falconara Marittima,Italy,South,Consumer,26/01/2014,Economy,Marche,13.4029204,43.6276081
AZ-2014-6001342,22/01/2014,Kayla Ronald,Essen,Germany,Central,Corporate,26/01/2014,Economy,North Rhine-Westphalia,7.0115552,51.4556432
AZ-2014-9065291,22/01/2014,Edward Zwar,Rome,Italy,South,Consumer,25/01/2014,Priority,Lazio,12.4963655,41.9027835
BN-2014-9473306,22/01/2014,Tyson Ebden,Fuenlabrada,Spain,South,Consumer,28/01/2014,Economy,Madrid,-3.8035477,40.2902056
BN-2014-7598465,22/01/2014,Georgina Arnold,Copenhagen,Denmark,North,Corporate,26/01/2014,Economy,Hovedstaden,12.5683371,55.6760968
BN-2014-9936235,22/01/2014,Gracie Hunter,Lowestoft,United Kingdom,North,Consumer,27/01/2014,Economy,England,1.753449,52.481138
AZ-2014-9580273,23/01/2014,Nicholas Watkins,Rostock,Germany,Central,Consumer,24/01/2014,Priority,Mecklenburg-Vorpommern,12.0991466,54.0924406
BN-2014-4902106,23/01/2014,Oscar Serena,Chieti,Italy,South,Consumer,23/01/2014,Immediate,Abruzzi,14.1635845,42.347886
AZ-2014-9742933,24/01/2014,Winnie Moss,Dinslaken,Germany,Central,Consumer,26/01/2014,Priority,North Rhine-Westphalia,6.747534,51.5674264
AZ-2014-327161,24/01/2014,Jennifer Mattingly,Dortmund,Germany,Central,Home Office,27/01/2014,Priority,North Rhine-Westphalia,7.4652981,51.5135872
AZ-2014-7597862,24/01/2014,Kayla Tearle,Brescia,Italy,South,Corporate,29/01/2014,Economy,Lombardy,10.2118019,45.5415526
BN-2014-3772513,24/01/2014,Audrey Knowles,Stockholm,Sweden,North,Consumer,30/01/2014,Economy,Stockholm,18.0685808,59.3293235
BN-2014-9257992,25/01/2014,Katherine Grant,Magdeburg,Germany,Central,Consumer,30/01/2014,Economy,Saxony-Anhalt,11.6276237,52.1205333
AZ-2014-6197467,26/01/2014,Tristan Glassey,Salzburg,Austria,Central,Consumer,31/01/2014,Economy,Salzburg,13.05501,47.80949
AZ-2014-6360899,26/01/2014,Britney Basaldua,Paris,France,Central,Corporate,31/01/2014,Economy,Ile-de-France,2.3522219,48.856614
AZ-2014-1235152,27/01/2014,Christopher Goold,Derby,United Kingdom,North,Corporate,02/02/2014,Economy,England,-1.4746186,52.9225301
AZ-2014-3145770,27/01/2014,Sean Wheeler,London,United Kingdom,North,Corporate,29/01/2014,Priority,England,-0.1277583,51.5073509
AZ-2014-2348996,27/01/2014,Phoebe Moore,London,United Kingdom,North,Corporate,29/01/2014,Economy Plus,England,-0.1277583,51.5073509
AZ-2014-9603730,28/01/2014,Eloise Sykes,Flers,France,Central,Consumer,01/02/2014,Economy,Normandy,-0.575794,48.750059
AZ-2014-2339680,28/01/2014,Riley Howells,Bourg-en-Bresse,France,Central,Consumer,04/02/2014,Economy,Auvergne-Rhône-Alpes,5.2255007,46.2051675
BN-2014-9612123,28/01/2014,Kai Leonard,Zaanstad,Netherlands,Central,Corporate,01/02/2014,Economy,North Holland,4.7510425,52.4579659
AZ-2014-9284245,29/01/2014,Keith Martinez,Aubervilliers,France,Central,Consumer,04/02/2014,Economy,Ile-de-France,2.384049,48.912259
AZ-2014-1826212,29/01/2014,Katie Evenden,Wels,Austria,Central,Corporate,03/02/2014,Economy,Upper Austria,14.03664,48.16542
BN-2014-3491882,29/01/2014,Katie Evenden,Drammen,Norway,North,Corporate,02/02/2014,Economy,Buskerud,10.2044564,59.7440738
BN-2014-3043420,29/01/2014,Alannah Langridge,Le Havre,France,Central,Consumer,02/02/2014,Economy,Normandy,0.107929,49.49437
AZ-2014-3958582,30/01/2014,Florence Wark,Milan,Italy,South,Consumer,05/02/2014,Economy,Lombardy,9.1859243,45.4654219
AZ-2014-789686,31/01/2014,Jose Gambino,Stuttgart,Germany,Central,Corporate,31/01/2014,Immediate,Baden-Württemberg,9.1829321,48.7758459
AZ-2014-1092798,31/01/2014,Jose Gullo,Reggio nell'Emilia,Italy,South,Consumer,03/02/2014,Priority,Emilia-Romagna,10.6296859,44.6989932
AZ-2014-3770776,31/01/2014,Harvey Drozd,Majadahonda,Spain,South,Consumer,05/02/2014,Economy,Madrid,-3.8683123,40.4737586
AZ-2014-978460,31/01/2014,Philip Newsom,Annecy-le-Vieux,France,Central,Corporate,04/02/2014,Economy,Auvergne-Rhône-Alpes,6.1419499,45.9192139
AZ-2014-3603664,31/01/2014,Isla Vogel,Palermo,Italy,South,Home Office,04/02/2014,Economy,Sicily,13.3612671,38.1156879
AZ-2014-4843798,01/02/2014,Bethany Child,Milan,Italy,South,Consumer,07/02/2014,Economy,Lombardy,9.1859243,45.4654219
AZ-2014-5889242,03/02/2014,Jessica Paramor,Antwerp,Belgium,Central,Corporate,06/02/2014,Economy Plus,Antwerp,4.4024643,51.2194475
AZ-2014-8122105,03/02/2014,Tyler Miah,Granada,Spain,South,Home Office,07/02/2014,Economy,Andalusía,-3.5985571,37.1773363
AZ-2014-4015519,03/02/2014,Carl Proctor,Lanester,France,Central,Consumer,09/02/2014,Economy,Brittany,-3.347354,47.763494
BN-2014-7098171,04/02/2014,Niki Peirce,Zwolle,Netherlands,Central,Consumer,10/02/2014,Economy,Overijssel,6.0830219,52.5167747
AZ-2014-1473813,05/02/2014,Ali Mander-Jones,Eskilstuna,Sweden,North,Home Office,09/02/2014,Economy,Södermanland,16.5098045,59.3712486
AZ-2014-777252,05/02/2014,Taj Knetes,Rome,Italy,South,Consumer,10/02/2014,Economy,Lazio,12.4963655,41.9027835
AZ-2014-6826926,06/02/2014,Owen Faulkner,Stuttgart,Germany,Central,Home Office,13/02/2014,Economy,Baden-Württemberg,9.1829321,48.7758459
AZ-2014-4679554,06/02/2014,Oscar Noble,Kortrijk,Belgium,Central,Consumer,11/02/2014,Economy Plus,West Flanders,3.2577263,50.8194776
AZ-2014-6041195,06/02/2014,David Arnold,Witten,Germany,Central,Consumer,06/02/2014,Immediate,North Rhine-Westphalia,7.353197,51.4438926
AZ-2014-783246,06/02/2014,Sam Rees,Cholet,France,Central,Home Office,08/02/2014,Priority,Pays de la Loire,-0.879787,47.059407
AZ-2014-3004222,07/02/2014,Kayla Tearle,Leeds,United Kingdom,North,Corporate,11/02/2014,Economy,England,-1.5490774,53.8007554
AZ-2014-2131403,07/02/2014,Cooper Burn,Valencia,Spain,South,Consumer,11/02/2014,Economy,Valenciana,-0.3762881,39.4699075
AZ-2014-19192,07/02/2014,Thomas Shepherd,Nottingham,United Kingdom,North,Corporate,11/02/2014,Economy Plus,England,-1.1581086,52.9547832
AZ-2014-7917041,07/02/2014,Leo Jenkins,Northampton,United Kingdom,North,Home Office,10/02/2014,Priority,England,-0.902656,52.240477
AZ-2014-6943105,07/02/2014,Bailey Morris,Norwich,United Kingdom,North,Consumer,11/02/2014,Economy,England,1.297355,52.6308859
BN-2014-1772108,07/02/2014,Aaron Bootman,Bognor Regis,United Kingdom,North,Consumer,12/02/2014,Economy Plus,England,-0.673061,50.782998
BN-2014-1317809,07/02/2014,Annabelle Heydon,Stockholm,Sweden,North,Home Office,14/02/2014,Economy,Stockholm,18.0685808,59.3293235
BN-2014-3711552,07/02/2014,Angus Reading,Apeldoorn,Netherlands,Central,Corporate,09/02/2014,Priority,Gelderland,5.9699231,52.211157
AZ-2014-7416333,08/02/2014,Poppy Gunn,Rouen,France,Central,Consumer,13/02/2014,Economy,Normandy,1.099971,49.443232
AZ-2014-8991506,08/02/2014,Chelsea Parkinson,Barcelona,Spain,South,Corporate,11/02/2014,Priority,Catalonia,2.1734035,41.3850639
AZ-2014-6715732,10/02/2014,Skye Hammond,Portsmouth,United Kingdom,North,Corporate,11/02/2014,Priority,England,-1.0879769,50.8197675
AZ-2014-7615629,10/02/2014,Tyson Brookman,Kalundborg,Denmark,North,Consumer,13/02/2014,Priority,Zealand,11.089188,55.686429
AZ-2014-6084917,10/02/2014,Jasper Neighbour,Madrid,Spain,South,Corporate,14/02/2014,Economy,Madrid,-3.7037902,40.4167754
BN-2014-3939293,10/02/2014,Sean Ford,Paris,France,Central,Home Office,16/02/2014,Economy,Ile-de-France,2.3522219,48.856614
AZ-2014-1466658,11/02/2014,Rachel Morton,Vienna,Austria,Central,Corporate,13/02/2014,Priority,Vienna,16.3738189,48.2081743
AZ-2014-6500467,11/02/2014,Everett Dunbar,Nottingham,United Kingdom,North,Corporate,15/02/2014,Economy Plus,England,-1.1581086,52.9547832
AZ-2014-2889820,11/02/2014,Phoebe Moore,Oviedo,Spain,South,Corporate,15/02/2014,Economy,Asturias,-5.8493887,43.3619145
BN-2014-319061,11/02/2014,Tia Metcalfe,Birmingham,United Kingdom,North,Consumer,13/02/2014,Priority,England,-1.890401,52.486243
BN-2014-8340437,11/02/2014,Mary Parker,Gothenburg,Sweden,North,Corporate,16/02/2014,Economy,Västra Götaland,11.97456,57.70887
AZ-2014-6884762,12/02/2014,Michael Kim,Sandnes,Norway,North,Consumer,13/02/2014,Priority,Rogaland,5.7329455,58.8532585
AZ-2014-1644192,13/02/2014,Logan Allan,Stavanger,Norway,North,Corporate,18/02/2014,Economy,Rogaland,5.7331073,58.9699756
AZ-2014-3437856,14/02/2014,Joel McKean,Rhondda,United Kingdom,North,Home Office,17/02/2014,Economy Plus,Wales,-3.505572,51.659545
AZ-2014-9954741,14/02/2014,Noah Old,Bremen,Germany,Central,Corporate,14/02/2014,Immediate,Bremen,8.8016937,53.0792962
AZ-2014-3203712,14/02/2014,Aubrey Shedd,Dortmund,Germany,Central,Corporate,19/02/2014,Economy,North Rhine-Westphalia,7.4652981,51.5135872
AZ-2014-1490273,14/02/2014,Oscar Noble,Munster,Germany,Central,Consumer,21/02/2014,Economy,Lower Saxony,7.6261347,51.9606649
AZ-2014-2860692,14/02/2014,Alice Black,Brindisi,Italy,South,Home Office,18/02/2014,Economy,Apulia,17.9417616,40.6327278
BN-2014-2534492,15/02/2014,Casey Forte,Dublin,Ireland,North,Consumer,18/02/2014,Priority,Dublin,-6.2603097,53.3498053
BN-2014-1575343,15/02/2014,Jose Gullo,Stockholm,Sweden,North,Consumer,20/02/2014,Economy,Stockholm,18.0685808,59.3293235
AZ-2014-3985814,17/02/2014,Peggy Hua,Frankfurt,Germany,Central,Corporate,19/02/2014,Priority,Hesse,8.6821267,50.1109221
AZ-2014-5335564,17/02/2014,Vaughn Gibbs,Talavera de la Reina,Spain,South,Home Office,22/02/2014,Economy,Castile-La Mancha,-4.8304536,39.962884
AZ-2014-4525081,17/02/2014,Jack Maughan,Genoa,Italy,South,Consumer,21/02/2014,Economy,Liguria,8.946256,44.4056499
AZ-2014-5577510,17/02/2014,Spencer Oliver,Moulins,France,Central,Consumer,22/02/2014,Economy,Auvergne-Rhône-Alpes,3.334417,46.568059
AZ-2014-9590613,17/02/2014,Aidan Rowe,Tourcoing,France,Central,Consumer,21/02/2014,Economy Plus,Nord-Pas-de-Calais-Picardie,3.16207,50.724993
AZ-2014-4502269,17/02/2014,Harriet Webb,Angers,France,Central,Consumer,17/02/2014,Immediate,Pays de la Loire,-0.563166,47.478419
BN-2014-6168100,17/02/2014,Hershel Snyder,Oss,Netherlands,Central,Corporate,22/02/2014,Economy,North Brabant,5.5140482,51.7611801
BN-2014-3375705,17/02/2014,Spencer Hull,Groningen,Netherlands,Central,Consumer,18/02/2014,Priority,Groningen,6.5665018,53.2193835
AZ-2014-6053931,20/02/2014,Lewis Greenwood,Villingen-Schwenningen,Germany,Central,Consumer,23/02/2014,Priority,Baden-Württemberg,8.4640869,48.0594021
AZ-2014-656568,20/02/2014,David Mortlock,Gennevilliers,France,Central,Consumer,22/02/2014,Priority,Ile-de-France,2.293275,48.925525
BN-2014-2369995,20/02/2014,Alexander Bennett,Varese,Italy,South,Corporate,27/02/2014,Economy,Lombardy,8.8250576,45.8205989
BN-2014-5536187,21/02/2014,Bonnie Wilson,Dieppe,France,Central,Corporate,25/02/2014,Economy,Normandy,1.077483,49.922992
AZ-2014-6379288,22/02/2014,Daniel Lucas,Saint-Gratien,France,Central,Home Office,26/02/2014,Economy,Ile-de-France,2.286571,48.970259
AZ-2014-3625438,22/02/2014,Aaron Cunningham,Weston-super-Mare,United Kingdom,North,Consumer,26/02/2014,Economy Plus,England,-2.977255,51.347405
AZ-2014-1239779,23/02/2014,Alice Black,Rome,Italy,South,Home Office,27/02/2014,Economy,Lazio,12.4963655,41.9027835
AZ-2014-7929704,24/02/2014,Amy Pritchard,San Fernando,Spain,South,Consumer,28/02/2014,Economy,Andalusía,-6.1965948,36.4718646
AZ-2014-1191224,24/02/2014,Edward Hodges,Wigan,United Kingdom,North,Consumer,26/02/2014,Economy Plus,England,-2.6325074,53.5450645
BN-2014-2462392,24/02/2014,Dylan Dry,The Hague,Netherlands,Central,Consumer,01/03/2014,Economy,South Holland,4.3006999,52.0704978
BN-2014-5117024,24/02/2014,David Lowe,Sheffield,United Kingdom,North,Consumer,27/02/2014,Economy Plus,England,-1.470085,53.381129
BN-2014-5951909,24/02/2014,Rory Martindale,Trier,Germany,Central,Consumer,01/03/2014,Economy Plus,Rhineland-Palatinate,6.6371433,49.749992
AZ-2014-7578563,25/02/2014,Jeffrey Laird,Marseille,France,Central,Corporate,28/02/2014,Economy Plus,Provence-Alpes-Côte d'Azur,5.36978,43.296482
AZ-2014-1723403,25/02/2014,Ava Giles,Nuneaton,United Kingdom,North,Corporate,02/03/2014,Economy,England,-1.465382,52.520489
AZ-2014-2194070,25/02/2014,Nicole Todd,Pforzheim,Germany,Central,Corporate,28/02/2014,Priority,Baden-Württemberg,8.6946286,48.8921862
BN-2014-7262414,25/02/2014,Isabelle Torpy,Birmingham,United Kingdom,North,Consumer,27/02/2014,Economy Plus,England,-1.890401,52.486243
AZ-2014-6634288,26/02/2014,Mason Adams,Salzburg,Austria,Central,Consumer,03/03/2014,Economy,Salzburg,13.05501,47.80949
AZ-2014-6846105,26/02/2014,Michael Myers,Frankfurt,Germany,Central,Home Office,28/02/2014,Economy Plus,Hesse,8.6821267,50.1109221
BN-2014-5871078,26/02/2014,Jack Holland,Toulouse,France,Central,Consumer,04/03/2014,Economy,Languedoc-Roussillon-Midi-Pyrénées,1.444209,43.604652
BN-2014-3085945,26/02/2014,Rachel Tyler,Alkmaar,Netherlands,Central,Corporate,03/03/2014,Economy Plus,North Holland,4.7533754,52.6323813
AZ-2014-6340236,27/02/2014,Declan Dundas,Genoa,Italy,South,Corporate,06/03/2014,Economy,Liguria,8.946256,44.4056499
AZ-2014-2672334,27/02/2014,Alexander Bond,Wasquehal,France,Central,Corporate,01/03/2014,Priority,Nord-Pas-de-Calais-Picardie,3.130782,50.669276
AZ-2014-8638233,27/02/2014,Bianca Monsoor,Huddersfield,United Kingdom,North,Consumer,03/03/2014,Economy,England,-1.785035,53.645792
AZ-2014-9583503,27/02/2014,Rhys Murphy,Naples,Italy,South,Consumer,04/03/2014,Economy,Campania,14.2681244,40.8517746
AZ-2014-4258600,28/02/2014,Hollie Norris,Colombes,France,Central,Consumer,04/03/2014,Economy,Ile-de-France,2.2533313,48.9220615
AZ-2014-3348489,28/02/2014,Hershel Snyder,Cardiff,United Kingdom,North,Corporate,02/03/2014,Economy Plus,Wales,-3.17909,51.481581
AZ-2014-3967797,28/02/2014,Angie Massengill,Heilbronn,Germany,Central,Consumer,04/03/2014,Economy,Baden-Württemberg,9.210879,49.1426929
AZ-2014-9560415,28/02/2014,Crystal Turner,London,United Kingdom,North,Consumer,01/03/2014,Priority,England,-0.1277583,51.5073509
AZ-2014-4237223,03/03/2014,Leah Barrett,Amiens,France,Central,Consumer,08/03/2014,Economy Plus,Nord-Pas-de-Calais-Picardie,2.295753,49.894067
AZ-2014-7020120,03/03/2014,Isabella Fowler,Essen,Germany,Central,Consumer,05/03/2014,Economy Plus,North Rhine-Westphalia,7.0115552,51.4556432
AZ-2014-3387010,03/03/2014,Madison Holloway,Norderstedt,Germany,Central,Corporate,07/03/2014,Economy,Schleswig-Holstein,10.0008798,53.6993066
AZ-2014-2604590,03/03/2014,Spencer Calvert,Oviedo,Spain,South,Corporate,08/03/2014,Economy,Asturias,-5.8493887,43.3619145
AZ-2014-9687341,03/03/2014,Zachary Warner,Taranto,Italy,South,Consumer,06/03/2014,Priority,Apulia,17.2470303,40.4643606
AZ-2014-2432395,04/03/2014,Zona Meyer,Innsbruck,Austria,Central,Corporate,08/03/2014,Economy,Tyrol,11.4041024,47.2692124
AZ-2014-4803875,04/03/2014,Hayden Perkins,Odense,Denmark,North,Consumer,09/03/2014,Economy,South Denmark,10.40237,55.403756
AZ-2014-1282413,04/03/2014,Libby Allan,Middlesbrough,United Kingdom,North,Consumer,09/03/2014,Economy,England,-1.234956,54.574227
AZ-2014-5479576,04/03/2014,Nancy Seay,Milan,Italy,South,Consumer,08/03/2014,Economy,Lombardy,9.1859243,45.4654219
AZ-2014-3666609,04/03/2014,Eloise Mahmood,Trieste,Italy,South,Corporate,06/03/2014,Economy Plus,Friuli-Venezia Giulia,13.7768182,45.6495264
AZ-2014-8796314,05/03/2014,Alana Zahel,Paris,France,Central,Consumer,05/03/2014,Immediate,Ile-de-France,2.3522219,48.856614
AZ-2014-139627,05/03/2014,Julia Martell,Angers,France,Central,Home Office,10/03/2014,Economy,Pays de la Loire,-0.563166,47.478419
AZ-2014-1846606,06/03/2014,Eva Arnold,Frankfurt,Germany,Central,Consumer,06/03/2014,Immediate,Hesse,8.6821267,50.1109221
AZ-2014-4649759,06/03/2014,Jose Gambino,Castres,France,Central,Corporate,12/03/2014,Economy,Languedoc-Roussillon-Midi-Pyrénées,2.241295,43.606214
AZ-2014-6408237,06/03/2014,Adam Walpole,Dresden,Germany,Central,Corporate,10/03/2014,Economy,Saxony,13.7372621,51.0504088
BN-2014-291873,06/03/2014,Rebecca Heysen,Palermo,Italy,South,Corporate,08/03/2014,Priority,Sicily,13.3612671,38.1156879
AZ-2014-4714590,08/03/2014,Chelsea Bannister,Turin,Italy,South,Consumer,14/03/2014,Economy,Piedmont,7.6868565,45.070312
AZ-2014-5151587,10/03/2014,Andrew Stephens,Wolverhampton,United Kingdom,North,Consumer,14/03/2014,Economy,England,-2.12882,52.586973
AZ-2014-6368939,10/03/2014,Carley Wynn,Munich,Germany,Central,Home Office,12/03/2014,Economy Plus,Bavaria,11.5819806,48.1351253
AZ-2014-1092628,10/03/2014,Brooke Horton,Ghent,Belgium,Central,Consumer,14/03/2014,Economy,East Flanders,3.7174243,51.0543422
BN-2014-2854953,11/03/2014,Aaron Bootman,Neunkirchen,Germany,Central,Consumer,11/03/2014,Immediate,Saarland,7.186363,49.3518048
BN-2014-1493038,12/03/2014,Harrison Cooke,Galway,Ireland,North,Consumer,14/03/2014,Priority,Galway,-9.0567905,53.270668
BN-2014-7233661,12/03/2014,Joyce Cornell,Dublin,Ireland,North,Consumer,19/03/2014,Economy,Dublin,-6.2603097,53.3498053
AZ-2014-2335509,14/03/2014,Georgina Garner,Charleroi,Belgium,Central,Consumer,16/03/2014,Priority,Hainaut,4.444643,50.4108095
AZ-2014-1144428,14/03/2014,Luther King,Brandenburg,Germany,Central,Consumer,19/03/2014,Economy Plus,Brandenburg,12.5316444,52.4125287
BN-2014-4795126,14/03/2014,Isabelle Torpy,Velsen,Netherlands,Central,Consumer,19/03/2014,Economy,North Holland,4.630587,52.4520591
AZ-2014-8582071,15/03/2014,Tahlia Coughlan,Dunstable,United Kingdom,North,Corporate,21/03/2014,Economy,England,-0.52039,51.885644
AZ-2014-8487214,15/03/2014,Paul Collazo,Monza,Italy,South,Home Office,22/03/2014,Economy,Lombardy,9.2744485,45.5845001
AZ-2014-9189061,15/03/2014,Catharine Robbins,Le Havre,France,Central,Corporate,21/03/2014,Economy,Normandy,0.107929,49.49437
BN-2014-3961366,15/03/2014,Alice Black,Bari,Italy,South,Home Office,19/03/2014,Economy Plus,Apulia,16.8718715,41.1171432
AZ-2014-6745557,17/03/2014,Christy Wiley,Vigneux-sur-Seine,France,Central,Consumer,22/03/2014,Economy,Ile-de-France,2.416924,48.700094
AZ-2014-5228686,17/03/2014,Charli Rose,Rochdale,United Kingdom,North,Consumer,18/03/2014,Priority,England,-2.1561,53.6097136
BN-2014-9660071,17/03/2014,Ali Jerger,Dundee,United Kingdom,North,Corporate,22/03/2014,Economy,Scotland,-2.970721,56.462018
BN-2014-6482721,17/03/2014,Tyler Duncan,Duisburg,Germany,Central,Home Office,21/03/2014,Economy Plus,North Rhine-Westphalia,6.7623293,51.4344079
AZ-2014-9586532,18/03/2014,Kian Sykes,Barcelona,Spain,South,Consumer,18/03/2014,Immediate,Catalonia,2.1734035,41.3850639
AZ-2014-5410108,18/03/2014,Louis Dominguez,Cork,Ireland,North,Corporate,18/03/2014,Immediate,Cork,-8.4863157,51.8968917
AZ-2014-7988186,18/03/2014,Georgia Bermingham,Rome,Italy,South,Home Office,22/03/2014,Economy,Lazio,12.4963655,41.9027835
BN-2014-2423414,18/03/2014,Claudia Poore,Chelles,France,Central,Corporate,21/03/2014,Economy Plus,Ile-de-France,2.59016,48.877535
AZ-2014-3980434,19/03/2014,John Basser,Graz,Austria,Central,Corporate,23/03/2014,Economy,Styria,15.439504,47.070714
AZ-2014-1476167,19/03/2014,Carol Evans,Bristol,United Kingdom,North,Consumer,19/03/2014,Immediate,England,-2.58791,51.454513
AZ-2014-9092874,19/03/2014,Sarah Cross,Mainz,Germany,Central,Consumer,26/03/2014,Economy,Rhineland-Palatinate,8.2472526,49.9928617
BN-2014-2531975,19/03/2014,Samantha Reynell,Badalona,Spain,South,Home Office,25/03/2014,Economy,Catalonia,2.2450325,41.4469883
AZ-2014-6229450,20/03/2014,Nate Wilder-Neligan,Abbeville,France,Central,Consumer,21/03/2014,Priority,Nord-Pas-de-Calais-Picardie,1.836833,50.105467
AZ-2014-4950235,21/03/2014,Koby Phillip,Sarcelles,France,Central,Consumer,24/03/2014,Economy Plus,Ile-de-France,2.378493,48.997347
AZ-2014-786652,21/03/2014,Michael Watkins,Antony,France,Central,Home Office,24/03/2014,Economy Plus,Ile-de-France,2.302553,48.759255
AZ-2014-5151973,21/03/2014,Kyle Beard,Velbert,Germany,Central,Consumer,25/03/2014,Economy,North Rhine-Westphalia,7.0426775,51.3370703
AZ-2014-9418749,21/03/2014,Samantha Reynell,Castrop-Rauxel,Germany,Central,Home Office,28/03/2014,Economy,North Rhine-Westphalia,7.3150145,51.5632625
AZ-2014-9440624,22/03/2014,Aaron Cunningham,Frankfurt,Germany,Central,Consumer,24/03/2014,Economy Plus,Hesse,8.6821267,50.1109221
AZ-2014-3599759,23/03/2014,Abigail Humffray,Widnes,United Kingdom,North,Consumer,30/03/2014,Economy,England,-2.733637,53.361024
AZ-2014-9683881,24/03/2014,Richard Harvey,Poissy,France,Central,Corporate,30/03/2014,Economy,Ile-de-France,2.046982,48.929584
BN-2014-8322857,24/03/2014,Mia McLean,Birmingham,United Kingdom,North,Corporate,29/03/2014,Economy,England,-1.890401,52.486243
AZ-2014-9106967,25/03/2014,Naomi Hancock,Capannori,Italy,South,Corporate,01/04/2014,Economy,Tuscany,10.5733254,43.8418933
AZ-2014-995232,25/03/2014,Elijah Sodeman,Brighton,United Kingdom,North,Consumer,31/03/2014,Economy,England,-0.137163,50.82253
AZ-2014-5778824,26/03/2014,Charlotte Savage,Augsburg,Germany,Central,Consumer,28/03/2014,Priority,Bavaria,10.89779,48.3705449
AZ-2014-2640603,26/03/2014,Patricia Smith,Guadalajara,Spain,South,Corporate,01/04/2014,Economy,Castile-La Mancha,-3.16017,40.632489
BN-2014-4063586,26/03/2014,Oscar Noble,Munster,Germany,Central,Consumer,28/03/2014,Priority,Lower Saxony,7.6261347,51.9606649
AZ-2014-5418007,27/03/2014,Frances Matthias,London,United Kingdom,North,Corporate,02/04/2014,Economy,England,-0.1277583,51.5073509
AZ-2014-1181661,27/03/2014,Millie Newman,Saint-Nazaire,France,Central,Consumer,29/03/2014,Economy Plus,Pays de la Loire,-2.213848,47.2734979
AZ-2014-6896726,28/03/2014,Bianca Crisp,Lowestoft,United Kingdom,North,Home Office,01/04/2014,Economy,England,1.753449,52.481138
AZ-2014-9044600,28/03/2014,Ngoc Orozco,Vaulx-en-Velin,France,Central,Home Office,03/04/2014,Economy,Auvergne-Rhône-Alpes,4.922661,45.782029
AZ-2014-1790715,28/03/2014,Mia McLean,Milan,Italy,South,Corporate,01/04/2014,Economy,Lombardy,9.1859243,45.4654219
BN-2014-6163592,28/03/2014,Charles Builder,Quartu Sant'Elena,Italy,South,Consumer,30/03/2014,Economy Plus,Sardinia,9.1836462,39.2413493
AZ-2014-6326220,29/03/2014,Sean Wheeler,Estepona,Spain,South,Corporate,02/04/2014,Economy Plus,Andalusía,-5.1510261,36.4256345
BN-2014-9956190,29/03/2014,Daniel Lucas,Breda,Netherlands,Central,Home Office,01/04/2014,Economy Plus,North Brabant,4.768323,51.5719149
AZ-2014-2056021,31/03/2014,Nicole Nash,Quimper,France,Central,Consumer,03/04/2014,Priority,Brittany,-4.097899,47.997542
AZ-2014-1698292,31/03/2014,Max Ronald,Offenbach,Germany,Central,Corporate,04/04/2014,Economy,Hesse,8.7760843,50.0956362
AZ-2014-1058907,01/04/2014,Michelle Barrett,Hanover,Germany,Central,Consumer,04/04/2014,Priority,Lower Saxony,9.7320104,52.3758916
AZ-2014-5969019,01/04/2014,Gail Thompson,Wilhelmshaven,Germany,Central,Consumer,06/04/2014,Economy,Lower Saxony,8.1068722,53.5323403
AZ-2014-795523,02/04/2014,Sam Rees,Bremen,Germany,Central,Home Office,07/04/2014,Economy,Bremen,8.8016937,53.0792962
BN-2014-4017957,02/04/2014,Tyson Brookman,Nacka,Sweden,North,Consumer,07/04/2014,Economy,Stockholm,18.156042,59.307903
AZ-2014-7256409,03/04/2014,Alexander Bond,Graz,Austria,Central,Corporate,08/04/2014,Economy,Styria,15.439504,47.070714
AZ-2014-8546369,03/04/2014,Joel McKean,Boulogne-Billancourt,France,Central,Home Office,07/04/2014,Economy,Ile-de-France,2.2399123,48.8396952
AZ-2014-7397204,03/04/2014,Jessica Paramor,London,United Kingdom,North,Corporate,05/04/2014,Priority,England,-0.1277583,51.5073509
BN-2014-5575990,03/04/2014,Mike Obrien,Stuttgart,Germany,Central,Consumer,07/04/2014,Economy,Baden-Württemberg,9.1829321,48.7758459
BN-2014-4554837,03/04/2014,Louis Dominguez,Den Helder,Netherlands,Central,Corporate,05/04/2014,Priority,North Holland,4.7607972,52.9562808
AZ-2014-1661689,04/04/2014,Hollie Norris,Tourcoing,France,Central,Consumer,08/04/2014,Economy,Nord-Pas-de-Calais-Picardie,3.16207,50.724993
BN-2014-3358594,04/04/2014,Angelina Beeton,Enschede,Netherlands,Central,Consumer,09/04/2014,Economy Plus,Overijssel,6.8936619,52.2215372
BN-2014-7281135,05/04/2014,Joe Gilbert,Wolfsburg,Germany,Central,Home Office,10/04/2014,Economy,Lower Saxony,10.7865461,52.4226503
AZ-2014-7189649,06/04/2014,Bailey Morris,Clichy,France,Central,Consumer,10/04/2014,Economy,Ile-de-France,2.304768,48.904526
AZ-2014-2987514,06/04/2014,Nate Dacey,Avignon,France,Central,Consumer,08/04/2014,Priority,Provence-Alpes-Côte d'Azur,4.805528,43.949317
AZ-2014-3500808,07/04/2014,Alannah Langridge,Nuremberg,Germany,Central,Consumer,11/04/2014,Economy,Bavaria,11.0796553,49.4254092
AZ-2014-9650132,07/04/2014,Katie Evenden,Lille,France,Central,Corporate,11/04/2014,Economy,Nord-Pas-de-Calais-Picardie,3.057256,50.62925
AZ-2014-5598677,07/04/2014,Desiree Hurt,Madrid,Spain,South,Home Office,11/04/2014,Economy,Madrid,-3.7037902,40.4167754
AZ-2014-3154737,07/04/2014,Lilly Le Grand,Berlin,Germany,Central,Home Office,14/04/2014,Economy,Berlin,13.404954,52.5200066
BN-2014-8509634,07/04/2014,Tia Metcalfe,Marseille,France,Central,Consumer,12/04/2014,Economy,Provence-Alpes-Côte d'Azur,5.36978,43.296482
AZ-2014-5692945,08/04/2014,Lydia Webster,Nantes,France,Central,Consumer,12/04/2014,Economy,Pays de la Loire,-1.553621,47.218371
AZ-2014-186904,09/04/2014,Angus De Groot,Detmold,Germany,Central,Corporate,14/04/2014,Economy,North Rhine-Westphalia,8.868638,51.9384783
AZ-2014-2846196,09/04/2014,Terence Welch,Bayeux,France,Central,Consumer,12/04/2014,Priority,Normandy,-0.70314,49.276437
AZ-2014-1320048,10/04/2014,Ava Corbin,London,United Kingdom,North,Home Office,11/04/2014,Priority,England,-0.1277583,51.5073509
AZ-2014-532333,10/04/2014,Gary Crume,Exeter,United Kingdom,North,Consumer,14/04/2014,Economy,England,-3.533899,50.718412
AZ-2014-6975089,10/04/2014,Isabelle Torpy,Lyon,France,Central,Consumer,14/04/2014,Economy Plus,Auvergne-Rhône-Alpes,4.835659,45.764043
AZ-2014-8184590,10/04/2014,Mike Langer,Nantes,France,Central,Corporate,16/04/2014,Economy,Pays de la Loire,-1.553621,47.218371
AZ-2014-2492440,11/04/2014,Alexis Code,Zwickau,Germany,Central,Corporate,16/04/2014,Economy,Saxony,12.4733725,50.7102169
BN-2014-277851,12/04/2014,Henry Chandler,Alphen aan den Rijn,Netherlands,Central,Home Office,17/04/2014,Economy,South Holland,4.6688508,52.1276577
BN-2014-9322996,12/04/2014,Louis Dominguez,Pamiers,France,Central,Corporate,18/04/2014,Economy,Languedoc-Roussillon-Midi-Pyrénées,1.607953,43.114753
AZ-2014-9749362,13/04/2014,Harriet Chadwick,Nantes,France,Central,Corporate,14/04/2014,Priority,Pays de la Loire,-1.553621,47.218371
AZ-2014-7035422,13/04/2014,John Baca,Haguenau,France,Central,Consumer,16/04/2014,Economy Plus,Alsace-Champagne-Ardenne-Lorraine,7.79125,48.813288
BN-2014-9635866,13/04/2014,Mark Washington,Saint-Chamond,France,Central,Home Office,17/04/2014,Economy,Auvergne-Rhône-Alpes,4.5127119,45.476088
AZ-2014-9774095,14/04/2014,Maya O'Sullivan,Grosseto,Italy,South,Corporate,16/04/2014,Priority,Tuscany,11.1123634,42.7635254
AZ-2014-8532434,14/04/2014,Chelsea Bannister,Castelnau-le-Lez,France,Central,Consumer,17/04/2014,Economy Plus,Languedoc-Roussillon-Midi-Pyrénées,3.8975051,43.6329827
AZ-2014-5593703,14/04/2014,Jason Roger,Hamburg,Germany,Central,Corporate,16/04/2014,Economy Plus,Hamburg,9.9936818,53.5510846
AZ-2014-8812108,14/04/2014,Christopher Goold,Las Rozas de Madrid,Spain,South,Corporate,20/04/2014,Economy,Madrid,-3.8757916,40.4935329
BN-2014-9478365,14/04/2014,Katie Evenden,Florence,Italy,South,Corporate,16/04/2014,Economy Plus,Tuscany,11.2558136,43.7695604
AZ-2014-7242450,15/04/2014,Imogen Steele,Naples,Italy,South,Corporate,21/04/2014,Economy,Campania,14.2681244,40.8517746
AZ-2014-5519564,15/04/2014,Paige Hopley,Kilwinning,United Kingdom,North,Consumer,22/04/2014,Economy,Scotland,-4.703117,55.65592
BN-2014-8046775,15/04/2014,Louis Dominguez,Toulouse,France,Central,Corporate,21/04/2014,Economy,Languedoc-Roussillon-Midi-Pyrénées,1.444209,43.604652
AZ-2014-3020492,16/04/2014,Freya Briggs,Dudley,United Kingdom,North,Corporate,16/04/2014,Immediate,England,-2.081112,52.512255
AZ-2014-8902331,16/04/2014,Jade Howe,Bradford,United Kingdom,North,Corporate,21/04/2014,Economy Plus,England,-1.759398,53.795984
AZ-2014-175651,16/04/2014,Rory Jess,Preston,United Kingdom,North,Home Office,21/04/2014,Economy,England,-2.70309,53.763201
AZ-2014-886827,16/04/2014,Dylan Dry,Mainz,Germany,Central,Consumer,20/04/2014,Economy,Rhineland-Palatinate,8.2472526,49.9928617
AZ-2014-8284131,17/04/2014,Christopher Goold,Antwerp,Belgium,Central,Corporate,21/04/2014,Economy,Antwerp,4.4024643,51.2194475
AZ-2014-1758207,17/04/2014,Archie Springfield,Fleury-les-Aubrais,France,Central,Home Office,20/04/2014,Economy Plus,Centre-Val de Loire,1.920754,47.931513
BN-2014-8493925,17/04/2014,Ava Giles,Stockholm,Sweden,North,Corporate,23/04/2014,Economy,Stockholm,18.0685808,59.3293235
BN-2014-4759297,17/04/2014,Evie Rees,Amsterdam,Netherlands,Central,Consumer,23/04/2014,Economy,North Holland,4.8951679,52.3702157
BN-2014-9271210,17/04/2014,Molly Crawford,Barcelona,Spain,South,Corporate,21/04/2014,Economy,Catalonia,2.1734035,41.3850639
AZ-2014-9397794,18/04/2014,Liam Newton,Ermont,France,Central,Corporate,20/04/2014,Priority,Ile-de-France,2.258451,48.989071
AZ-2014-1833043,19/04/2014,Ryan Ackland,Carquefou,France,Central,Consumer,19/04/2014,Immediate,Pays de la Loire,-1.486812,47.296241
AZ-2014-1592554,19/04/2014,Anna Macdonald,Vienna,Austria,Central,Consumer,22/04/2014,Priority,Vienna,16.3738189,48.2081743
AZ-2014-791703,19/04/2014,Nathan Noble,Lund,Sweden,North,Corporate,22/04/2014,Priority,Skåne,13.1910073,55.7046601
AZ-2014-5973940,19/04/2014,Jake Barry,Narbonne,France,Central,Home Office,23/04/2014,Economy,Languedoc-Roussillon-Midi-Pyrénées,3.003078,43.184277
AZ-2014-8986990,19/04/2014,Ella Knopwood,Hamburg,Germany,Central,Consumer,23/04/2014,Economy,Hamburg,9.9936818,53.5510846
BN-2014-7358344,20/04/2014,Molly Palmer,Talence,France,Central,Corporate,24/04/2014,Economy,Aquitaine-Limousin-Poitou-Charentes,-0.588054,44.802614
AZ-2014-5845365,21/04/2014,Shelby Dunston,Lippstadt,Germany,Central,Consumer,24/04/2014,Priority,North Rhine-Westphalia,8.3406481,51.6712278
AZ-2014-778430,21/04/2014,Freddie Kaur,Issy-les-Moulineaux,France,Central,Consumer,24/04/2014,Priority,Ile-de-France,2.2743419,48.8245306
AZ-2014-7046345,21/04/2014,Millie Arnold,London,United Kingdom,North,Consumer,23/04/2014,Economy Plus,England,-0.1277583,51.5073509
BN-2014-45288,21/04/2014,Gracie Hicks,Palma de Mallorca,Spain,South,Consumer,26/04/2014,Economy,Balearic Islands,2.6501603,39.5696005
BN-2014-1468237,21/04/2014,Angus Ibsch,Ludwigsburg,Germany,Central,Consumer,25/04/2014,Economy,Baden-Württemberg,9.195464,48.8940624
AZ-2014-9634517,23/04/2014,Aaron Bootman,Casoria,Italy,South,Consumer,28/04/2014,Economy,Campania,14.2928248,40.9075976
AZ-2014-5960256,24/04/2014,Michael Kim,Regensburg,Germany,Central,Consumer,27/04/2014,Economy Plus,Bavaria,12.1016236,49.0134297
AZ-2014-1803267,24/04/2014,Lisa Watkins,Rome,Italy,South,Consumer,29/04/2014,Economy,Lazio,12.4963655,41.9027835
AZ-2014-1627961,24/04/2014,Geraldine Mizelle,Mannheim,Germany,Central,Corporate,28/04/2014,Economy,Baden-Württemberg,8.4660395,49.4874592
AZ-2014-8880439,25/04/2014,Gail Thompson,Trappes,France,Central,Consumer,28/04/2014,Economy Plus,Ile-de-France,2.001844,48.776731
AZ-2014-6878748,25/04/2014,Mark Briggs,Marbella,Spain,South,Consumer,28/04/2014,Priority,Andalusía,-4.8824474,36.510071
BN-2014-3140940,25/04/2014,Matilda Jackson,Toulouse,France,Central,Corporate,27/04/2014,Priority,Languedoc-Roussillon-Midi-Pyrénées,1.444209,43.604652
BN-2014-1489324,25/04/2014,Larry Klaus,Dublin,Ireland,North,Corporate,29/04/2014,Economy,Dublin,-6.2603097,53.3498053
AZ-2014-6301419,26/04/2014,Jasmine Hanson,Marseille,France,Central,Consumer,30/04/2014,Economy,Provence-Alpes-Côte d'Azur,5.36978,43.296482
AZ-2014-7453944,26/04/2014,David To,Vienna,Austria,Central,Home Office,02/05/2014,Economy,Vienna,16.3738189,48.2081743
AZ-2014-2733980,26/04/2014,Maya O'Sullivan,Halifax,United Kingdom,North,Corporate,01/05/2014,Economy,England,-1.85754,53.72702
AZ-2014-8480616,26/04/2014,Patricia Smith,Antwerp,Belgium,Central,Corporate,01/05/2014,Economy,Antwerp,4.4024643,51.2194475
BN-2014-9778057,26/04/2014,Jay Johnson,Niort,France,Central,Consumer,02/05/2014,Economy,Aquitaine-Limousin-Poitou-Charentes,-0.464777,46.323716
AZ-2014-1007120,28/04/2014,Robert Quick,Sesto San Giovanni,Italy,South,Consumer,03/05/2014,Economy,Lombardy,9.2256875,45.5328245
BN-2014-4920125,28/04/2014,Angus Fryar,Maastricht,Netherlands,Central,Consumer,03/05/2014,Economy,Limburg,5.6909725,50.8513682
AZ-2014-3159501,29/04/2014,Jade Howe,Elx,Spain,South,Corporate,29/04/2014,Immediate,Valenciana,-0.7125608,38.2699329
AZ-2014-5426715,30/04/2014,Kelly Long,Barcelona,Spain,South,Corporate,02/05/2014,Economy Plus,Catalonia,2.1734035,41.3850639
AZ-2014-7725232,30/04/2014,Zona Meyer,Nuremberg,Germany,Central,Corporate,05/05/2014,Economy,Bavaria,11.0796553,49.4254092
AZ-2014-8489186,30/04/2014,Kerry Dorsey,Bagnolet,France,Central,Consumer,05/05/2014,Economy,Ile-de-France,2.4234589,48.870364
BN-2014-6460657,30/04/2014,Lori Miller,Stockholm,Sweden,North,Consumer,06/05/2014,Economy,Stockholm,18.0685808,59.3293235
BN-2014-1655185,30/04/2014,Amber Adams,Lisbon,Portugal,South,Corporate,04/05/2014,Economy,Lisboa,-9.1393366,38.7222524
AZ-2014-3540181,01/05/2014,Rory Jess,Les Lilas,France,Central,Home Office,03/05/2014,Economy Plus,Ile-de-France,2.419452,48.881935
AZ-2014-1568727,01/05/2014,Lauren Hobbs,Nice,France,Central,Consumer,03/05/2014,Priority,Provence-Alpes-Côte d'Azur,7.2619532,43.7101728
AZ-2014-4295830,01/05/2014,Brandon Preston,Langenhagen,Germany,Central,Consumer,04/05/2014,Priority,Lower Saxony,9.7443992,52.4528001
AZ-2014-5958487,02/05/2014,Felicia Cooley,Poole,United Kingdom,North,Consumer,08/05/2014,Economy,England,-1.987248,50.71505
AZ-2014-2583309,02/05/2014,Eden Kern,Wasquehal,France,Central,Consumer,05/05/2014,Economy Plus,Nord-Pas-de-Calais-Picardie,3.130782,50.669276
AZ-2014-6158544,02/05/2014,Taj Knetes,Limay,France,Central,Consumer,03/05/2014,Priority,Ile-de-France,1.735384,48.992181
AZ-2014-5299088,02/05/2014,Dylan Disney,Agrigento,Italy,South,Home Office,06/05/2014,Economy Plus,Sicily,13.5765475,37.3110897
AZ-2014-9676120,02/05/2014,Charli Rose,Manchester,United Kingdom,North,Consumer,05/05/2014,Priority,England,-2.2426305,53.4807593
BN-2014-5698928,02/05/2014,Charlie Horrocks,Tilburg,Netherlands,Central,Consumer,06/05/2014,Economy,North Brabant,5.0919143,51.560596
BN-2014-1507316,02/05/2014,George Dawson,Milan,Italy,South,Home Office,05/05/2014,Economy Plus,Lombardy,9.1859243,45.4654219
BN-2014-2570912,02/05/2014,Sam French,Libourne,France,Central,Consumer,03/05/2014,Priority,Aquitaine-Limousin-Poitou-Charentes,-0.243985,44.912998
AZ-2014-7679425,03/05/2014,Francesca Bowen,Amiens,France,Central,Consumer,08/05/2014,Economy,Nord-Pas-de-Calais-Picardie,2.295753,49.894067
AZ-2014-4524252,03/05/2014,Juanita Smalls,Nottingham,United Kingdom,North,Home Office,09/05/2014,Economy,England,-1.1581086,52.9547832
AZ-2014-8562932,03/05/2014,Abby Mei,Lucca,Italy,South,Corporate,05/05/2014,Economy Plus,Tuscany,10.4950609,43.8376211
BN-2014-8459769,03/05/2014,Kerry Dorsey,Stockholm,Sweden,North,Consumer,03/05/2014,Immediate,Stockholm,18.0685808,59.3293235
AZ-2014-1769606,05/05/2014,Gracie Powell,Saint-Pol-sur-Mer,France,Central,Consumer,09/05/2014,Economy Plus,Nord-Pas-de-Calais-Picardie,2.34247,51.026461
AZ-2014-6407661,06/05/2014,Joshua Romero,Berlin,Germany,Central,Consumer,11/05/2014,Economy,Berlin,13.404954,52.5200066
AZ-2014-1861968,07/05/2014,Mark Westfall,Pau,France,Central,Consumer,11/05/2014,Economy,Aquitaine-Limousin-Poitou-Charentes,-0.370797,43.2951
AZ-2014-6630320,07/05/2014,Isabella Cleary,Poole,United Kingdom,North,Home Office,12/05/2014,Economy Plus,England,-1.987248,50.71505
AZ-2014-3040435,07/05/2014,Elijah Sodeman,Velletri,Italy,South,Consumer,07/05/2014,Immediate,Lazio,12.7785347,41.6868422
AZ-2014-8951189,08/05/2014,Imogen Steele,Andria,Italy,South,Corporate,11/05/2014,Priority,Apulia,16.2966406,41.2272519
AZ-2014-462189,08/05/2014,Jean Crowley,Madrid,Spain,South,Corporate,10/05/2014,Economy Plus,Madrid,-3.7037902,40.4167754
AZ-2014-5567456,08/05/2014,Max Ronald,Koblenz,Germany,Central,Corporate,12/05/2014,Economy,Rhineland-Palatinate,7.5889959,50.3569429
AZ-2014-1556718,08/05/2014,Jay Johnson,Crawley,United Kingdom,North,Consumer,13/05/2014,Economy Plus,England,-0.1872275,51.1091401
AZ-2014-2291964,08/05/2014,Aaron Cunningham,Berlin,Germany,Central,Consumer,10/05/2014,Priority,Berlin,13.404954,52.5200066
AZ-2014-9904920,08/05/2014,Phoebe Moore,Meyzieu,France,Central,Corporate,15/05/2014,Economy,Auvergne-Rhône-Alpes,5.003658,45.766821
AZ-2014-8899652,09/05/2014,Tina Brantley,Rouen,France,Central,Home Office,13/05/2014,Economy,Normandy,1.099971,49.443232
AZ-2014-756508,09/05/2014,Keith Martinez,Pisa,Italy,South,Consumer,13/05/2014,Economy,Tuscany,10.4016888,43.7228386
AZ-2014-6041399,09/05/2014,Lloyd Barnes,Bologna,Italy,South,Corporate,15/05/2014,Economy,Emilia-Romagna,11.3426163,44.494887
AZ-2014-5901455,09/05/2014,Georgina Fuller,London,United Kingdom,North,Consumer,13/05/2014,Economy,England,-0.1277583,51.5073509
AZ-2014-8467172,09/05/2014,Harry Josephson,Middlesbrough,United Kingdom,North,Consumer,12/05/2014,Priority,England,-1.234956,54.574227
BN-2014-3985726,09/05/2014,Laura Elizabeth,Amsterdam,Netherlands,Central,Consumer,12/05/2014,Priority,North Holland,4.8951679,52.3702157
BN-2014-2450854,09/05/2014,Tahlia Coughlan,Stockholm,Sweden,North,Corporate,14/05/2014,Economy,Stockholm,18.0685808,59.3293235
AZ-2014-1948946,10/05/2014,Kayleigh Summers,Boulogne-Billancourt,France,Central,Consumer,15/05/2014,Economy,Ile-de-France,2.2399123,48.8396952
AZ-2014-2367501,10/05/2014,Toby Conway,Heidelberg,Germany,Central,Consumer,15/05/2014,Economy Plus,Baden-Württemberg,8.6724335,49.3987524
AZ-2014-5084567,10/05/2014,Zachary Disher,Peterborough,United Kingdom,North,Consumer,16/05/2014,Economy,England,-0.2405299,52.5694985
BN-2014-7160254,10/05/2014,Eric Anderson,Copenhagen,Denmark,North,Home Office,15/05/2014,Economy,Hovedstaden,12.5683371,55.6760968
AZ-2014-4414949,12/05/2014,Jeffrey Laird,Hagen,Germany,Central,Corporate,15/05/2014,Economy Plus,North Rhine-Westphalia,7.4632841,51.3670777
BN-2014-7390420,12/05/2014,Paige Hopley,Toulouse,France,Central,Consumer,17/05/2014,Economy,Languedoc-Roussillon-Midi-Pyrénées,1.444209,43.604652
BN-2014-8871614,13/05/2014,Ben Hogben,Tallaght,Ireland,North,Corporate,16/05/2014,Priority,Dublin,-6.3665881,53.2865903
AZ-2014-1474181,14/05/2014,Ethan Barrett,London,United Kingdom,North,Consumer,16/05/2014,Economy Plus,England,-0.1277583,51.5073509
AZ-2014-526283,15/05/2014,Angus Reading,Alessandria,Italy,South,Corporate,19/05/2014,Economy,Piedmont,8.6116796,44.9072727
BN-2014-3013563,15/05/2014,Chloe Miller,Toulouse,France,Central,Consumer,19/05/2014,Economy Plus,Languedoc-Roussillon-Midi-Pyrénées,1.444209,43.604652
AZ-2014-6031845,16/05/2014,Evie Morton,Oberhausen,Germany,Central,Consumer,21/05/2014,Economy,North Rhine-Westphalia,6.8637765,51.4963341
AZ-2014-2981657,16/05/2014,Isabelle Vaughan,Bergen,Norway,North,Consumer,21/05/2014,Economy,Hordaland,5.3220544,60.3912628
AZ-2014-9380952,19/05/2014,Liam Marshall,Oslo,Norway,North,Home Office,22/05/2014,Economy Plus,Oslo,10.7522454,59.9138688
AZ-2014-1114768,19/05/2014,Mark Briggs,Avion,France,Central,Consumer,22/05/2014,Priority,Nord-Pas-de-Calais-Picardie,2.824277,50.412326
AZ-2014-6019807,20/05/2014,Dylan Dry,Levallois-Perret,France,Central,Consumer,21/05/2014,Priority,Ile-de-France,2.287864,48.893217
AZ-2014-2816978,20/05/2014,Oscar Clayton,Berlin,Germany,Central,Consumer,25/05/2014,Economy,Berlin,13.404954,52.5200066
AZ-2014-2658996,21/05/2014,Paul Cleary,Grenoble,France,Central,Corporate,26/05/2014,Economy,Auvergne-Rhône-Alpes,5.724524,45.188529
AZ-2014-8090546,21/05/2014,Charlie Brooks,Dijon,France,Central,Consumer,23/05/2014,Priority,Bourgogne-Franche-Comté,5.04148,47.322047
BN-2014-3618473,21/05/2014,Faith Greenwood,Barneveld,Netherlands,Central,Consumer,25/05/2014,Economy,Gelderland,5.5841509,52.1401901
AZ-2014-9905195,22/05/2014,Nathan Clayton,Guidonia Montecelio,Italy,South,Consumer,28/05/2014,Economy,Lazio,12.7245045,41.9939694
AZ-2014-2510582,22/05/2014,Brandon Preston,Hildesheim,Germany,Central,Consumer,23/05/2014,Priority,Lower Saxony,9.9579652,52.154778
AZ-2014-2215737,23/05/2014,Dakota Baynes,Edinburgh,United Kingdom,North,Corporate,26/05/2014,Economy Plus,Scotland,-3.188267,55.953252
AZ-2014-2478728,23/05/2014,Hayley Baldwinson,Southend-on-Sea,United Kingdom,North,Consumer,25/05/2014,Priority,England,0.7077123,51.5459269
AZ-2014-6235976,24/05/2014,Mark Burkett,Lecce,Italy,South,Home Office,29/05/2014,Economy,Apulia,18.1750161,40.3515155
AZ-2014-77046,24/05/2014,Ewan Walton,Marseille,France,Central,Consumer,28/05/2014,Economy,Provence-Alpes-Côte d'Azur,5.36978,43.296482
AZ-2014-6429468,24/05/2014,Terence Welch,Innsbruck,Austria,Central,Consumer,30/05/2014,Economy,Tyrol,11.4041024,47.2692124
AZ-2014-6710580,26/05/2014,Judy Rodriquez,Dudley,United Kingdom,North,Consumer,31/05/2014,Economy,England,-2.081112,52.512255
AZ-2014-7247090,26/05/2014,Julian Corbin,Madrid,Spain,South,Home Office,01/06/2014,Economy,Madrid,-3.7037902,40.4167754
BN-2014-2557638,26/05/2014,Laura Elizabeth,Treviso,Italy,South,Consumer,28/05/2014,Economy Plus,Veneto,12.2430437,45.6668893
AZ-2014-9550736,27/05/2014,Donald Pak,Cologne,Germany,Central,Corporate,01/06/2014,Economy,North Rhine-Westphalia,6.9602786,50.937531
AZ-2014-6427379,27/05/2014,Aidan Hayward,Vienna,Austria,Central,Corporate,02/06/2014,Economy,Vienna,16.3738189,48.2081743
AZ-2014-8568021,28/05/2014,Nancy Seay,Marseille,France,Central,Consumer,30/05/2014,Economy Plus,Provence-Alpes-Côte d'Azur,5.36978,43.296482
AZ-2014-8128242,28/05/2014,Mary Saterfiel,Flensburg,Germany,Central,Consumer,30/05/2014,Economy Plus,Schleswig-Holstein,9.4469964,54.7937431
AZ-2014-325624,29/05/2014,Kieran Herbert,Krefeld,Germany,Central,Consumer,04/06/2014,Economy,North Rhine-Westphalia,6.5853417,51.3387609
AZ-2014-4220771,29/05/2014,Lola Hughes,London,United Kingdom,North,Consumer,01/06/2014,Economy Plus,England,-0.1277583,51.5073509
AZ-2014-3247933,29/05/2014,Koby Phillip,Clichy,France,Central,Consumer,02/06/2014,Economy,Ile-de-France,2.304768,48.904526
AZ-2014-8154802,29/05/2014,Rhonda Ford,Purmerend,Netherlands,Central,Consumer,03/06/2014,Economy Plus,North Holland,4.9640611,52.5143815
AZ-2014-1406790,29/05/2014,David Mortlock,Lyon,France,Central,Consumer,02/06/2014,Economy,Auvergne-Rhône-Alpes,4.835659,45.764043
AZ-2014-5202108,30/05/2014,Rose Nicolay,Maisons-Alfort,France,Central,Home Office,04/06/2014,Economy,Ile-de-France,2.429443,48.801148
AZ-2014-9876866,30/05/2014,Sophie Watson,La Teste-de-Buch,France,Central,Corporate,03/06/2014,Economy,Aquitaine-Limousin-Poitou-Charentes,-1.148224,44.631077
AZ-2014-6950700,30/05/2014,John Basser,Anzio,Italy,South,Corporate,04/06/2014,Economy,Lazio,12.6197253,41.4495955
AZ-2014-6626996,31/05/2014,Theresa Varner,Gloucester,United Kingdom,North,Corporate,03/06/2014,Economy Plus,England,-2.238156,51.8642449
AZ-2014-2853843,02/06/2014,Audry Smith,Le Havre,France,Central,Consumer,07/06/2014,Economy,Normandy,0.107929,49.49437
AZ-2014-5335130,02/06/2014,Jason Roger,Corbeil-Essonnes,France,Central,Corporate,05/06/2014,Economy Plus,Ile-de-France,2.474805,48.6102599
BN-2014-5799987,02/06/2014,Caleb Kenyon,Karlstad,Sweden,North,Corporate,06/06/2014,Economy,Värmland,13.5114977,59.4021806
AZ-2014-221897,03/06/2014,Dominic Stephenson,Ghent,Belgium,Central,Home Office,05/06/2014,Priority,East Flanders,3.7174243,51.0543422
AZ-2014-1043314,03/06/2014,Kiara Allen,Cologne,Germany,Central,Consumer,08/06/2014,Economy,North Rhine-Westphalia,6.9602786,50.937531
AZ-2014-5829110,03/06/2014,Nancy Seay,Lyon,France,Central,Consumer,09/06/2014,Economy,Auvergne-Rhône-Alpes,4.835659,45.764043
AZ-2014-5688152,03/06/2014,Henry Winder,Huddersfield,United Kingdom,North,Corporate,09/06/2014,Economy,England,-1.785035,53.645792
AZ-2014-4789346,03/06/2014,Rory Martindale,Turku,Finland,North,Consumer,09/06/2014,Economy,Finland Proper,22.2666303,60.4518126
AZ-2014-1308209,03/06/2014,Aaron Cunningham,Carcassonne,France,Central,Consumer,04/06/2014,Priority,Languedoc-Roussillon-Midi-Pyrénées,2.353663,43.212161
AZ-2014-6883963,03/06/2014,Jonathan Bottrill,Douai,France,Central,Consumer,08/06/2014,Economy,Nord-Pas-de-Calais-Picardie,3.080602,50.367874
AZ-2014-9821147,04/06/2014,Kieran Herbert,Voiron,France,Central,Consumer,08/06/2014,Economy,Auvergne-Rhône-Alpes,5.591349,45.362713
AZ-2014-7447666,04/06/2014,Phoebe Moore,Bradford,United Kingdom,North,Corporate,07/06/2014,Priority,England,-1.759398,53.795984
AZ-2014-9952627,04/06/2014,Maya Summers,Murcia,Spain,South,Home Office,04/06/2014,Immediate,Murcia,-1.1306544,37.9922399
AZ-2014-6650288,04/06/2014,Rhonda Ford,Calais,France,Central,Consumer,07/06/2014,Economy Plus,Nord-Pas-de-Calais-Picardie,1.858686,50.95129
AZ-2014-6597356,04/06/2014,Alexandra Whitehouse,Helsinki,Finland,North,Consumer,04/06/2014,Immediate,Uusimaa,24.938379,60.1698557
AZ-2014-8916168,04/06/2014,Sienna Williamson,Talavera de la Reina,Spain,South,Corporate,09/06/2014,Economy,Castile-La Mancha,-4.8304536,39.962884
AZ-2014-4255691,04/06/2014,Jason Roger,Colombes,France,Central,Corporate,08/06/2014,Economy,Ile-de-France,2.2533313,48.9220615
AZ-2014-2413956,05/06/2014,Patrick Cassidy,Montpellier,France,Central,Corporate,07/06/2014,Economy Plus,Languedoc-Roussillon-Midi-Pyrénées,3.876716,43.610769
AZ-2014-2446526,05/06/2014,Laura Elizabeth,London,United Kingdom,North,Consumer,12/06/2014,Economy,England,-0.1277583,51.5073509
AZ-2014-8687924,05/06/2014,Steven Cordoba,Bradford,United Kingdom,North,Consumer,09/06/2014,Economy,England,-1.759398,53.795984
AZ-2014-6714214,05/06/2014,Esther Henderson,Pisa,Italy,South,Consumer,10/06/2014,Economy,Tuscany,10.4016888,43.7228386
AZ-2014-8536659,05/06/2014,Amy Pendred,Frankfurt,Germany,Central,Consumer,10/06/2014,Economy,Hesse,8.6821267,50.1109221
AZ-2014-2805092,06/06/2014,Sherron Henegar,Schwerin,Germany,Central,Consumer,10/06/2014,Economy,Mecklenburg-Vorpommern,11.4012499,53.6355022
AZ-2014-208875,07/06/2014,Leroy Dudley,Bolzano,Italy,South,Consumer,12/06/2014,Economy Plus,Trentino-Alto Adige,11.3547582,46.4982953
AZ-2014-9423386,08/06/2014,Winnie Moss,Exeter,United Kingdom,North,Consumer,12/06/2014,Economy,England,-3.533899,50.718412
AZ-2014-1466197,09/06/2014,Patricia Lukes,Ronchin,France,Central,Corporate,15/06/2014,Economy,Nord-Pas-de-Calais-Picardie,3.078683,50.605934
AZ-2014-1805424,09/06/2014,Jodie Mellor,Rome,Italy,South,Consumer,12/06/2014,Priority,Lazio,12.4963655,41.9027835
AZ-2014-2277609,09/06/2014,Bianca Whitford,Munich,Germany,Central,Corporate,15/06/2014,Economy,Bavaria,11.5819806,48.1351253
AZ-2014-7702774,09/06/2014,Toni Lanz,Antibes,France,Central,Consumer,09/06/2014,Immediate,Provence-Alpes-Côte d'Azur,7.125102,43.580418
AZ-2014-1353698,09/06/2014,Isla Vogel,Rome,Italy,South,Home Office,14/06/2014,Economy,Lazio,12.4963655,41.9027835
AZ-2014-6526295,09/06/2014,Alice Currie,Madrid,Spain,South,Consumer,13/06/2014,Economy,Madrid,-3.7037902,40.4167754
AZ-2014-2857176,09/06/2014,Joseph Locke,Turin,Italy,South,Corporate,13/06/2014,Economy Plus,Piedmont,7.6868565,45.070312
AZ-2014-7893156,09/06/2014,Alana Zahel,Nieuwegein,Netherlands,Central,Consumer,12/06/2014,Priority,Utrecht,5.0918192,52.0248208
AZ-2014-8101198,09/06/2014,Charlie Donnelly,London,United Kingdom,North,Consumer,12/06/2014,Priority,England,-0.1277583,51.5073509
AZ-2014-186386,10/06/2014,Eve Spencer,Ludwigsfelde,Germany,Central,Consumer,14/06/2014,Economy,Brandenburg,13.261627,52.3011439
AZ-2014-2748286,10/06/2014,Rachel Tyler,Valencia,Spain,South,Corporate,16/06/2014,Economy,Valenciana,-0.3762881,39.4699075
AZ-2014-6552559,10/06/2014,Evie Morton,Ponferrada,Spain,South,Consumer,12/06/2014,Priority,Castile and León,-6.598259,42.5499958
AZ-2014-6264387,10/06/2014,Zoe Lanigan,Stockholm,Sweden,North,Corporate,15/06/2014,Economy,Stockholm,18.0685808,59.3293235
AZ-2014-6764855,10/06/2014,Evie Rees,Le Havre,France,Central,Consumer,14/06/2014,Economy Plus,Normandy,0.107929,49.49437
AZ-2014-9575428,10/06/2014,Lloyd Barnes,Granada,Spain,South,Corporate,14/06/2014,Economy,Andalusía,-3.5985571,37.1773363
AZ-2014-5722842,11/06/2014,Jeffrey Laird,Portici,Italy,South,Corporate,16/06/2014,Economy,Campania,14.339067,40.8141218
AZ-2014-5429592,11/06/2014,Thomas Stephens,Caen,France,Central,Corporate,15/06/2014,Economy Plus,Normandy,-0.370679,49.182863
AZ-2014-7142751,11/06/2014,Dylan O'Halloran,Glasgow,United Kingdom,North,Home Office,16/06/2014,Economy,Scotland,-4.251806,55.864237
AZ-2014-8498328,11/06/2014,Tyler Miah,London,United Kingdom,North,Home Office,13/06/2014,Priority,England,-0.1277583,51.5073509
AZ-2014-8090092,11/06/2014,Aidan Rowe,Vienna,Austria,Central,Consumer,11/06/2014,Immediate,Vienna,16.3738189,48.2081743
AZ-2014-2638814,11/06/2014,Caleb Kenyon,Nottingham,United Kingdom,North,Corporate,13/06/2014,Priority,England,-1.1581086,52.9547832
AZ-2014-7437787,11/06/2014,Julia Martell,Marsala,Italy,South,Home Office,15/06/2014,Economy,Sicily,12.4370156,37.798045
AZ-2014-5887026,11/06/2014,Audrey Emanuel,Manchester,United Kingdom,North,Consumer,16/06/2014,Economy Plus,England,-2.2426305,53.4807593
AZ-2014-313741,11/06/2014,Sienna Williamson,Northampton,United Kingdom,North,Corporate,14/06/2014,Priority,England,-0.902656,52.240477
BN-2014-5914359,11/06/2014,Xavier Martindale,Oviedo,Spain,South,Consumer,17/06/2014,Economy,Asturias,-5.8493887,43.3619145
AZ-2014-3811134,12/06/2014,Spencer Oliver,La Spezia,Italy,South,Consumer,18/06/2014,Economy,Liguria,9.8240826,44.1024504
AZ-2014-8203998,12/06/2014,Ruby Nicholls,Le Plessis-Robinson,France,Central,Corporate,16/06/2014,Economy,Ile-de-France,2.266257,48.780426
AZ-2014-7873209,12/06/2014,Jose Gambino,Preston,United Kingdom,North,Corporate,16/06/2014,Economy,England,-2.70309,53.763201
BN-2014-8266627,12/06/2014,Charles Builder,San Severo,Italy,South,Consumer,13/06/2014,Priority,Apulia,15.3795161,41.6854203
AZ-2014-5196501,13/06/2014,Jason Roger,Grasse,France,Central,Corporate,15/06/2014,Economy Plus,Provence-Alpes-Côte d'Azur,6.926492,43.660153
AZ-2014-3848321,13/06/2014,Lily Skurrie,Paris,France,Central,Corporate,20/06/2014,Economy,Ile-de-France,2.3522219,48.856614
AZ-2014-423825,13/06/2014,Andrew Stephens,Marseille,France,Central,Consumer,20/06/2014,Economy,Provence-Alpes-Côte d'Azur,5.36978,43.296482
BN-2014-4149729,13/06/2014,Audrey Knowles,Stockholm,Sweden,North,Consumer,20/06/2014,Economy,Stockholm,18.0685808,59.3293235
AZ-2014-2533893,14/06/2014,Isabella Fowler,Livry-Gargan,France,Central,Consumer,19/06/2014,Economy,Ile-de-France,2.536118,48.91923
AZ-2014-4923095,14/06/2014,Elliot Owen,Dortmund,Germany,Central,Consumer,17/06/2014,Economy Plus,North Rhine-Westphalia,7.4652981,51.5135872
AZ-2014-1555448,15/06/2014,Mohammed Fox,Cartagena,Spain,South,Consumer,17/06/2014,Economy Plus,Murcia,-0.9965839,37.6256827
AZ-2014-5667627,16/06/2014,Evan Allen,Avellino,Italy,South,Corporate,20/06/2014,Economy,Campania,14.7906121,40.914388
AZ-2014-240841,16/06/2014,Isabelle Macghey,Limoges,France,Central,Consumer,16/06/2014,Immediate,Aquitaine-Limousin-Poitou-Charentes,1.261105,45.833619
AZ-2014-7114093,16/06/2014,David Chadwick,Salzburg,Austria,Central,Corporate,23/06/2014,Economy,Salzburg,13.05501,47.80949
BN-2014-2116035,16/06/2014,Sebastian McClelland,Birmingham,United Kingdom,North,Consumer,19/06/2014,Priority,England,-1.890401,52.486243
BN-2014-7420129,16/06/2014,Leslie Wilson,Gagny,France,Central,Consumer,18/06/2014,Priority,Ile-de-France,2.536518,48.8849159
BN-2014-4240139,16/06/2014,Michael Myers,Rome,Italy,South,Home Office,21/06/2014,Economy,Lazio,12.4963655,41.9027835
AZ-2014-4039650,17/06/2014,Katie Thom,Watford,United Kingdom,North,Corporate,20/06/2014,Economy Plus,England,-0.39032,51.656489
AZ-2014-3031109,17/06/2014,Ashton Foley,Grenoble,France,Central,Consumer,22/06/2014,Economy,Auvergne-Rhône-Alpes,5.724524,45.188529
AZ-2014-8912005,17/06/2014,Katie Evenden,Lens,France,Central,Corporate,22/06/2014,Economy,Nord-Pas-de-Calais-Picardie,2.83183,50.42893
AZ-2014-986540,17/06/2014,Jose Gambino,Salamanca,Spain,South,Corporate,21/06/2014,Economy,Castile and León,-5.6635397,40.9701039
AZ-2014-1223291,18/06/2014,Jose Gullo,Dortmund,Germany,Central,Consumer,23/06/2014,Economy,North Rhine-Westphalia,7.4652981,51.5135872
AZ-2014-5010364,18/06/2014,Toby Conway,Vienna,Austria,Central,Consumer,23/06/2014,Economy,Vienna,16.3738189,48.2081743
AZ-2014-9794319,18/06/2014,Angus Reading,West Bromwich,United Kingdom,North,Corporate,24/06/2014,Economy,England,-1.995159,52.517664
AZ-2014-8648912,18/06/2014,Donald Pak,Kassel,Germany,Central,Corporate,24/06/2014,Economy,Hesse,9.4797461,51.3127114
AZ-2014-1785806,18/06/2014,Rhys Barnett,Mulhouse,France,Central,Consumer,23/06/2014,Economy,Alsace-Champagne-Ardenne-Lorraine,7.335888,47.750839
BN-2014-7502802,18/06/2014,Alana Tyson,Cagliari,Italy,South,Home Office,24/06/2014,Economy,Sardinia,9.1216613,39.2238411
BN-2014-4787383,18/06/2014,Rebecca Cook,Toulouse,France,Central,Corporate,23/06/2014,Economy Plus,Languedoc-Roussillon-Midi-Pyrénées,1.444209,43.604652
BN-2014-8981319,18/06/2014,Timothy Pownall,York,United Kingdom,North,Consumer,18/06/2014,Immediate,England,-1.0872979,53.9599651
AZ-2014-2194395,19/06/2014,Sue Castaneda,Rome,Italy,South,Home Office,25/06/2014,Economy,Lazio,12.4963655,41.9027835
AZ-2014-8737214,19/06/2014,Mike Obrien,Carquefou,France,Central,Consumer,24/06/2014,Economy,Pays de la Loire,-1.486812,47.296241
BN-2014-2311123,19/06/2014,Freya Briggs,Rome,Italy,South,Corporate,25/06/2014,Economy,Lazio,12.4963655,41.9027835
AZ-2014-8770825,20/06/2014,Piper Wilder-Neligan,Madrid,Spain,South,Consumer,23/06/2014,Economy Plus,Madrid,-3.7037902,40.4167754
AZ-2014-6013408,20/06/2014,Sofia Goddard,Leeds,United Kingdom,North,Corporate,24/06/2014,Economy Plus,England,-1.5490774,53.8007554
BN-2014-8840192,20/06/2014,Anna Moreton,Stockholm,Sweden,North,Corporate,24/06/2014,Economy Plus,Stockholm,18.0685808,59.3293235
AZ-2014-9229911,21/06/2014,Ruby Nicholls,Saint-Genis-Laval,France,Central,Corporate,23/06/2014,Economy Plus,Auvergne-Rhône-Alpes,4.792768,45.691999
AZ-2014-1647261,21/06/2014,Hudson Ordell,Vienna,Austria,Central,Corporate,23/06/2014,Economy Plus,Vienna,16.3738189,48.2081743
AZ-2014-7363418,22/06/2014,Madeleine Nixon,Berlin,Germany,Central,Home Office,29/06/2014,Economy,Berlin,13.404954,52.5200066
AZ-2014-381698,23/06/2014,Devin Huddleston,Saint-Denis,France,Central,Consumer,27/06/2014,Economy,Ile-de-France,2.357443,48.936181
AZ-2014-7156514,23/06/2014,George Bryan,Bastia,France,Central,Consumer,27/06/2014,Economy,Corsica,9.450881,42.697283
AZ-2014-3302938,23/06/2014,Amanda Hutcherson,Sheffield,United Kingdom,North,Corporate,28/06/2014,Economy,England,-1.470085,53.381129
AZ-2014-2088036,23/06/2014,Jasmine Hanson,Peterborough,United Kingdom,North,Consumer,26/06/2014,Priority,England,-0.2405299,52.5694985
AZ-2014-4281843,23/06/2014,Dominic Scott,Dresden,Germany,Central,Consumer,27/06/2014,Economy,Saxony,13.7372621,51.0504088
BN-2014-2056771,23/06/2014,Ruby Nicholls,Manchester,United Kingdom,North,Corporate,29/06/2014,Economy,England,-2.2426305,53.4807593
AZ-2014-4704527,24/06/2014,Bethany Hunt,Torcy,France,Central,Corporate,26/06/2014,Economy Plus,Ile-de-France,2.654472,48.850572
AZ-2014-655850,24/06/2014,Summer Hayward,Strasbourg,France,Central,Consumer,28/06/2014,Economy Plus,Alsace-Champagne-Ardenne-Lorraine,7.7521113,48.5734053
AZ-2014-3840915,24/06/2014,Jodie Mellor,Barcelona,Spain,South,Consumer,28/06/2014,Economy,Catalonia,2.1734035,41.3850639
AZ-2014-944918,24/06/2014,Steven Cordoba,Hazebrouck,France,Central,Consumer,29/06/2014,Economy,Nord-Pas-de-Calais-Picardie,2.542555,50.72748
AZ-2014-5554789,24/06/2014,Owen Faulkner,Vienna,Austria,Central,Home Office,28/06/2014,Economy,Vienna,16.3738189,48.2081743
AZ-2014-2926551,24/06/2014,Louie Knight,Elda,Spain,South,Consumer,30/06/2014,Economy,Valenciana,-0.7964597,38.4765073
AZ-2014-8492621,24/06/2014,Isabella Secombe,Frankfurt,Germany,Central,Consumer,30/06/2014,Economy,Hesse,8.6821267,50.1109221
BN-2014-9493182,24/06/2014,Janet Broussard,London,United Kingdom,North,Consumer,27/06/2014,Economy Plus,England,-0.1277583,51.5073509
BN-2014-6943244,24/06/2014,Xavier Burford,Dublin,Ireland,North,Corporate,29/06/2014,Economy,Dublin,-6.2603097,53.3498053
AZ-2014-9292431,25/06/2014,Tilly Payne,Barcelona,Spain,South,Consumer,29/06/2014,Economy,Catalonia,2.1734035,41.3850639
AZ-2014-4484783,25/06/2014,Erin Rogers,Ghent,Belgium,Central,Consumer,30/06/2014,Economy,East Flanders,3.7174243,51.0543422
AZ-2014-5857850,25/06/2014,Toby Patterson,Berlin,Germany,Central,Home Office,29/06/2014,Economy Plus,Berlin,13.404954,52.5200066
AZ-2014-2188891,25/06/2014,Sharon Kerley,Vienna,Austria,Central,Consumer,30/06/2014,Economy Plus,Vienna,16.3738189,48.2081743
AZ-2014-3184977,25/06/2014,Benjamin Lee,Vannes,France,Central,Corporate,27/06/2014,Economy Plus,Brittany,-2.760847,47.658236
BN-2014-2088809,25/06/2014,Kristal McCaslin,Reims,France,Central,Corporate,01/07/2014,Economy,Alsace-Champagne-Ardenne-Lorraine,4.031696,49.258329
AZ-2014-2110602,26/06/2014,Kaitlyn Dorsch,Madrid,Spain,South,Corporate,28/06/2014,Priority,Madrid,-3.7037902,40.4167754
AZ-2014-3673606,26/06/2014,Leo Jenkins,Antwerp,Belgium,Central,Home Office,03/07/2014,Economy,Antwerp,4.4024643,51.2194475
AZ-2014-4764451,26/06/2014,Toby Patterson,Villeneuve-sur-Lot,France,Central,Home Office,28/06/2014,Economy Plus,Aquitaine-Limousin-Poitou-Charentes,0.7072568,44.4082053
AZ-2014-3255631,26/06/2014,Rory Gunson,Charleroi,Belgium,Central,Consumer,02/07/2014,Economy,Hainaut,4.444643,50.4108095
AZ-2014-9815081,26/06/2014,Jacob Carter,Rotherham,United Kingdom,North,Consumer,28/06/2014,Economy Plus,England,-1.3635009,53.4326035
AZ-2014-533150,26/06/2014,Xavier Burford,Bilbao,Spain,South,Corporate,01/07/2014,Economy,Basque Country,-2.9349852,43.2630126
AZ-2014-6497288,26/06/2014,Sue Castaneda,Barcelona,Spain,South,Home Office,30/06/2014,Economy,Catalonia,2.1734035,41.3850639
AZ-2014-5157015,26/06/2014,Thomas Thompson,Sunderland,United Kingdom,North,Corporate,02/07/2014,Economy,England,-1.383801,54.906869
BN-2014-9564073,26/06/2014,Toni Lanz,Heerlen,Netherlands,Central,Consumer,01/07/2014,Economy,Limburg,5.9794988,50.8881742
BN-2014-1458748,26/06/2014,Maynard Moorman,Bilbao,Spain,South,Consumer,01/07/2014,Economy,Basque Country,-2.9349852,43.2630126
AZ-2014-7427594,27/06/2014,Cora Konieczny,Stoke-on-Trent,United Kingdom,North,Home Office,28/06/2014,Priority,England,-2.179404,53.002668
AZ-2014-7614787,27/06/2014,Caitlin Schmidt,Carvin,France,Central,Corporate,03/07/2014,Economy,Nord-Pas-de-Calais-Picardie,2.958107,50.491515
AZ-2014-1888707,27/06/2014,Alfonso Gomez,Peterborough,United Kingdom,North,Corporate,29/06/2014,Economy Plus,England,-0.2405299,52.5694985
AZ-2014-176207,27/06/2014,Joe Gilbert,Berne,Switzerland,Central,Home Office,01/07/2014,Economy,Bern,7.4474468,46.9479739
AZ-2014-3039763,27/06/2014,Lily Skurrie,Bruges,Belgium,Central,Corporate,01/07/2014,Economy,West Flanders,3.2246995,51.209348
AZ-2014-7106624,27/06/2014,Xavier Synan,Valencia,Spain,South,Consumer,01/07/2014,Economy,Valenciana,-0.3762881,39.4699075
BN-2014-7312501,27/06/2014,Koby Ricketson,Dundee,United Kingdom,North,Corporate,03/07/2014,Economy,Scotland,-2.970721,56.462018
AZ-2014-8488653,30/06/2014,Libby McDonald,Cologne,Germany,Central,Home Office,04/07/2014,Economy,North Rhine-Westphalia,6.9602786,50.937531
AZ-2014-5614288,30/06/2014,Michael Wilson,Stoke-on-Trent,United Kingdom,North,Home Office,30/06/2014,Immediate,England,-2.179404,53.002668
AZ-2014-8202914,30/06/2014,Patricia Epps,Gela,Italy,South,Corporate,04/07/2014,Economy,Sicily,14.2403537,37.0741526
AZ-2014-1270889,30/06/2014,Jason Roger,Stuttgart,Germany,Central,Corporate,05/07/2014,Economy Plus,Baden-Württemberg,9.1829321,48.7758459
AZ-2014-4709921,30/06/2014,Koby Ricketson,Paris,France,Central,Corporate,07/07/2014,Economy,Ile-de-France,2.3522219,48.856614
AZ-2014-1627847,01/07/2014,Logan Allan,Santiago de Compostela,Spain,South,Corporate,05/07/2014,Economy,Galicia,-8.5448445,42.8782132
AZ-2014-4726682,01/07/2014,Ben Summerville,Wels,Austria,Central,Consumer,04/07/2014,Priority,Upper Austria,14.03664,48.16542
AZ-2014-2210419,01/07/2014,Tyson Hanna,Zeist,Netherlands,Central,Consumer,03/07/2014,Economy Plus,Utrecht,5.2332526,52.0906015
BN-2014-4460556,01/07/2014,Skye Hammond,Treviglio,Italy,South,Corporate,04/07/2014,Economy Plus,Lombardy,9.5951189,45.5211505
AZ-2014-8773911,02/07/2014,Nancy Seay,Sassari,Italy,South,Consumer,06/07/2014,Economy,Sardinia,8.5556826,40.7259269
AZ-2014-110527,03/07/2014,Kiara Allen,Murcia,Spain,South,Consumer,08/07/2014,Economy,Murcia,-1.1306544,37.9922399
BN-2014-8625232,03/07/2014,Steven Cordoba,Blackpool,United Kingdom,North,Consumer,06/07/2014,Economy Plus,England,-3.0356748,53.8175053
AZ-2014-9538326,04/07/2014,Katie Thom,Rome,Italy,South,Corporate,04/07/2014,Immediate,Lazio,12.4963655,41.9027835
AZ-2014-6246493,04/07/2014,Eden Kern,Catania,Italy,South,Consumer,09/07/2014,Economy,Sicily,15.0830304,37.5078772
BN-2014-5409026,04/07/2014,Harry Ahmed,Gothenburg,Sweden,North,Consumer,09/07/2014,Economy,Västra Götaland,11.97456,57.70887
AZ-2014-9743631,05/07/2014,Nicole Carr,Molina de Segura,Spain,South,Consumer,08/07/2014,Economy Plus,Murcia,-1.2073261,38.051681
AZ-2014-2427220,05/07/2014,Rory Jess,Glasgow,United Kingdom,North,Home Office,08/07/2014,Priority,Scotland,-4.251806,55.864237
BN-2014-6091035,05/07/2014,Anna Macdonald,London,United Kingdom,North,Consumer,09/07/2014,Economy,England,-0.1277583,51.5073509
AZ-2014-2661434,07/07/2014,Catharine Robbins,Sonderborg,Denmark,North,Corporate,12/07/2014,Economy,South Denmark,9.792178,54.913811
AZ-2014-7540023,07/07/2014,Catharine Robbins,London,United Kingdom,North,Corporate,09/07/2014,Economy Plus,England,-0.1277583,51.5073509
AZ-2014-3370172,07/07/2014,Lily Skurrie,Munich,Germany,Central,Corporate,12/07/2014,Economy Plus,Bavaria,11.5819806,48.1351253
AZ-2014-6401061,07/07/2014,Isabelle Grimstone,Vienna,Austria,Central,Consumer,12/07/2014,Economy Plus,Vienna,16.3738189,48.2081743
BN-2014-7867544,07/07/2014,Ebony Northcott,Bonn,Germany,Central,Consumer,11/07/2014,Economy,North Rhine-Westphalia,7.0982068,50.73743
AZ-2014-9433956,08/07/2014,Patricia Smith,Paris,France,Central,Corporate,12/07/2014,Economy,Ile-de-France,2.3522219,48.856614
BN-2014-9995192,09/07/2014,Hayley Baldwinson,Celle,Germany,Central,Consumer,10/07/2014,Priority,Lower Saxony,10.0628515,52.6175963
AZ-2014-4865312,10/07/2014,Rachel Goddard,Rotherham,United Kingdom,North,Consumer,14/07/2014,Economy,England,-1.3635009,53.4326035
AZ-2014-3888440,10/07/2014,Leon Barnes,Sabadell,Spain,South,Consumer,14/07/2014,Economy,Catalonia,2.1086131,41.5462745
BN-2014-5088203,10/07/2014,Jodie Mellor,The Hague,Netherlands,Central,Consumer,13/07/2014,Priority,South Holland,4.3006999,52.0704978
BN-2014-3416372,10/07/2014,Georgia Blackburn,Garbsen,Germany,Central,Corporate,14/07/2014,Economy Plus,Lower Saxony,9.5955146,52.4272509
AZ-2014-9712649,11/07/2014,Zoe Lanigan,Pescara,Italy,South,Corporate,16/07/2014,Economy,Abruzzi,14.2160898,42.4617902
AZ-2014-3762374,11/07/2014,Evie Flockhart,Washington,United Kingdom,North,Consumer,15/07/2014,Economy,England,-1.517366,54.897432
AZ-2014-8061862,13/07/2014,Jayden Ali,Le Mans,France,Central,Consumer,16/07/2014,Priority,Pays de la Loire,0.199556,48.00611
AZ-2014-7906967,14/07/2014,Jessie White,Rome,Italy,South,Consumer,16/07/2014,Economy Plus,Lazio,12.4963655,41.9027835
AZ-2014-2071548,14/07/2014,Charlie Donnelly,Madrid,Spain,South,Consumer,16/07/2014,Priority,Madrid,-3.7037902,40.4167754
AZ-2014-7090421,14/07/2014,Hayley Baldwinson,Le Mans,France,Central,Consumer,18/07/2014,Economy Plus,Pays de la Loire,0.199556,48.00611
BN-2014-4805161,14/07/2014,Casey Beckett,Stockholm,Sweden,North,Home Office,21/07/2014,Economy,Stockholm,18.0685808,59.3293235
BN-2014-8433549,15/07/2014,Luther King,Amadora,Portugal,South,Consumer,19/07/2014,Economy,Lisboa,-9.2245474,38.7577603
AZ-2014-7709968,16/07/2014,Norma McCowan,Berlin,Germany,Central,Consumer,19/07/2014,Economy Plus,Berlin,13.404954,52.5200066
AZ-2014-9252618,16/07/2014,John Kemp,Genk,Belgium,Central,Home Office,20/07/2014,Economy Plus,Limburg,5.5021,50.96613
AZ-2014-3822265,16/07/2014,Alta Nokes,Pontevedra,Spain,South,Home Office,21/07/2014,Economy,Galicia,-8.6446202,42.4298846
AZ-2014-7559848,16/07/2014,Ava Corbin,Rovigo,Italy,South,Home Office,17/07/2014,Priority,Veneto,11.7902158,45.0698118
AZ-2014-7613436,16/07/2014,Lydia Fowler,Bologna,Italy,South,Corporate,22/07/2014,Economy,Emilia-Romagna,11.3426163,44.494887
AZ-2014-399532,16/07/2014,Adam Bentley,Vienna,Austria,Central,Consumer,20/07/2014,Economy,Vienna,16.3738189,48.2081743
BN-2014-5261213,16/07/2014,Isaac David,Amsterdam,Netherlands,Central,Corporate,21/07/2014,Economy,North Holland,4.8951679,52.3702157
BN-2014-9608893,17/07/2014,Indiana Wekey,Stockholm,Sweden,North,Corporate,22/07/2014,Economy,Stockholm,18.0685808,59.3293235
AZ-2014-2763663,18/07/2014,Everett Dunbar,Torre del Greco,Italy,South,Corporate,22/07/2014,Economy,Campania,14.367461,40.7894429
AZ-2014-839784,18/07/2014,Lucas Wood,Vienna,Austria,Central,Corporate,18/07/2014,Immediate,Vienna,16.3738189,48.2081743
BN-2014-6469413,19/07/2014,George Bryan,Essen,Germany,Central,Consumer,23/07/2014,Economy,North Rhine-Westphalia,7.0115552,51.4556432
AZ-2014-7674132,21/07/2014,Ewan Hyde,Schwerin,Germany,Central,Consumer,21/07/2014,Immediate,Mecklenburg-Vorpommern,11.4012499,53.6355022
AZ-2014-2800894,22/07/2014,Lori Miller,Waterlooville,United Kingdom,North,Consumer,24/07/2014,Priority,England,-1.028751,50.890312
AZ-2014-586948,22/07/2014,Charlie Horrocks,Geneva,Switzerland,Central,Consumer,24/07/2014,Economy Plus,Geneva,6.1431577,46.2043907
BN-2014-2290642,22/07/2014,Terence Welch,Dordrecht,Netherlands,Central,Consumer,24/07/2014,Economy Plus,South Holland,4.6900929,51.8132979
AZ-2014-1036259,24/07/2014,Nicole Howard,Reading,United Kingdom,North,Consumer,27/07/2014,Priority,England,-0.9781303,51.4542645
BN-2014-7302833,24/07/2014,Scarlett Truchanas,Fulda,Germany,Central,Corporate,28/07/2014,Economy,Hesse,9.6808449,50.5558095
BN-2014-2393314,24/07/2014,Joseph Wright,El Prat de Llobregat,Spain,South,Home Office,27/07/2014,Priority,Catalonia,2.0934902,41.3245953
AZ-2014-275213,26/07/2014,John Basser,Bottrop,Germany,Central,Corporate,30/07/2014,Economy,North Rhine-Westphalia,6.9446888,51.529086
AZ-2014-8976002,26/07/2014,Rory Jess,Vienna,Austria,Central,Home Office,28/07/2014,Economy Plus,Vienna,16.3738189,48.2081743
AZ-2014-7380286,27/07/2014,Phoebe Moore,Perpignan,France,Central,Corporate,31/07/2014,Economy,Languedoc-Roussillon-Midi-Pyrénées,2.8948332,42.6886591
AZ-2014-1993253,28/07/2014,Rose Nicolay,Valladolid,Spain,South,Home Office,03/08/2014,Economy,Castile and León,-4.7245321,41.652251
AZ-2014-4277891,28/07/2014,Will Poynton,Badalona,Spain,South,Consumer,03/08/2014,Economy,Catalonia,2.2450325,41.4469883
AZ-2014-4257204,28/07/2014,Millie Arnold,Glasgow,United Kingdom,North,Consumer,31/07/2014,Economy Plus,Scotland,-4.251806,55.864237
AZ-2014-8512143,28/07/2014,Jasmine Slater,Madrid,Spain,South,Corporate,30/07/2014,Priority,Madrid,-3.7037902,40.4167754
AZ-2014-8682388,28/07/2014,Rory Martindale,Reutlingen,Germany,Central,Consumer,31/07/2014,Priority,Baden-Württemberg,9.2038043,48.5069389
AZ-2014-6299049,29/07/2014,Harry Ahmed,Barcelona,Spain,South,Consumer,03/08/2014,Economy,Catalonia,2.1734035,41.3850639
AZ-2014-3145112,30/07/2014,Leo Bannister,Northampton,United Kingdom,North,Home Office,04/08/2014,Economy,England,-0.902656,52.240477
AZ-2014-6791682,30/07/2014,Joyce Cornell,Sabadell,Spain,South,Consumer,03/08/2014,Economy,Catalonia,2.1086131,41.5462745
AZ-2014-5463403,30/07/2014,Mark Burkett,Turin,Italy,South,Home Office,04/08/2014,Economy,Piedmont,7.6868565,45.070312
AZ-2014-963453,30/07/2014,Ruby Nicholls,Seville,Spain,South,Corporate,31/07/2014,Priority,Andalusía,-5.9844589,37.3890924
AZ-2014-4696834,30/07/2014,Philip Newsom,Rome,Italy,South,Corporate,04/08/2014,Economy,Lazio,12.4963655,41.9027835
BN-2014-5571092,30/07/2014,Crystal Turner,Jena,Germany,Central,Consumer,04/08/2014,Economy,Thuringia,11.5892372,50.927054
BN-2014-9861831,30/07/2014,Leroy Samson,Stockholm,Sweden,North,Home Office,04/08/2014,Economy Plus,Stockholm,18.0685808,59.3293235
AZ-2014-1538989,31/07/2014,Molly Crawford,Hamburg,Germany,Central,Corporate,07/08/2014,Economy,Hamburg,9.9936818,53.5510846
AZ-2014-1021956,31/07/2014,Sandra Hooks,Mulhouse,France,Central,Corporate,06/08/2014,Economy,Alsace-Champagne-Ardenne-Lorraine,7.335888,47.750839
AZ-2014-2300523,31/07/2014,Rebecca Chamberlain,Duisburg,Germany,Central,Home Office,04/08/2014,Economy,North Rhine-Westphalia,6.7623293,51.4344079
AZ-2014-739354,31/07/2014,Maya Summers,Alfortville,France,Central,Home Office,02/08/2014,Economy Plus,Ile-de-France,2.422317,48.80093
AZ-2014-8335609,31/07/2014,Leah Barrett,Northampton,United Kingdom,North,Consumer,05/08/2014,Economy Plus,England,-0.902656,52.240477
AZ-2014-168273,31/07/2014,Rory Braim,Jerez de la Frontera,Spain,South,Consumer,03/08/2014,Priority,Andalusía,-6.1260744,36.6850064
AZ-2014-2021789,31/07/2014,Isabelle Torpy,Madrid,Spain,South,Consumer,04/08/2014,Economy Plus,Madrid,-3.7037902,40.4167754
AZ-2014-729084,01/08/2014,Kiera Chandler,West Bromwich,United Kingdom,North,Consumer,06/08/2014,Economy Plus,England,-1.995159,52.517664
AZ-2014-4892329,01/08/2014,Oscar Clayton,Cologne,Germany,Central,Consumer,06/08/2014,Economy,North Rhine-Westphalia,6.9602786,50.937531
BN-2014-4616231,01/08/2014,Abby Muramats,Huddinge,Sweden,North,Consumer,01/08/2014,Immediate,Stockholm,17.9821561,59.23633
AZ-2014-6660694,02/08/2014,Joel Peters,Krefeld,Germany,Central,Home Office,07/08/2014,Economy,North Rhine-Westphalia,6.5853417,51.3387609
AZ-2014-2348970,02/08/2014,Judith Franke,Bracknell,United Kingdom,North,Home Office,07/08/2014,Economy,England,-0.75398,51.41604
AZ-2014-2767190,02/08/2014,Kayleigh Farmer,Palma de Mallorca,Spain,South,Consumer,05/08/2014,Economy Plus,Balearic Islands,2.6501603,39.5696005
AZ-2014-7450631,02/08/2014,Daniel Hamilton,Lille,France,Central,Home Office,04/08/2014,Economy Plus,Nord-Pas-de-Calais-Picardie,3.057256,50.62925
AZ-2014-1343992,02/08/2014,Imogen Symon,Le Petit-Quevilly,France,Central,Consumer,03/08/2014,Priority,Normandy,1.054325,49.429895
AZ-2014-6271247,02/08/2014,Blake Lymburner,Cagnes-sur-Mer,France,Central,Consumer,05/08/2014,Priority,Provence-Alpes-Côte d'Azur,7.14882,43.663739
AZ-2014-2584189,02/08/2014,Amber Adams,Leeds,United Kingdom,North,Corporate,06/08/2014,Economy,England,-1.5490774,53.8007554
AZ-2014-4467303,02/08/2014,Harry Ahmed,Brive-la-Gaillarde,France,Central,Consumer,07/08/2014,Economy,Aquitaine-Limousin-Poitou-Charentes,1.533937,45.159555
BN-2014-6598534,02/08/2014,Lola Dale,Bari,Italy,South,Consumer,08/08/2014,Economy,Apulia,16.8718715,41.1171432
BN-2014-3864024,02/08/2014,Benjamin Humphries,Tarbes,France,Central,Consumer,06/08/2014,Economy,Languedoc-Roussillon-Midi-Pyrénées,0.078082,43.232951
AZ-2014-9111247,03/08/2014,Mark Westfall,Florence,Italy,South,Consumer,06/08/2014,Priority,Tuscany,11.2558136,43.7695604
AZ-2014-8438801,03/08/2014,Mary Parker,Paisley,United Kingdom,North,Corporate,06/08/2014,Economy Plus,Scotland,-4.440114,55.847258
AZ-2014-2897959,04/08/2014,Bonnie Wilson,Mijas,Spain,South,Corporate,10/08/2014,Economy,Andalusía,-4.6323067,36.5967755
AZ-2014-5584970,04/08/2014,Lucas Wood,Strasbourg,France,Central,Corporate,07/08/2014,Priority,Alsace-Champagne-Ardenne-Lorraine,7.7521113,48.5734053
AZ-2014-2752390,04/08/2014,Alexandra Whitehouse,Berlin,Germany,Central,Consumer,08/08/2014,Economy,Berlin,13.404954,52.5200066
AZ-2014-4871918,04/08/2014,David Harney,Madrid,Spain,South,Corporate,10/08/2014,Economy,Madrid,-3.7037902,40.4167754
AZ-2014-2750080,04/08/2014,Aidan Rowe,Turin,Italy,South,Consumer,09/08/2014,Economy,Piedmont,7.6868565,45.070312
AZ-2014-9838410,04/08/2014,Victor Kron,Sarcelles,France,Central,Consumer,10/08/2014,Economy,Ile-de-France,2.378493,48.997347
AZ-2014-3504387,04/08/2014,Kai Ford,Ratingen,Germany,Central,Corporate,08/08/2014,Economy,North Rhine-Westphalia,6.8401844,51.2964148
AZ-2014-861955,04/08/2014,Harry Nelson,Sant Boi de Llobregat,Spain,South,Consumer,06/08/2014,Economy Plus,Catalonia,2.035041,41.3458415
BN-2014-7375739,04/08/2014,Patricia Smith,Bergen,Norway,North,Corporate,10/08/2014,Economy,Hordaland,5.3220544,60.3912628
BN-2014-6245972,04/08/2014,Rachel Norton,Fontenay-sous-Bois,France,Central,Corporate,08/08/2014,Economy,Ile-de-France,2.475907,48.851542
AZ-2014-5904203,05/08/2014,Joseph Banks,Chartres,France,Central,Consumer,11/08/2014,Economy,Centre-Val de Loire,1.489012,48.443854
BN-2014-3518568,05/08/2014,Kyle Nash,Upplands Väsby,Sweden,North,Consumer,08/08/2014,Economy Plus,Stockholm,17.92834,59.51961
BN-2014-1557149,05/08/2014,Minnie Cash,Stockholm,Sweden,North,Corporate,10/08/2014,Economy,Stockholm,18.0685808,59.3293235
AZ-2014-5473130,06/08/2014,Casey Beckett,Fresnes,France,Central,Home Office,12/08/2014,Economy,Ile-de-France,2.326243,48.757205
AZ-2014-522884,06/08/2014,Leah Marsh,Kristiansand,Norway,North,Corporate,06/08/2014,Immediate,Vest-Agder,8.0182064,58.1599119
AZ-2014-8294649,06/08/2014,Jude Leonard,Levallois-Perret,France,Central,Consumer,07/08/2014,Priority,Ile-de-France,2.287864,48.893217
AZ-2014-6819161,06/08/2014,Jennifer Douglas,Gloucester,United Kingdom,North,Corporate,13/08/2014,Economy,England,-2.238156,51.8642449
AZ-2014-1976505,06/08/2014,Ava Giles,Stoke-on-Trent,United Kingdom,North,Corporate,12/08/2014,Economy,England,-2.179404,53.002668
AZ-2014-302639,06/08/2014,Carrie Boots,Barcelona,Spain,South,Corporate,12/08/2014,Economy,Catalonia,2.1734035,41.3850639
AZ-2014-4571565,06/08/2014,Toni Lanz,Getafe,Spain,South,Consumer,11/08/2014,Economy,Madrid,-3.7323934,40.3082504
AZ-2014-1597164,06/08/2014,Natasha Heane,Stavanger,Norway,North,Home Office,12/08/2014,Economy,Rogaland,5.7331073,58.9699756
BN-2014-1328067,06/08/2014,Jasmine Slater,Paris,France,Central,Corporate,08/08/2014,Economy Plus,Ile-de-France,2.3522219,48.856614
BN-2014-3915044,06/08/2014,Anna Leal,Solingen,Germany,Central,Consumer,08/08/2014,Priority,North Rhine-Westphalia,7.0831408,51.1702072
AZ-2014-651851,07/08/2014,Jade Howe,London,United Kingdom,North,Corporate,13/08/2014,Economy,England,-0.1277583,51.5073509
AZ-2014-6685609,07/08/2014,Mason Adams,London,United Kingdom,North,Consumer,12/08/2014,Economy Plus,England,-0.1277583,51.5073509
AZ-2014-9211150,07/08/2014,Brooke Hodgson,Rome,Italy,South,Consumer,13/08/2014,Economy,Lazio,12.4963655,41.9027835
AZ-2014-6155335,07/08/2014,Elise Godfrey,Coventry,United Kingdom,North,Consumer,12/08/2014,Economy,England,-1.519693,52.406822
AZ-2014-4321659,07/08/2014,Erick Tanner,Getafe,Spain,South,Corporate,12/08/2014,Economy,Madrid,-3.7323934,40.3082504
AZ-2014-3374412,07/08/2014,Elise Godfrey,Harrow,United Kingdom,North,Consumer,10/08/2014,Priority,England,-0.341995,51.580559
BN-2014-2153442,07/08/2014,Jean Crowley,Drammen,Norway,North,Corporate,10/08/2014,Economy Plus,Buskerud,10.2044564,59.7440738
BN-2014-3084273,07/08/2014,Libby McDonald,Parma,Italy,South,Home Office,11/08/2014,Economy,Emilia-Romagna,10.3279036,44.801485
BN-2014-388260,07/08/2014,Archer Hort,Dublin,Ireland,North,Consumer,12/08/2014,Economy,Dublin,-6.2603097,53.3498053
BN-2014-6086541,07/08/2014,Ashley Baldwinson,Menton,France,Central,Corporate,09/08/2014,Economy Plus,Provence-Alpes-Côte d'Azur,7.49754,43.774481
AZ-2014-3303023,08/08/2014,Corey Norton,Paris,France,Central,Consumer,11/08/2014,Priority,Ile-de-France,2.3522219,48.856614
AZ-2014-6926624,08/08/2014,Lamar Lockhart,Schwerin,Germany,Central,Consumer,12/08/2014,Economy,Mecklenburg-Vorpommern,11.4012499,53.6355022
AZ-2014-4634987,08/08/2014,Isabelle Gould,Cork,Ireland,North,Consumer,14/08/2014,Economy,Cork,-8.4863157,51.8968917
AZ-2014-9141986,08/08/2014,Lucas Northcott,Wiesbaden,Germany,Central,Consumer,10/08/2014,Economy Plus,Hesse,8.2397608,50.0782184
AZ-2014-3178451,08/08/2014,Sophie Franklin,Rome,Italy,South,Corporate,13/08/2014,Economy,Lazio,12.4963655,41.9027835
BN-2014-9212655,08/08/2014,Mohammed Arnold,Bilbao,Spain,South,Consumer,13/08/2014,Economy,Basque Country,-2.9349852,43.2630126
BN-2014-3197989,08/08/2014,Koby Ricketson,Stockholm,Sweden,North,Corporate,13/08/2014,Economy Plus,Stockholm,18.0685808,59.3293235
BN-2014-9982544,08/08/2014,Charlie Power,Essen,Germany,Central,Home Office,15/08/2014,Economy,North Rhine-Westphalia,7.0115552,51.4556432
AZ-2014-9876300,09/08/2014,Max Ludwig,Pertuis,France,Central,Home Office,15/08/2014,Economy,Provence-Alpes-Côte d'Azur,5.501843,43.694275
AZ-2014-6094082,09/08/2014,Lewis Greenwood,Vichy,France,Central,Consumer,11/08/2014,Priority,Auvergne-Rhône-Alpes,3.425488,46.131859
BN-2014-9297622,09/08/2014,Jett Osman,Laval,France,Central,Home Office,15/08/2014,Economy,Pays de la Loire,-0.7669906,48.0785146
AZ-2014-49399,11/08/2014,Georgia Blackburn,Angers,France,Central,Corporate,16/08/2014,Economy,Pays de la Loire,-0.563166,47.478419
AZ-2014-8677910,11/08/2014,Michael Watkins,Stoke-on-Trent,United Kingdom,North,Home Office,14/08/2014,Priority,England,-2.179404,53.002668
AZ-2014-6797948,11/08/2014,Phoebe Baines,Strasbourg,France,Central,Home Office,15/08/2014,Economy,Alsace-Champagne-Ardenne-Lorraine,7.7521113,48.5734053
AZ-2014-9462955,11/08/2014,Alfonso Gomez,Vienna,Austria,Central,Corporate,12/08/2014,Priority,Vienna,16.3738189,48.2081743
AZ-2014-4668799,11/08/2014,Alexandra Portus,Antwerp,Belgium,Central,Corporate,16/08/2014,Economy,Antwerp,4.4024643,51.2194475
AZ-2014-4112918,11/08/2014,Kazuko Mason,Rillieux-la-Pape,France,Central,Home Office,17/08/2014,Economy,Auvergne-Rhône-Alpes,4.897126,45.819655
BN-2014-3359053,11/08/2014,Darcy St George,Rome,Italy,South,Corporate,11/08/2014,Immediate,Lazio,12.4963655,41.9027835
BN-2014-4964479,11/08/2014,Ella Knopwood,Nacka,Sweden,North,Consumer,17/08/2014,Economy,Stockholm,18.156042,59.307903
AZ-2014-9026521,12/08/2014,Madison Holloway,Bottrop,Germany,Central,Corporate,16/08/2014,Economy,North Rhine-Westphalia,6.9446888,51.529086
AZ-2014-2995713,12/08/2014,Ella Knopwood,Annecy,France,Central,Consumer,14/08/2014,Economy Plus,Auvergne-Rhône-Alpes,6.129384,45.899247
AZ-2014-356444,12/08/2014,Jeremy Pilcher,Essen,Germany,Central,Corporate,15/08/2014,Priority,North Rhine-Westphalia,7.0115552,51.4556432
AZ-2014-3152192,12/08/2014,Hannah Conyers,Cormeilles-en-Parisis,France,Central,Home Office,14/08/2014,Economy Plus,Ile-de-France,2.201292,48.973526
BN-2014-47251,12/08/2014,Kazuko Mason,Madrid,Spain,South,Home Office,16/08/2014,Economy,Madrid,-3.7037902,40.4167754
BN-2014-6947599,12/08/2014,Elijah Ruatoka,Zurich,Switzerland,Central,Home Office,19/08/2014,Economy,Zürich,8.541694,47.3768866
BN-2014-4513142,12/08/2014,Niamh Mann,Shrewsbury,United Kingdom,North,Consumer,17/08/2014,Economy,England,-2.7553268,52.7073029
BN-2014-9900559,12/08/2014,Rachel Tyler,St. Gallen,Switzerland,Central,Corporate,16/08/2014,Economy,St. Gallen,9.3767173,47.4244818
AZ-2014-8054390,13/08/2014,Taj Knetes,Offenburg,Germany,Central,Consumer,18/08/2014,Economy,Baden-Württemberg,7.9498017,48.473451
AZ-2014-1447703,13/08/2014,Kelly Long,Tourcoing,France,Central,Corporate,18/08/2014,Economy,Nord-Pas-de-Calais-Picardie,3.16207,50.724993
AZ-2014-4898591,13/08/2014,Lester Wimmer,Geneva,Switzerland,Central,Consumer,13/08/2014,Immediate,Geneva,6.1431577,46.2043907
AZ-2014-5324394,13/08/2014,Ella Troy,Swindon,United Kingdom,North,Home Office,19/08/2014,Economy,England,-1.7797176,51.5557739
AZ-2014-7795641,13/08/2014,Lily Skurrie,Doncaster,United Kingdom,North,Corporate,13/08/2014,Immediate,England,-1.128462,53.52282
AZ-2014-6244900,13/08/2014,Lilly Le Grand,Munich,Germany,Central,Home Office,13/08/2014,Immediate,Bavaria,11.5819806,48.1351253
BN-2014-9289926,13/08/2014,Alexandra Macdonald,Toulouse,France,Central,Corporate,17/08/2014,Economy,Languedoc-Roussillon-Midi-Pyrénées,1.444209,43.604652
AZ-2014-2002086,14/08/2014,Dylan Dry,Bedford,United Kingdom,North,Consumer,18/08/2014,Economy Plus,England,-0.4666546,52.1359729
AZ-2014-3892421,14/08/2014,Ethan Howarth,Menton,France,Central,Consumer,18/08/2014,Economy,Provence-Alpes-Côte d'Azur,7.49754,43.774481
AZ-2014-8854182,14/08/2014,Harvey Daniels,Chiclana de la Frontera,Spain,South,Consumer,20/08/2014,Economy,Andalusía,-6.1461102,36.4165052
AZ-2014-4019056,14/08/2014,Robert James,Cardiff,United Kingdom,North,Home Office,20/08/2014,Economy,Wales,-3.17909,51.481581
AZ-2014-5167139,14/08/2014,Dylan O'Halloran,Odense,Denmark,North,Home Office,18/08/2014,Economy,South Denmark,10.40237,55.403756
AZ-2014-3146183,14/08/2014,Chloe Landale,Vienna,Austria,Central,Home Office,16/08/2014,Priority,Vienna,16.3738189,48.2081743
BN-2014-2863458,14/08/2014,John Kemp,Como,Italy,South,Home Office,18/08/2014,Economy,Lombardy,9.0851765,45.8080597
BN-2014-7005725,14/08/2014,Isabelle Macghey,Bottrop,Germany,Central,Consumer,17/08/2014,Economy Plus,North Rhine-Westphalia,6.9446888,51.529086
AZ-2014-8533393,15/08/2014,Harriet Chadwick,Madrid,Spain,South,Corporate,16/08/2014,Priority,Madrid,-3.7037902,40.4167754
AZ-2014-167426,15/08/2014,David Arnold,Trieste,Italy,South,Consumer,15/08/2014,Immediate,Friuli-Venezia Giulia,13.7768182,45.6495264
AZ-2014-3393517,15/08/2014,Kyle Nash,Ceuta,Spain,South,Consumer,20/08/2014,Economy,Ceuta,-5.3213455,35.8893874
BN-2014-5824025,15/08/2014,Amy Nixon,Rotterdam,Netherlands,Central,Consumer,16/08/2014,Priority,South Holland,4.4777325,51.9244201
BN-2014-91476,15/08/2014,Amy Pritchard,Oosterhout,Netherlands,Central,Consumer,18/08/2014,Priority,North Brabant,4.8616901,51.6410202
AZ-2014-3798193,16/08/2014,Tyson Ebden,Oviedo,Spain,South,Consumer,21/08/2014,Economy,Asturias,-5.8493887,43.3619145
AZ-2014-8696751,16/08/2014,Elijah Sodeman,Cesena,Italy,South,Consumer,20/08/2014,Economy,Emilia-Romagna,12.2464292,44.1396438
AZ-2014-5931184,16/08/2014,Ethel Cole,Berne,Switzerland,Central,Home Office,18/08/2014,Priority,Bern,7.4474468,46.9479739
BN-2014-8933251,16/08/2014,Lloyd Barnes,Alphen aan den Rijn,Netherlands,Central,Corporate,21/08/2014,Economy,South Holland,4.6688508,52.1276577
BN-2014-2645644,16/08/2014,Jeremy Pilcher,The Hague,Netherlands,Central,Corporate,17/08/2014,Priority,South Holland,4.3006999,52.0704978
AZ-2014-5935860,18/08/2014,Ginger Owens,Bagneux,France,Central,Consumer,18/08/2014,Immediate,Ile-de-France,2.31002,48.796696
AZ-2014-5446211,18/08/2014,Gary Crume,Borken,Germany,Central,Consumer,18/08/2014,Immediate,North Rhine-Westphalia,6.8594477,51.8482714
AZ-2014-8531575,18/08/2014,Nicole Johns,Copenhagen,Denmark,North,Consumer,24/08/2014,Economy,Hovedstaden,12.5683371,55.6760968
AZ-2014-3085077,18/08/2014,Ella Dwyer-Gray,Meudon,France,Central,Consumer,21/08/2014,Economy Plus,Ile-de-France,2.23847,48.812995
AZ-2014-1020342,18/08/2014,Ella Dwyer-Gray,Nuremberg,Germany,Central,Consumer,22/08/2014,Economy,Bavaria,11.0796553,49.4254092
AZ-2014-6397741,18/08/2014,Victor Kron,Mainz,Germany,Central,Consumer,20/08/2014,Economy Plus,Rhineland-Palatinate,8.2472526,49.9928617
BN-2014-153112,18/08/2014,Ella Dwyer-Gray,London,United Kingdom,North,Consumer,24/08/2014,Economy,England,-0.1277583,51.5073509
BN-2014-9235525,18/08/2014,Maya Pamphlett,Pistoia,Italy,South,Consumer,24/08/2014,Economy,Tuscany,10.9078587,43.9303475
BN-2014-5307129,18/08/2014,Katie Evenden,Almelo,Netherlands,Central,Corporate,23/08/2014,Economy,Overijssel,6.6684919,52.3670267
AZ-2014-115654,19/08/2014,Jose Gambino,Berlin,Germany,Central,Corporate,22/08/2014,Priority,Berlin,13.404954,52.5200066
AZ-2014-8967305,19/08/2014,Kimberly Jones,Verona,Italy,South,Corporate,25/08/2014,Economy,Veneto,10.9916215,45.4383842
AZ-2014-4531843,19/08/2014,Kian Thomson,Frankfurt,Germany,Central,Consumer,25/08/2014,Economy,Hesse,8.6821267,50.1109221
AZ-2014-9736684,19/08/2014,Lola Hughes,Madrid,Spain,South,Consumer,23/08/2014,Economy Plus,Madrid,-3.7037902,40.4167754
AZ-2014-183577,19/08/2014,Zara Loton,Leicester,United Kingdom,North,Corporate,23/08/2014,Economy,England,-1.1397592,52.6368778
BN-2014-8685864,19/08/2014,Georgina Storey,Villeneuve-d'Ascq,France,Central,Consumer,25/08/2014,Economy,Nord-Pas-de-Calais-Picardie,3.1442651,50.6232523
BN-2014-1551236,19/08/2014,Jasmine Slater,Gothenburg,Sweden,North,Corporate,22/08/2014,Priority,Västra Götaland,11.97456,57.70887
AZ-2014-9133960,20/08/2014,Kazuko Mason,Marseille,France,Central,Home Office,24/08/2014,Economy,Provence-Alpes-Côte d'Azur,5.36978,43.296482
AZ-2014-6477857,20/08/2014,Blake Lymburner,London,United Kingdom,North,Consumer,24/08/2014,Economy,England,-0.1277583,51.5073509
AZ-2014-8849270,20/08/2014,Yasmin Higgins,Langenfeld,Germany,Central,Corporate,22/08/2014,Priority,North Rhine-Westphalia,6.9512663,51.1191898
AZ-2014-8676068,20/08/2014,Evie Rees,Fontenay-aux-Roses,France,Central,Consumer,23/08/2014,Priority,Ile-de-France,2.287181,48.789776
AZ-2014-129299,20/08/2014,Koby Phillip,Milan,Italy,South,Consumer,20/08/2014,Immediate,Lombardy,9.1859243,45.4654219
AZ-2014-2961810,20/08/2014,Angus Ibsch,Mantes-la-Ville,France,Central,Consumer,27/08/2014,Economy,Ile-de-France,1.713371,48.978154
AZ-2014-8438862,20/08/2014,Henry Chandler,Nieuwegein,Netherlands,Central,Home Office,25/08/2014,Economy,Utrecht,5.0918192,52.0248208
BN-2014-8744375,20/08/2014,Maya O'Sullivan,Birmingham,United Kingdom,North,Corporate,25/08/2014,Economy,England,-1.890401,52.486243
AZ-2014-4317243,21/08/2014,Nelson Olsen,Moers,Germany,Central,Home Office,23/08/2014,Economy Plus,North Rhine-Westphalia,6.6408148,51.4516041
AZ-2014-1240629,21/08/2014,Fredrick Beveridge,Ragusa,Italy,South,Corporate,25/08/2014,Economy,Sicily,14.7255129,36.9269273
AZ-2014-3706282,21/08/2014,Yasmin Higgins,Bar-le-Duc,France,Central,Corporate,26/08/2014,Economy,Alsace-Champagne-Ardenne-Lorraine,5.158238,48.773605
AZ-2014-1957538,21/08/2014,Courtney Hancock,Paris,France,Central,Consumer,21/08/2014,Immediate,Ile-de-France,2.3522219,48.856614
AZ-2014-727040,21/08/2014,Kyle Beard,Rome,Italy,South,Consumer,24/08/2014,Priority,Lazio,12.4963655,41.9027835
BN-2014-1462193,21/08/2014,Rebecca Heysen,Cork,Ireland,North,Corporate,24/08/2014,Economy Plus,Cork,-8.4863157,51.8968917
BN-2014-3821323,21/08/2014,Tina Brantley,London,United Kingdom,North,Home Office,21/08/2014,Immediate,England,-0.1277583,51.5073509
AZ-2014-383147,22/08/2014,Angus Ibsch,Maidenhead,United Kingdom,North,Consumer,24/08/2014,Economy Plus,England,-0.7219,51.522414
AZ-2014-7156078,22/08/2014,Amy Nixon,Hagen,Germany,Central,Consumer,28/08/2014,Economy,North Rhine-Westphalia,7.4632841,51.3670777
AZ-2014-5363417,22/08/2014,Bianca Crisp,Sunderland,United Kingdom,North,Home Office,28/08/2014,Economy,England,-1.383801,54.906869
AZ-2014-5408556,22/08/2014,Jessica Paramor,Madrid,Spain,South,Corporate,27/08/2014,Economy,Madrid,-3.7037902,40.4167754
BN-2014-8703611,22/08/2014,Crystal Turner,Bagnolet,France,Central,Consumer,26/08/2014,Economy,Ile-de-France,2.4234589,48.870364
BN-2014-2791040,22/08/2014,Jason Martinez,Perugia,Italy,South,Corporate,24/08/2014,Economy Plus,Umbria,12.3908279,43.1107168
BN-2014-2717006,22/08/2014,Devin Huddleston,Vallauris,France,Central,Consumer,28/08/2014,Economy,Provence-Alpes-Côte d'Azur,7.055041,43.577244
BN-2014-7374900,22/08/2014,Melody Nelson,Acireale,Italy,South,Corporate,26/08/2014,Economy Plus,Sicily,15.166736,37.607802
AZ-2014-8231196,23/08/2014,Alana Zahel,Salon-de-Provence,France,Central,Consumer,23/08/2014,Immediate,Provence-Alpes-Côte d'Azur,5.097022,43.640199
AZ-2014-604264,23/08/2014,John Baca,Nottingham,United Kingdom,North,Consumer,26/08/2014,Priority,England,-1.1581086,52.9547832
AZ-2014-3694312,23/08/2014,Denise Harris,Crotone,Italy,South,Consumer,28/08/2014,Economy,Calabria,17.1271102,39.0807932
AZ-2014-1670847,23/08/2014,Joshua Romero,Bordeaux,France,Central,Consumer,25/08/2014,Priority,Aquitaine-Limousin-Poitou-Charentes,-0.57918,44.837789
BN-2014-5918284,23/08/2014,Isabelle Gould,Amsterdam,Netherlands,Central,Consumer,27/08/2014,Economy Plus,North Holland,4.8951679,52.3702157
BN-2014-6231386,23/08/2014,Leon Thompson,Dublin,Ireland,North,Consumer,30/08/2014,Economy,Dublin,-6.2603097,53.3498053
AZ-2014-4740053,25/08/2014,Judy Rodriquez,Montrouge,France,Central,Consumer,30/08/2014,Economy,Ile-de-France,2.317384,48.816363
AZ-2014-7978715,25/08/2014,Jeffrey Laird,Dewsbury,United Kingdom,North,Corporate,28/08/2014,Economy Plus,England,-1.6296949,53.689833
AZ-2014-3685250,25/08/2014,Winnie Moss,Oslo,Norway,North,Consumer,31/08/2014,Economy,Oslo,10.7522454,59.9138688
AZ-2014-5629900,25/08/2014,Ruth Williams,Lisbon,Portugal,South,Consumer,29/08/2014,Economy,Lisboa,-9.1393366,38.7222524
AZ-2014-7552735,25/08/2014,John Kemp,Valencia,Spain,South,Home Office,28/08/2014,Economy Plus,Valenciana,-0.3762881,39.4699075
AZ-2014-2107464,25/08/2014,Wanda Wingert,Southend-on-Sea,United Kingdom,North,Consumer,27/08/2014,Priority,England,0.7077123,51.5459269
BN-2014-4592650,25/08/2014,Alexandra Macdonald,Milan,Italy,South,Corporate,30/08/2014,Economy Plus,Lombardy,9.1859243,45.4654219
BN-2014-4627406,25/08/2014,Jennifer Mattingly,Worms,Germany,Central,Home Office,26/08/2014,Priority,Rhineland-Palatinate,8.3507182,49.6341372
AZ-2014-8432869,26/08/2014,Mia McLean,Neuilly-sur-Seine,France,Central,Corporate,29/08/2014,Priority,Ile-de-France,2.26851,48.884831
AZ-2014-5210235,26/08/2014,John Harris,Cologne,Germany,Central,Corporate,30/08/2014,Economy,North Rhine-Westphalia,6.9602786,50.937531
AZ-2014-1135927,26/08/2014,Kiera Chandler,Rome,Italy,South,Consumer,01/09/2014,Economy,Lazio,12.4963655,41.9027835
AZ-2014-6308636,26/08/2014,Joshua Romero,London,United Kingdom,North,Consumer,02/09/2014,Economy,England,-0.1277583,51.5073509
AZ-2014-772814,26/08/2014,Enrique Friedman,Liverpool,United Kingdom,North,Consumer,31/08/2014,Economy,England,-2.9915726,53.4083714
AZ-2014-13469,26/08/2014,Nelson Olsen,Reggio nell'Emilia,Italy,South,Home Office,30/08/2014,Economy,Emilia-Romagna,10.6296859,44.6989932
BN-2014-4619083,26/08/2014,Kaitlyn Dorsch,Castellammare di Stabia,Italy,South,Corporate,30/08/2014,Economy,Campania,14.4828435,40.6957862
BN-2014-6657034,26/08/2014,Eric Anderson,Leiden,Netherlands,Central,Home Office,31/08/2014,Economy,South Holland,4.4970097,52.1601144
BN-2014-3332467,26/08/2014,Bettie Lang,Maastricht,Netherlands,Central,Consumer,29/08/2014,Priority,Limburg,5.6909725,50.8513682
AZ-2014-7029389,27/08/2014,Hazel Turner,Marseille,France,Central,Home Office,01/09/2014,Economy Plus,Provence-Alpes-Côte d'Azur,5.36978,43.296482
AZ-2014-6937153,27/08/2014,Layla Furnell,Basel,Switzerland,Central,Consumer,31/08/2014,Economy,Basel-Stadt,7.5885761,47.5595986
AZ-2014-5438822,27/08/2014,Julian Corbin,Halesowen,United Kingdom,North,Home Office,31/08/2014,Economy,England,-2.050526,52.449845
AZ-2014-3997418,27/08/2014,Samantha Reynell,Barcelona,Spain,South,Home Office,31/08/2014,Economy,Catalonia,2.1734035,41.3850639
AZ-2014-2049554,27/08/2014,Riley Douglas,Ceuta,Spain,South,Corporate,30/08/2014,Priority,Ceuta,-5.3213455,35.8893874
BN-2014-5960677,27/08/2014,Zachary Disher,Rome,Italy,South,Consumer,01/09/2014,Economy,Lazio,12.4963655,41.9027835
BN-2014-3227902,27/08/2014,Joseph Ford,Berlin,Germany,Central,Corporate,31/08/2014,Economy,Berlin,13.404954,52.5200066
BN-2014-301235,27/08/2014,Audrey Knowles,Lisbon,Portugal,South,Consumer,03/09/2014,Economy,Lisboa,-9.1393366,38.7222524
AZ-2014-8495612,28/08/2014,Rebecca Heysen,Ivry-sur-Seine,France,Central,Corporate,01/09/2014,Economy Plus,Ile-de-France,2.38822,48.813055
AZ-2014-96826,28/08/2014,Jayden Ali,Ludwigsburg,Germany,Central,Consumer,01/09/2014,Economy Plus,Baden-Württemberg,9.195464,48.8940624
AZ-2014-8612658,28/08/2014,Ricky Cullen,Hamm,Germany,Central,Consumer,02/09/2014,Economy,North Rhine-Westphalia,7.8159816,51.6738583
AZ-2014-2074276,28/08/2014,William Martin,London,United Kingdom,North,Corporate,31/08/2014,Economy Plus,England,-0.1277583,51.5073509
AZ-2014-5561990,28/08/2014,Jammie Gibbs,Cologne,Germany,Central,Consumer,30/08/2014,Priority,North Rhine-Westphalia,6.9602786,50.937531
AZ-2014-3872710,28/08/2014,Rose Nicolay,Cottbus,Germany,Central,Home Office,02/09/2014,Economy,Brandenburg,14.3328679,51.7563108
AZ-2014-1832142,28/08/2014,Julia Martell,Vienna,Austria,Central,Home Office,02/09/2014,Economy,Vienna,16.3738189,48.2081743
BN-2014-4519782,28/08/2014,Bethany Powell,Toulouse,France,Central,Home Office,01/09/2014,Economy,Languedoc-Roussillon-Midi-Pyrénées,1.444209,43.604652
BN-2014-4521538,28/08/2014,Paige Horsfall,The Hague,Netherlands,Central,Home Office,02/09/2014,Economy Plus,South Holland,4.3006999,52.0704978
AZ-2014-7610238,29/08/2014,Ewan Lee,Leeds,United Kingdom,North,Consumer,02/09/2014,Economy,England,-1.5490774,53.8007554
AZ-2014-378120,29/08/2014,Edward Hodges,Kiel,Germany,Central,Consumer,30/08/2014,Priority,Schleswig-Holstein,10.1227652,54.3232927
AZ-2014-9539724,29/08/2014,Alice Currie,Elx,Spain,South,Consumer,03/09/2014,Economy,Valenciana,-0.7125608,38.2699329
AZ-2014-5109192,29/08/2014,Oscar Noble,Rome,Italy,South,Consumer,01/09/2014,Economy Plus,Lazio,12.4963655,41.9027835
AZ-2014-8297343,29/08/2014,Maddison Breen,Valladolid,Spain,South,Corporate,29/08/2014,Immediate,Castile and León,-4.7245321,41.652251
AZ-2014-5856629,29/08/2014,William Reichert,La Spezia,Italy,South,Consumer,02/09/2014,Economy,Liguria,9.8240826,44.1024504
AZ-2014-9593137,29/08/2014,Max Ronald,Friedberg,Germany,Central,Corporate,31/08/2014,Priority,Hesse,8.74087,50.3248933
AZ-2014-4986921,29/08/2014,Robert James,Plaisir,France,Central,Home Office,03/09/2014,Economy,Ile-de-France,1.949075,48.817223
AZ-2014-5444543,29/08/2014,Ella Knopwood,Creil,France,Central,Consumer,03/09/2014,Economy Plus,Nord-Pas-de-Calais-Picardie,2.4783913,49.2576872
AZ-2014-6097969,29/08/2014,Rhys Murphy,Barcelona,Spain,South,Consumer,02/09/2014,Economy,Catalonia,2.1734035,41.3850639
BN-2014-1221335,29/08/2014,Alta Nokes,Apeldoorn,Netherlands,Central,Home Office,05/09/2014,Economy,Gelderland,5.9699231,52.211157
BN-2014-6157106,29/08/2014,Jeffrey Laird,Amersfoort,Netherlands,Central,Corporate,01/09/2014,Priority,Utrecht,5.3878266,52.1561113
AZ-2014-2490387,30/08/2014,Angus Fryar,Prato,Italy,South,Consumer,05/09/2014,Economy,Tuscany,11.102228,43.8777049
AZ-2014-3954912,30/08/2014,Thomas Shepherd,Glasgow,United Kingdom,North,Corporate,03/09/2014,Economy,Scotland,-4.251806,55.864237
AZ-2014-1811710,31/08/2014,Tyler Duncan,Briton Ferry,United Kingdom,North,Home Office,03/09/2014,Priority,Wales,-3.824315,51.632119
AZ-2014-1891559,01/09/2014,Ralph Holmes,Bath,United Kingdom,North,Consumer,03/09/2014,Economy Plus,England,-2.3599039,51.375801
AZ-2014-139785,01/09/2014,Daniel Howells,Leicester,United Kingdom,North,Corporate,06/09/2014,Economy,England,-1.1397592,52.6368778
AZ-2014-2013491,01/09/2014,Angelina Hurst,Hanover,Germany,Central,Consumer,05/09/2014,Economy,Lower Saxony,9.7320104,52.3758916
AZ-2014-870440,01/09/2014,Xavier Synan,Manchester,United Kingdom,North,Consumer,05/09/2014,Economy,England,-2.2426305,53.4807593
AZ-2014-5155500,01/09/2014,Don Willie,Exeter,United Kingdom,North,Corporate,04/09/2014,Economy Plus,England,-3.533899,50.718412
AZ-2014-1094147,01/09/2014,Jonathan Summons,Munich,Germany,Central,Consumer,05/09/2014,Economy,Bavaria,11.5819806,48.1351253
BN-2014-4587618,01/09/2014,Nicholas Carey,Dordrecht,Netherlands,Central,Consumer,07/09/2014,Economy,South Holland,4.6900929,51.8132979
AZ-2014-8955026,02/09/2014,Chelsea Parkinson,Linz,Austria,Central,Corporate,07/09/2014,Economy,Upper Austria,14.28583,48.30694
AZ-2014-9066153,02/09/2014,Imogen Symon,Bielefeld,Germany,Central,Consumer,04/09/2014,Economy Plus,North Rhine-Westphalia,8.5324708,52.0302285
AZ-2014-8286084,02/09/2014,Kristina Moore,Saint-Quentin,France,Central,Corporate,06/09/2014,Economy,Nord-Pas-de-Calais-Picardie,3.2874,49.847066
AZ-2014-7786801,02/09/2014,Rachel Tyler,Villeurbanne,France,Central,Corporate,09/09/2014,Economy,Auvergne-Rhône-Alpes,4.8901709,45.771944
AZ-2014-5560441,02/09/2014,Ewan Lee,Milan,Italy,South,Consumer,07/09/2014,Economy,Lombardy,9.1859243,45.4654219
AZ-2014-9673217,02/09/2014,Jammie Gibbs,Valencia,Spain,South,Consumer,06/09/2014,Economy,Valenciana,-0.3762881,39.4699075
BN-2014-3999779,02/09/2014,Victor Kron,Paris,France,Central,Consumer,04/09/2014,Economy Plus,Ile-de-France,2.3522219,48.856614
BN-2014-8403814,02/09/2014,Ava Giles,Naples,Italy,South,Corporate,07/09/2014,Economy,Campania,14.2681244,40.8517746
AZ-2014-3885179,03/09/2014,James Bruns,Letchworth,United Kingdom,North,Consumer,07/09/2014,Economy,England,-0.226624,51.979074
AZ-2014-5956672,03/09/2014,Gemma Sharp,Nuremberg,Germany,Central,Corporate,07/09/2014,Economy,Bavaria,11.0796553,49.4254092
AZ-2014-2602647,03/09/2014,Georgina Storey,Courbevoie,France,Central,Consumer,07/09/2014,Economy,Ile-de-France,2.25929,48.900552
AZ-2014-1173814,03/09/2014,Ebony Northcott,Seville,Spain,South,Consumer,05/09/2014,Priority,Andalusía,-5.9844589,37.3890924
AZ-2014-6451890,03/09/2014,Amy Nixon,Zeist,Netherlands,Central,Consumer,07/09/2014,Economy Plus,Utrecht,5.2332526,52.0906015
AZ-2014-1111012,03/09/2014,Lloyd Barnes,Pescara,Italy,South,Corporate,07/09/2014,Economy,Abruzzi,14.2160898,42.4617902
BN-2014-2257467,03/09/2014,Nathan Noble,Senlis,France,Central,Corporate,07/09/2014,Economy,Nord-Pas-de-Calais-Picardie,2.583212,49.205164
AZ-2014-1390032,04/09/2014,Lucas Wood,Solingen,Germany,Central,Corporate,08/09/2014,Economy,North Rhine-Westphalia,7.0831408,51.1702072
AZ-2014-4303771,04/09/2014,Lane Taylor,Stourbridge,United Kingdom,North,Corporate,06/09/2014,Priority,England,-2.148731,52.456891
AZ-2014-7973944,04/09/2014,Juan Smith,Pescara,Italy,South,Consumer,08/09/2014,Economy,Abruzzi,14.2160898,42.4617902
AZ-2014-3767753,04/09/2014,Amy Nixon,Bordeaux,France,Central,Consumer,08/09/2014,Economy,Aquitaine-Limousin-Poitou-Charentes,-0.57918,44.837789
AZ-2014-3603253,04/09/2014,Alexandra Mahmood,Hemel Hempstead,United Kingdom,North,Consumer,07/09/2014,Priority,England,-0.448632,51.753241
AZ-2014-4362946,04/09/2014,Victoria Burke,Ravenna,Italy,South,Corporate,06/09/2014,Economy Plus,Emilia-Romagna,12.2035294,44.4183598
AZ-2014-1240658,04/09/2014,Timothy Pownall,Toulon,France,Central,Consumer,09/09/2014,Economy,Provence-Alpes-Côte d'Azur,5.928,43.124228
AZ-2014-6207132,04/09/2014,Alpha Ross,Saint-Nazaire,France,Central,Corporate,11/09/2014,Economy,Pays de la Loire,-2.213848,47.2734979
AZ-2014-1332889,04/09/2014,Paul Collazo,Nottingham,United Kingdom,North,Home Office,09/09/2014,Economy,England,-1.1581086,52.9547832
BN-2014-8330750,04/09/2014,Scarlett Pollard,Saint-Jean-de-la-Ruelle,France,Central,Corporate,10/09/2014,Economy,Centre-Val de Loire,1.874149,47.912722
AZ-2014-181496,05/09/2014,Lane Taylor,Stuttgart,Germany,Central,Corporate,11/09/2014,Economy,Baden-Württemberg,9.1829321,48.7758459
AZ-2014-7615931,05/09/2014,Corey Norton,Saint-Michel-sur-Orge,France,Central,Consumer,08/09/2014,Priority,Ile-de-France,2.312884,48.63264
AZ-2014-1314393,05/09/2014,Tara Hines,Hamburg,Germany,Central,Consumer,09/09/2014,Economy,Hamburg,9.9936818,53.5510846
BN-2014-6199887,05/09/2014,Daniel Burke,Sheffield,United Kingdom,North,Home Office,05/09/2014,Immediate,England,-1.470085,53.381129
BN-2014-5801390,05/09/2014,Ashton Charles,Celle,Germany,Central,Consumer,12/09/2014,Economy,Lower Saxony,10.0628515,52.6175963
AZ-2014-4059237,06/09/2014,Corey Norton,Madrid,Spain,South,Consumer,11/09/2014,Economy,Madrid,-3.7037902,40.4167754
AZ-2014-8469117,06/09/2014,Michael Watkins,Trento,Italy,South,Home Office,06/09/2014,Immediate,Trentino-Alto Adige,11.1217486,46.0747793
AZ-2014-9518862,06/09/2014,Zara Loton,Seville,Spain,South,Corporate,11/09/2014,Economy,Andalusía,-5.9844589,37.3890924
AZ-2014-5282151,06/09/2014,Linda Dennis,Hartlepool,United Kingdom,North,Consumer,10/09/2014,Economy,England,-1.212926,54.691745
AZ-2014-855671,06/09/2014,Tyson Brookman,Murcia,Spain,South,Consumer,10/09/2014,Economy,Murcia,-1.1306544,37.9922399
AZ-2014-1879822,08/09/2014,Molly Bidmead,Tournai,Belgium,Central,Home Office,12/09/2014,Economy,Hainaut,3.3879338,50.6056475
AZ-2014-4339601,08/09/2014,William Jolly,Dijon,France,Central,Consumer,12/09/2014,Economy,Bourgogne-Franche-Comté,5.04148,47.322047
AZ-2014-6356102,08/09/2014,Caleb Kenyon,Sindelfingen,Germany,Central,Corporate,13/09/2014,Economy Plus,Baden-Württemberg,9.0044053,48.7074558
AZ-2014-9985991,09/09/2014,Isabel Turnbull,Witten,Germany,Central,Home Office,09/09/2014,Immediate,North Rhine-Westphalia,7.353197,51.4438926
AZ-2014-3101518,09/09/2014,Norma McCowan,Ploemeur,France,Central,Consumer,11/09/2014,Economy Plus,Brittany,-3.42714,47.735695
AZ-2014-7329559,09/09/2014,Nicholas Carey,Vitrolles,France,Central,Consumer,11/09/2014,Economy Plus,Provence-Alpes-Côte d'Azur,5.249703,43.458598
BN-2014-6549234,09/09/2014,Chloe Landale,Amsterdam,Netherlands,Central,Home Office,15/09/2014,Economy,North Holland,4.8951679,52.3702157
BN-2014-1166603,09/09/2014,Freya Briggs,Blackpool,United Kingdom,North,Corporate,15/09/2014,Economy,England,-3.0356748,53.8175053
BN-2014-9255621,09/09/2014,David To,Rome,Italy,South,Home Office,14/09/2014,Economy Plus,Lazio,12.4963655,41.9027835
AZ-2014-1476767,10/09/2014,Shelby Dunston,Bologna,Italy,South,Consumer,15/09/2014,Economy,Emilia-Romagna,11.3426163,44.494887
AZ-2014-8008458,10/09/2014,Leah Derham,Lille,France,Central,Consumer,15/09/2014,Economy Plus,Nord-Pas-de-Calais-Picardie,3.057256,50.62925
AZ-2014-4698064,10/09/2014,Lisa Watkins,Brescia,Italy,South,Consumer,15/09/2014,Economy Plus,Lombardy,10.2118019,45.5415526
AZ-2014-3032977,10/09/2014,Audrey Knowles,Nantes,France,Central,Consumer,13/09/2014,Priority,Pays de la Loire,-1.553621,47.218371
AZ-2014-4315429,10/09/2014,Maddison Breen,Herford,Germany,Central,Corporate,14/09/2014,Economy,North Rhine-Westphalia,8.6793998,52.1178305
BN-2014-839820,10/09/2014,Hayden Perkins,Milan,Italy,South,Consumer,13/09/2014,Priority,Lombardy,9.1859243,45.4654219
BN-2014-4656521,10/09/2014,Liam Mathias,Huddinge,Sweden,North,Corporate,17/09/2014,Economy,Stockholm,17.9821561,59.23633
AZ-2014-2827922,11/09/2014,Adam Gibbs,Halle,Germany,Central,Corporate,17/09/2014,Economy,Saxony-Anhalt,11.9688029,51.4969802
AZ-2014-955637,11/09/2014,Lydia Fowler,Essen,Germany,Central,Corporate,13/09/2014,Economy Plus,North Rhine-Westphalia,7.0115552,51.4556432
AZ-2014-4687220,11/09/2014,Elise Ali,Wasquehal,France,Central,Home Office,15/09/2014,Economy,Nord-Pas-de-Calais-Picardie,3.130782,50.669276
AZ-2014-2500745,11/09/2014,Elisabeth Manson,Herten,Germany,Central,Consumer,15/09/2014,Economy,North Rhine-Westphalia,7.1389575,51.6020534
AZ-2014-2576958,11/09/2014,Randall Roberts,Hastings,United Kingdom,North,Consumer,16/09/2014,Economy,England,0.573453,50.854259
AZ-2014-8957312,11/09/2014,Lisa Boyette,Leipzig,Germany,Central,Corporate,14/09/2014,Priority,Saxony,12.3730747,51.3396955
AZ-2014-1586750,11/09/2014,Elise Ali,West Bromwich,United Kingdom,North,Home Office,14/09/2014,Economy Plus,England,-1.995159,52.517664
AZ-2014-8568817,11/09/2014,Amber Adams,Schiltigheim,France,Central,Corporate,12/09/2014,Priority,Alsace-Champagne-Ardenne-Lorraine,7.748453,48.605226
BN-2014-7173798,11/09/2014,Bianca Crisp,Helmond,Netherlands,Central,Home Office,15/09/2014,Economy,North Brabant,5.6570096,51.4792547
AZ-2014-9225058,12/09/2014,David Chadwick,Vitoria,Spain,South,Corporate,16/09/2014,Economy Plus,Basque Country,-2.6817918,42.8591656
AZ-2014-36141,12/09/2014,Nicholas Carey,Kassel,Germany,Central,Consumer,17/09/2014,Economy Plus,Hesse,9.4797461,51.3127114
AZ-2014-2138061,12/09/2014,Patricia Lukes,Montmorency,France,Central,Corporate,16/09/2014,Economy,Ile-de-France,2.321878,48.989778
AZ-2014-5538768,12/09/2014,Skye McCaffrey,Antwerp,Belgium,Central,Consumer,17/09/2014,Economy,Antwerp,4.4024643,51.2194475
AZ-2014-2049231,12/09/2014,Henry Chandler,Mainz,Germany,Central,Home Office,12/09/2014,Immediate,Rhineland-Palatinate,8.2472526,49.9928617
BN-2014-7135917,12/09/2014,Mark Washington,Nacka,Sweden,North,Home Office,15/09/2014,Priority,Stockholm,18.156042,59.307903
AZ-2014-8864215,13/09/2014,Molly Bidmead,Madrid,Spain,South,Home Office,14/09/2014,Priority,Madrid,-3.7037902,40.4167754
BN-2014-5849086,13/09/2014,Archie Whittaker,Milan,Italy,South,Home Office,18/09/2014,Economy,Lombardy,9.1859243,45.4654219
AZ-2014-2258709,15/09/2014,Poppy McWilliams,Istres,France,Central,Corporate,20/09/2014,Economy Plus,Provence-Alpes-Côte d'Azur,4.987968,43.513006
AZ-2014-3938164,15/09/2014,Michael Myers,Eindhoven,Netherlands,Central,Home Office,18/09/2014,Priority,North Brabant,5.4697225,51.441642
AZ-2014-7400496,15/09/2014,Georgina Arnold,Brighton,United Kingdom,North,Corporate,21/09/2014,Economy,England,-0.137163,50.82253
AZ-2014-6391866,15/09/2014,James Bruns,Coulommiers,France,Central,Consumer,21/09/2014,Economy,Ile-de-France,3.083497,48.813071
BN-2014-5531507,15/09/2014,Kayla Tearle,Stockholm,Sweden,North,Corporate,20/09/2014,Economy,Stockholm,18.0685808,59.3293235
BN-2014-3650547,15/09/2014,Zachary Warner,Elx,Spain,South,Consumer,21/09/2014,Economy,Valenciana,-0.7125608,38.2699329
AZ-2014-8014717,16/09/2014,Carol Leach,Chelmsford,United Kingdom,North,Home Office,22/09/2014,Economy,England,0.4685497,51.7355868
AZ-2014-2203949,16/09/2014,Gracie Hunter,Sheffield,United Kingdom,North,Consumer,21/09/2014,Economy Plus,England,-1.470085,53.381129
AZ-2014-4360441,16/09/2014,Holly Doyle,Argenteuil,France,Central,Consumer,22/09/2014,Economy,Ile-de-France,2.2466847,48.9472096
AZ-2014-2884391,16/09/2014,Toby Labilliere,Bilbao,Spain,South,Consumer,18/09/2014,Economy Plus,Basque Country,-2.9349852,43.2630126
AZ-2014-4182023,16/09/2014,Ethan Cover,Carrara,Italy,South,Home Office,21/09/2014,Economy,Tuscany,10.097677,44.0793245
AZ-2014-4987937,16/09/2014,Nicole Todd,Piacenza,Italy,South,Corporate,20/09/2014,Economy Plus,Emilia-Romagna,9.6929845,45.0526206
AZ-2014-3981915,16/09/2014,Chloe Miller,Epinal,France,Central,Consumer,16/09/2014,Immediate,Alsace-Champagne-Ardenne-Lorraine,6.449403,48.172402
AZ-2014-9760278,16/09/2014,Riley Howells,Granollers,Spain,South,Consumer,21/09/2014,Economy Plus,Catalonia,2.2870889,41.6061927
AZ-2014-980530,16/09/2014,Ryan Greenwood,Mougins,France,Central,Consumer,20/09/2014,Economy,Provence-Alpes-Côte d'Azur,7.006491,43.6023319
BN-2014-6943286,16/09/2014,Scarlett Pollard,Bognor Regis,United Kingdom,North,Corporate,20/09/2014,Economy,England,-0.673061,50.782998
BN-2014-3570494,16/09/2014,Alta Nokes,Stockholm,Sweden,North,Home Office,19/09/2014,Priority,Stockholm,18.0685808,59.3293235
BN-2014-6758663,16/09/2014,Robert Duffy,Brescia,Italy,South,Home Office,21/09/2014,Economy,Lombardy,10.2118019,45.5415526
BN-2014-1068004,16/09/2014,Shannon Howe,Doetinchem,Netherlands,Central,Consumer,22/09/2014,Economy,Gelderland,6.2937736,51.9646995
AZ-2014-5827571,17/09/2014,Lori Miller,Solihull,United Kingdom,North,Consumer,22/09/2014,Economy,England,-1.77761,52.411811
AZ-2014-8639155,17/09/2014,Rhys Murphy,Altamura,Italy,South,Consumer,19/09/2014,Priority,Apulia,16.5527874,40.8253924
AZ-2014-3810373,17/09/2014,Thomas Shepherd,Oslo,Norway,North,Corporate,22/09/2014,Economy Plus,Oslo,10.7522454,59.9138688
AZ-2014-8630899,17/09/2014,Hayden Perkins,Preston,United Kingdom,North,Consumer,21/09/2014,Economy Plus,England,-2.70309,53.763201
AZ-2014-8308689,17/09/2014,Brooke Hodgson,Villejuif,France,Central,Consumer,22/09/2014,Economy,Ile-de-France,2.359279,48.792716
BN-2014-2098637,17/09/2014,Ella Troy,Augsburg,Germany,Central,Home Office,22/09/2014,Economy,Bavaria,10.89779,48.3705449
AZ-2014-21710,18/09/2014,Rose Heap,Munich,Germany,Central,Consumer,22/09/2014,Economy,Bavaria,11.5819806,48.1351253
AZ-2014-2593220,18/09/2014,Amanda Hutcherson,Vienna,Austria,Central,Corporate,23/09/2014,Economy,Vienna,16.3738189,48.2081743
AZ-2014-6085803,18/09/2014,Rita McCann,Willich,Germany,Central,Consumer,22/09/2014,Economy Plus,North Rhine-Westphalia,6.5442659,51.2654601
AZ-2014-5532037,18/09/2014,Nathan Niland,Helsinki,Finland,North,Consumer,21/09/2014,Priority,Uusimaa,24.938379,60.1698557
AZ-2014-5058573,18/09/2014,Gemma Curlewis,Saint-Laurent-du-Var,France,Central,Corporate,18/09/2014,Immediate,Provence-Alpes-Côte d'Azur,7.189811,43.673417
BN-2014-6988890,18/09/2014,Faith Greenwood,Birmingham,United Kingdom,North,Consumer,23/09/2014,Economy,England,-1.890401,52.486243
AZ-2014-279343,19/09/2014,Rory Jess,Antony,France,Central,Home Office,21/09/2014,Economy Plus,Ile-de-France,2.302553,48.759255
AZ-2014-1669266,19/09/2014,Mackenzie Whitford,Cork,Ireland,North,Consumer,22/09/2014,Economy Plus,Cork,-8.4863157,51.8968917
AZ-2014-7287251,19/09/2014,Blake Lymburner,Murcia,Spain,South,Consumer,23/09/2014,Economy,Murcia,-1.1306544,37.9922399
AZ-2014-3489537,19/09/2014,Walter Coley,Cognac,France,Central,Consumer,22/09/2014,Priority,Aquitaine-Limousin-Poitou-Charentes,-0.328744,45.691046
AZ-2014-8781156,19/09/2014,Sophia Owen,Vicenza,Italy,South,Corporate,25/09/2014,Economy,Veneto,11.5354214,45.5454787
AZ-2014-551552,19/09/2014,Lily Dallachy,Valencia,Spain,South,Corporate,24/09/2014,Economy,Valenciana,-0.3762881,39.4699075
BN-2014-6976303,19/09/2014,Leah Barrett,Berlin,Germany,Central,Consumer,23/09/2014,Economy,Berlin,13.404954,52.5200066
BN-2014-4890231,19/09/2014,Abby Muramats,Issoire,France,Central,Consumer,23/09/2014,Economy,Auvergne-Rhône-Alpes,3.248128,45.54151
AZ-2014-7938623,20/09/2014,Thomas McCallum,Vienna,Austria,Central,Consumer,23/09/2014,Economy Plus,Vienna,16.3738189,48.2081743
AZ-2014-8890800,20/09/2014,Harry Josephson,Barcelona,Spain,South,Consumer,24/09/2014,Economy,Catalonia,2.1734035,41.3850639
AZ-2014-7608548,20/09/2014,Sean Wheeler,Brussels,Belgium,Central,Corporate,22/09/2014,Economy Plus,Brussels,4.3517103,50.8503396
AZ-2014-8055993,21/09/2014,Jett Osman,Cologne,Germany,Central,Home Office,25/09/2014,Economy,North Rhine-Westphalia,6.9602786,50.937531
AZ-2014-3445834,22/09/2014,Jonathan Summons,Vienna,Austria,Central,Consumer,22/09/2014,Immediate,Vienna,16.3738189,48.2081743
AZ-2014-270140,22/09/2014,Luther King,Acireale,Italy,South,Consumer,25/09/2014,Priority,Sicily,15.166736,37.607802
AZ-2014-6824092,22/09/2014,Riley Douglas,Agen,France,Central,Corporate,27/09/2014,Economy Plus,Aquitaine-Limousin-Poitou-Charentes,0.616363,44.203142
AZ-2014-1026568,23/09/2014,Millie Arnold,Dresden,Germany,Central,Consumer,25/09/2014,Economy Plus,Saxony,13.7372621,51.0504088
AZ-2014-758467,23/09/2014,Jason Roger,Rambouillet,France,Central,Corporate,25/09/2014,Priority,Ile-de-France,1.829079,48.643868
AZ-2014-752622,23/09/2014,Koby Tompson,Vienna,Austria,Central,Consumer,28/09/2014,Economy,Vienna,16.3738189,48.2081743
AZ-2014-6619612,23/09/2014,Jasper Neighbour,Manchester,United Kingdom,North,Corporate,27/09/2014,Economy,England,-2.2426305,53.4807593
AZ-2014-7782987,23/09/2014,Sebastian Barber,Mulhouse,France,Central,Home Office,28/09/2014,Economy,Alsace-Champagne-Ardenne-Lorraine,7.335888,47.750839
AZ-2014-7265288,23/09/2014,Mia McLean,Plymouth,United Kingdom,North,Corporate,30/09/2014,Economy,England,-4.1426565,50.3754565
BN-2014-863446,23/09/2014,Hazel Turner,Dublin,Ireland,North,Home Office,23/09/2014,Immediate,Dublin,-6.2603097,53.3498053
AZ-2014-1302174,24/09/2014,Tyler Miah,Schwerin,Germany,Central,Home Office,01/10/2014,Economy,Mecklenburg-Vorpommern,11.4012499,53.6355022
BN-2014-9978138,24/09/2014,David Harney,Gap,France,Central,Corporate,26/09/2014,Economy Plus,Provence-Alpes-Côte d'Azur,6.079758,44.559638
AZ-2014-8548131,25/09/2014,Desiree Hurt,Bolton,United Kingdom,North,Home Office,30/09/2014,Economy,England,-2.4282192,53.5768647
AZ-2014-6417679,25/09/2014,Jonathan Loftus,Brussels,Belgium,Central,Home Office,01/10/2014,Economy,Brussels,4.3517103,50.8503396
AZ-2014-19623,25/09/2014,Jasper Neighbour,Elda,Spain,South,Corporate,30/09/2014,Economy Plus,Valenciana,-0.7964597,38.4765073
AZ-2014-1499701,25/09/2014,Kevin Madigan,Oberhausen,Germany,Central,Consumer,01/10/2014,Economy,North Rhine-Westphalia,6.8637765,51.4963341
AZ-2014-2017508,25/09/2014,Ewan Walton,Rome,Italy,South,Consumer,30/09/2014,Economy,Lazio,12.4963655,41.9027835
AZ-2014-3658958,25/09/2014,Abbie Perry,Louviers,France,Central,Consumer,30/09/2014,Economy,Normandy,1.1686123,49.2152477
AZ-2014-3636472,25/09/2014,Zona Meyer,Huelva,Spain,South,Corporate,30/09/2014,Economy,Andalusía,-6.9447224,37.261421
AZ-2014-2899056,26/09/2014,Mary Saterfiel,Munich,Germany,Central,Consumer,01/10/2014,Economy,Bavaria,11.5819806,48.1351253
AZ-2014-7575178,26/09/2014,Stacy Cummings,Oldham,United Kingdom,North,Consumer,01/10/2014,Economy,England,-2.1113659,53.5409298
AZ-2014-7367498,26/09/2014,Elijah Sodeman,Portsmouth,United Kingdom,North,Consumer,29/09/2014,Priority,England,-1.0879769,50.8197675
BN-2014-3094583,26/09/2014,Jordan Peacock,The Hague,Netherlands,Central,Corporate,29/09/2014,Economy Plus,South Holland,4.3006999,52.0704978
BN-2014-3100971,26/09/2014,Anna Macdonald,Cagnes-sur-Mer,France,Central,Consumer,28/09/2014,Economy Plus,Provence-Alpes-Côte d'Azur,7.14882,43.663739
BN-2014-409695,26/09/2014,Erin Gill,Stockholm,Sweden,North,Home Office,30/09/2014,Economy,Stockholm,18.0685808,59.3293235
BN-2014-2658770,26/09/2014,Ewan O'Neill,Sittard,Netherlands,Central,Corporate,28/09/2014,Priority,Limburg,5.8864788,51.0006238
BN-2014-848843,26/09/2014,Ella Dwyer-Gray,London,United Kingdom,North,Consumer,01/10/2014,Economy,England,-0.1277583,51.5073509
AZ-2014-1214037,27/09/2014,Andrew Shah,Berlin,Germany,Central,Home Office,03/10/2014,Economy,Berlin,13.404954,52.5200066
BN-2014-4065808,27/09/2014,Randall Roberts,Sheffield,United Kingdom,North,Consumer,03/10/2014,Economy,England,-1.470085,53.381129
BN-2014-2274076,27/09/2014,Toby Patterson,Dublin,Ireland,North,Home Office,29/09/2014,Priority,Dublin,-6.2603097,53.3498053
AZ-2014-369464,28/09/2014,Kyle Beard,Burnley,United Kingdom,North,Consumer,01/10/2014,Priority,England,-2.2405035,53.7892877
AZ-2014-9783115,29/09/2014,Patrick Cassidy,Brest,France,Central,Corporate,04/10/2014,Economy,Brittany,-4.486076,48.390394
AZ-2014-4010374,29/09/2014,Kimberly Boyd,Munich,Germany,Central,Corporate,06/10/2014,Economy,Bavaria,11.5819806,48.1351253
AZ-2014-9111832,29/09/2014,Eva Butler,Peer,Belgium,Central,Corporate,03/10/2014,Economy,Limburg,5.4536,51.1329
AZ-2014-1555562,29/09/2014,Anthony Lawrence,Noisy-le-Sec,France,Central,Consumer,02/10/2014,Priority,Ile-de-France,2.458625,48.892489
AZ-2014-2805502,29/09/2014,Georgina Fuller,Pulheim,Germany,Central,Consumer,30/09/2014,Priority,North Rhine-Westphalia,6.8076853,50.9995815
AZ-2014-3185599,30/09/2014,Eloise Mahmood,Rome,Italy,South,Corporate,03/10/2014,Economy Plus,Lazio,12.4963655,41.9027835
AZ-2014-9283852,30/09/2014,Chelsea Parkinson,Rome,Italy,South,Corporate,04/10/2014,Economy,Lazio,12.4963655,41.9027835
AZ-2014-942941,30/09/2014,Jammie Gibbs,Glasgow,United Kingdom,North,Consumer,04/10/2014,Economy,Scotland,-4.251806,55.864237
AZ-2014-7413278,30/09/2014,Lisa Boyette,Darmstadt,Germany,Central,Corporate,02/10/2014,Economy Plus,Hesse,8.6511929,49.8728253
BN-2014-6632260,30/09/2014,Callum Hagai,Sale,United Kingdom,North,Home Office,05/10/2014,Economy,England,-2.323702,53.425561
BN-2014-4354402,30/09/2014,Sofia de Castella,Ravenna,Italy,South,Consumer,02/10/2014,Priority,Emilia-Romagna,12.2035294,44.4183598
AZ-2014-9479469,01/10/2014,Sean Ford,Vienna,Austria,Central,Home Office,04/10/2014,Priority,Vienna,16.3738189,48.2081743
BN-2014-8911899,01/10/2014,Shannon Howe,Loures,Portugal,South,Consumer,06/10/2014,Economy,Lisboa,-9.1741095,38.831549
BN-2014-6571686,01/10/2014,Hayley Baldwinson,Amsterdam,Netherlands,Central,Consumer,06/10/2014,Economy,North Holland,4.8951679,52.3702157
AZ-2014-6214587,02/10/2014,David Chadwick,London,United Kingdom,North,Corporate,07/10/2014,Economy,England,-0.1277583,51.5073509
AZ-2014-4241465,02/10/2014,Ava Corbin,Madrid,Spain,South,Home Office,06/10/2014,Economy,Madrid,-3.7037902,40.4167754
AZ-2014-2681934,03/10/2014,Joel Ortega,South Shields,United Kingdom,North,Corporate,05/10/2014,Priority,England,-1.427406,54.999424
AZ-2014-5838029,03/10/2014,Archer Hort,Bonn,Germany,Central,Consumer,08/10/2014,Economy,North Rhine-Westphalia,7.0982068,50.73743
BN-2014-6384429,03/10/2014,Jennifer Douglas,Erfurt,Germany,Central,Corporate,06/10/2014,Economy Plus,Thuringia,11.0298799,50.9847679
AZ-2014-5598265,05/10/2014,Milla Hollinworth,Catania,Italy,South,Corporate,12/10/2014,Economy,Sicily,15.0830304,37.5078772
AZ-2014-7956998,06/10/2014,Isabelle Grimstone,Beauvais,France,Central,Consumer,12/10/2014,Economy,Nord-Pas-de-Calais-Picardie,2.0807123,49.4295387
AZ-2014-9876425,06/10/2014,Logan Allan,Munich,Germany,Central,Corporate,10/10/2014,Economy Plus,Bavaria,11.5819806,48.1351253
BN-2014-5015566,06/10/2014,Mark Westfall,Gothenburg,Sweden,North,Consumer,08/10/2014,Economy Plus,Västra Götaland,11.97456,57.70887
AZ-2014-8900102,07/10/2014,Lillian Davis,The Hague,Netherlands,Central,Consumer,12/10/2014,Economy,South Holland,4.3006999,52.0704978
AZ-2014-9761172,07/10/2014,Robert Quick,Vienna,Austria,Central,Consumer,12/10/2014,Economy Plus,Vienna,16.3738189,48.2081743
AZ-2014-9021616,07/10/2014,Alice Currie,Swindon,United Kingdom,North,Consumer,11/10/2014,Economy Plus,England,-1.7797176,51.5557739
AZ-2014-2103461,08/10/2014,Georgina Storey,London,United Kingdom,North,Consumer,12/10/2014,Economy,England,-0.1277583,51.5073509
AZ-2014-3811327,08/10/2014,Ewan Hyde,Hanover,Germany,Central,Consumer,12/10/2014,Economy Plus,Lower Saxony,9.7320104,52.3758916
AZ-2014-4135544,09/10/2014,Gracie Hicks,Graz,Austria,Central,Consumer,13/10/2014,Economy,Styria,15.439504,47.070714
AZ-2014-6629970,10/10/2014,Alexandra Portus,Aix-en-Provence,France,Central,Corporate,14/10/2014,Economy,Provence-Alpes-Côte d'Azur,5.447427,43.529742
AZ-2014-7267065,10/10/2014,Julian Corbin,Sartrouville,France,Central,Home Office,12/10/2014,Priority,Ile-de-France,2.158431,48.941106
BN-2014-3536767,10/10/2014,Niamh Mann,Birmingham,United Kingdom,North,Consumer,14/10/2014,Economy,England,-1.890401,52.486243
AZ-2014-5624461,11/10/2014,Holly Black,London,United Kingdom,North,Home Office,15/10/2014,Economy,England,-0.1277583,51.5073509
AZ-2014-5952161,13/10/2014,Anna Macdonald,Stuttgart,Germany,Central,Consumer,18/10/2014,Economy,Baden-Württemberg,9.1829321,48.7758459
AZ-2014-507287,13/10/2014,Molly De Mole,Hamm,Germany,Central,Corporate,16/10/2014,Economy Plus,North Rhine-Westphalia,7.8159816,51.6738583
AZ-2014-1092001,13/10/2014,Alannah Callaway,Bath,United Kingdom,North,Consumer,20/10/2014,Economy,England,-2.3599039,51.375801
AZ-2014-4093639,13/10/2014,Gail Thompson,Madrid,Spain,South,Consumer,17/10/2014,Economy,Madrid,-3.7037902,40.4167754
AZ-2014-4346443,13/10/2014,Demi Power,Paris,France,Central,Consumer,17/10/2014,Economy,Ile-de-France,2.3522219,48.856614
AZ-2014-4279735,13/10/2014,Erin Gill,Burnley,United Kingdom,North,Home Office,18/10/2014,Economy Plus,England,-2.2405035,53.7892877
AZ-2014-8937167,13/10/2014,Hollie Morris,Wattrelos,France,Central,Corporate,19/10/2014,Economy,Nord-Pas-de-Calais-Picardie,3.215007,50.701174
BN-2014-6471690,13/10/2014,Gerald Booth,Montauban,France,Central,Consumer,17/10/2014,Economy,Languedoc-Roussillon-Midi-Pyrénées,1.3529599,44.0221252
BN-2014-4757131,13/10/2014,Leticia Sorrells,Zurich,Switzerland,Central,Consumer,17/10/2014,Economy,Zürich,8.541694,47.3768866
AZ-2014-4707297,14/10/2014,Ronald Everson,Outreau,France,Central,Corporate,18/10/2014,Economy,Nord-Pas-de-Calais-Picardie,1.59255,50.706513
AZ-2014-2317283,14/10/2014,Karon Shah,Messina,Italy,South,Corporate,20/10/2014,Economy,Sicily,15.5540152,38.1938137
AZ-2014-2076783,14/10/2014,Noah Hart,Les Ulis,France,Central,Consumer,15/10/2014,Priority,Ile-de-France,2.16647,48.6792779
AZ-2014-9257351,15/10/2014,Louis Wilson,Vienna,Austria,Central,Consumer,17/10/2014,Economy Plus,Vienna,16.3738189,48.2081743
AZ-2014-9361129,15/10/2014,Cooper Burn,Alicante,Spain,South,Consumer,17/10/2014,Economy Plus,Valenciana,-0.4906855,38.3459963
AZ-2014-8072952,16/10/2014,Casey Beckett,Versailles,France,Central,Home Office,20/10/2014,Economy,Ile-de-France,2.130122,48.801408
AZ-2014-6494772,16/10/2014,Kian Sykes,Carpentras,France,Central,Consumer,17/10/2014,Priority,Provence-Alpes-Côte d'Azur,5.048722,44.0555639
AZ-2014-5528996,17/10/2014,Charlie Power,Berlin,Germany,Central,Home Office,22/10/2014,Economy Plus,Berlin,13.404954,52.5200066
AZ-2014-2032724,17/10/2014,Jacob Carter,Concarneau,France,Central,Consumer,20/10/2014,Priority,Brittany,-3.920734,47.872834
BN-2014-6079376,17/10/2014,Alexandra Portus,Marano di Napoli,Italy,South,Corporate,23/10/2014,Economy,Campania,14.1916736,40.8899594
AZ-2014-7828489,18/10/2014,Ricky Cullen,Vienna,Austria,Central,Consumer,23/10/2014,Economy,Vienna,16.3738189,48.2081743
AZ-2014-8671792,20/10/2014,Timothy Pownall,Saint-Malo,France,Central,Consumer,24/10/2014,Economy,Brittany,-2.025674,48.649337
AZ-2014-1127335,20/10/2014,Charles Rice,Hamburg,Germany,Central,Corporate,22/10/2014,Priority,Hamburg,9.9936818,53.5510846
AZ-2014-1290768,20/10/2014,Madelyn Anderson,Paris,France,Central,Corporate,24/10/2014,Economy Plus,Ile-de-France,2.3522219,48.856614
AZ-2014-4571075,20/10/2014,Daniel Hamilton,Turin,Italy,South,Home Office,24/10/2014,Economy,Piedmont,7.6868565,45.070312
AZ-2014-2131616,20/10/2014,Brooke Horton,Taranto,Italy,South,Consumer,22/10/2014,Economy Plus,Apulia,17.2470303,40.4643606
BN-2014-6860245,20/10/2014,Will Poynton,Palermo,Italy,South,Consumer,27/10/2014,Economy,Sicily,13.3612671,38.1156879
AZ-2014-3635641,21/10/2014,Sam Wood,Barcelona,Spain,South,Home Office,26/10/2014,Economy,Catalonia,2.1734035,41.3850639
AZ-2014-6063209,21/10/2014,Hazel Turner,Gelsenkirchen,Germany,Central,Home Office,27/10/2014,Economy,North Rhine-Westphalia,7.0857172,51.517744
AZ-2014-7469338,22/10/2014,Ada Dalton,Cologne,Germany,Central,Corporate,29/10/2014,Economy,North Rhine-Westphalia,6.9602786,50.937531
AZ-2014-4236300,23/10/2014,Alexander Bond,Torquay,United Kingdom,North,Corporate,27/10/2014,Economy Plus,England,-3.525315,50.4619209
AZ-2014-4004441,23/10/2014,Edward Davidson,Troisdorf,Germany,Central,Home Office,28/10/2014,Economy,North Rhine-Westphalia,7.1430246,50.8177471
AZ-2014-4045031,23/10/2014,Lara Giles,Ulm,Germany,Central,Consumer,26/10/2014,Priority,Baden-Württemberg,9.9876076,48.4010822
AZ-2014-8841844,23/10/2014,Henry Winder,Cologne,Germany,Central,Corporate,26/10/2014,Economy Plus,North Rhine-Westphalia,6.9602786,50.937531
AZ-2014-797220,23/10/2014,Katherine Grant,Esbjerg,Denmark,North,Consumer,28/10/2014,Economy,South Denmark,8.459405,55.476466
AZ-2014-5226106,24/10/2014,Nate Wilder-Neligan,Oviedo,Spain,South,Consumer,29/10/2014,Economy,Asturias,-5.8493887,43.3619145
AZ-2014-3360679,24/10/2014,Leah Barrett,Cesena,Italy,South,Consumer,26/10/2014,Priority,Emilia-Romagna,12.2464292,44.1396438
AZ-2014-4651248,24/10/2014,Amanda Hutcherson,Kotka,Finland,North,Corporate,24/10/2014,Immediate,Kymenlaakso,26.9459403,60.4665666
AZ-2014-1612857,24/10/2014,Linda Dennis,Madrid,Spain,South,Consumer,29/10/2014,Economy,Madrid,-3.7037902,40.4167754
AZ-2014-4660406,24/10/2014,Nathan Noble,Munich,Germany,Central,Corporate,27/10/2014,Economy Plus,Bavaria,11.5819806,48.1351253
BN-2014-8129561,24/10/2014,Lauren Knight,Genoa,Italy,South,Consumer,26/10/2014,Economy Plus,Liguria,8.946256,44.4056499
AZ-2014-2264285,27/10/2014,Donald Molina,Lille,France,Central,Home Office,03/11/2014,Economy,Nord-Pas-de-Calais-Picardie,3.057256,50.62925
BN-2014-3819609,27/10/2014,Mary Parker,Aberdeen,United Kingdom,North,Corporate,31/10/2014,Economy,Scotland,-2.094278,57.149717
AZ-2014-3625320,28/10/2014,Rebecca Cook,Arezzo,Italy,South,Corporate,01/11/2014,Economy,Tuscany,11.8796336,43.4632839
AZ-2014-9290079,29/10/2014,Craig Rayner,Schwerin,Germany,Central,Consumer,29/10/2014,Immediate,Mecklenburg-Vorpommern,11.4012499,53.6355022
AZ-2014-4000369,29/10/2014,Ashton Charles,Nancy,France,Central,Consumer,02/11/2014,Economy,Alsace-Champagne-Ardenne-Lorraine,6.184417,48.692054
AZ-2014-5889570,29/10/2014,Robert Barnes,Colchester,United Kingdom,North,Consumer,01/11/2014,Economy Plus,England,0.891874,51.895927
AZ-2014-7862965,30/10/2014,Kimberly Jones,Halle,Germany,Central,Corporate,03/11/2014,Economy Plus,North Rhine-Westphalia,11.9688029,51.4969802
AZ-2014-5976427,30/10/2014,Taj Knetes,Epinal,France,Central,Consumer,05/11/2014,Economy,Alsace-Champagne-Ardenne-Lorraine,6.449403,48.172402
AZ-2014-9561392,30/10/2014,Cynthia Zielinski,Avignon,France,Central,Home Office,03/11/2014,Economy,Provence-Alpes-Côte d'Azur,4.805528,43.949317
AZ-2014-3851368,30/10/2014,Ginger Owens,Sandnes,Norway,North,Consumer,06/11/2014,Economy,Rogaland,5.7329455,58.8532585
BN-2014-3503687,30/10/2014,Angus Ibsch,Kaiserslautern,Germany,Central,Consumer,02/11/2014,Priority,Rhineland-Palatinate,7.7491265,49.4400657
AZ-2014-2684654,31/10/2014,Alice Black,Carcassonne,France,Central,Home Office,06/11/2014,Economy,Languedoc-Roussillon-Midi-Pyrénées,2.353663,43.212161
BN-2014-1989454,31/10/2014,Rose Heap,St. Gallen,Switzerland,Central,Consumer,03/11/2014,Economy Plus,St. Gallen,9.3767173,47.4244818
BN-2014-3476090,31/10/2014,Owen Howell,London,United Kingdom,North,Home Office,02/11/2014,Economy Plus,England,-0.1277583,51.5073509
AZ-2014-5623990,01/11/2014,Georgina Arnold,Leicester,United Kingdom,North,Corporate,03/11/2014,Economy Plus,England,-1.1397592,52.6368778
AZ-2014-204778,01/11/2014,Owen Faulkner,Parla,Spain,South,Home Office,05/11/2014,Economy Plus,Madrid,-3.768906,40.232367
AZ-2014-3163636,02/11/2014,Lily Dallachy,Paderborn,Germany,Central,Corporate,06/11/2014,Economy,North Rhine-Westphalia,8.7575093,51.7189205
AZ-2014-2874251,03/11/2014,Ben Hogben,Grosseto,Italy,South,Corporate,07/11/2014,Economy,Tuscany,11.1123634,42.7635254
BN-2014-3622670,03/11/2014,Kristen Holland,Amsterdam,Netherlands,Central,Consumer,07/11/2014,Economy,North Holland,4.8951679,52.3702157
BN-2014-6565146,03/11/2014,Andres Woodruff,Hanover,Germany,Central,Home Office,09/11/2014,Economy,Lower Saxony,9.7320104,52.3758916
BN-2014-2516060,03/11/2014,Elise Godfrey,Rome,Italy,South,Consumer,07/11/2014,Economy,Lazio,12.4963655,41.9027835
AZ-2014-4403540,04/11/2014,Gregory Rodriguez,Valenciennes,France,Central,Corporate,08/11/2014,Economy,Nord-Pas-de-Calais-Picardie,3.518332,50.357113
AZ-2014-8257707,04/11/2014,Sienna Williamson,Bayonne,France,Central,Corporate,07/11/2014,Priority,Aquitaine-Limousin-Poitou-Charentes,-1.474841,43.492949
AZ-2014-6304263,04/11/2014,Isabella Fowler,Gelsenkirchen,Germany,Central,Consumer,08/11/2014,Economy Plus,North Rhine-Westphalia,7.0857172,51.517744
BN-2014-5614620,04/11/2014,Tina Phelps,Stockholm,Sweden,North,Consumer,06/11/2014,Priority,Stockholm,18.0685808,59.3293235
AZ-2014-9866663,05/11/2014,Lincoln Want,Mainz,Germany,Central,Consumer,09/11/2014,Economy Plus,Rhineland-Palatinate,8.2472526,49.9928617
AZ-2014-4226060,05/11/2014,Harry Marion,Messina,Italy,South,Consumer,12/11/2014,Economy,Sicily,15.5540152,38.1938137
AZ-2014-1192603,05/11/2014,Kiera Chandler,Berlin,Germany,Central,Consumer,05/11/2014,Immediate,Berlin,13.404954,52.5200066
AZ-2014-7010933,05/11/2014,Nancy Fike,Glasgow,United Kingdom,North,Consumer,09/11/2014,Economy Plus,Scotland,-4.251806,55.864237
AZ-2014-3772714,05/11/2014,Ruby Blomfield,Berlin,Germany,Central,Consumer,11/11/2014,Economy,Berlin,13.404954,52.5200066
AZ-2014-4622829,06/11/2014,William Somerville,Rome,Italy,South,Corporate,11/11/2014,Economy,Lazio,12.4963655,41.9027835
AZ-2014-1058854,06/11/2014,Aidan Rowe,Barcelona,Spain,South,Consumer,09/11/2014,Economy Plus,Catalonia,2.1734035,41.3850639
AZ-2014-1914770,06/11/2014,Cooper Burn,Hove,United Kingdom,North,Consumer,09/11/2014,Priority,England,-0.168749,50.8279319
AZ-2014-5012484,06/11/2014,Ewan Walton,Bari,Italy,South,Consumer,11/11/2014,Economy,Apulia,16.8718715,41.1171432
BN-2014-3563498,06/11/2014,Evie Rees,Luton,United Kingdom,North,Consumer,11/11/2014,Economy Plus,England,-0.4200255,51.8786707
AZ-2014-4979219,07/11/2014,Lorri Stratton,Nice,France,Central,Consumer,12/11/2014,Economy,Provence-Alpes-Côte d'Azur,7.2619532,43.7101728
AZ-2014-3637939,07/11/2014,Louis Dominguez,Berlin,Germany,Central,Corporate,11/11/2014,Economy,Berlin,13.404954,52.5200066
AZ-2014-8973958,07/11/2014,Harvey Daniels,Cergy,France,Central,Consumer,10/11/2014,Priority,Ile-de-France,2.060325,49.035617
AZ-2014-7108970,07/11/2014,Paul Cleary,Reading,United Kingdom,North,Corporate,11/11/2014,Economy,England,-0.9781303,51.4542645
AZ-2014-4591984,07/11/2014,Casey Beckett,Cologne,Germany,Central,Home Office,11/11/2014,Economy Plus,North Rhine-Westphalia,6.9602786,50.937531
AZ-2014-3802828,07/11/2014,Angelina Hurst,Ulm,Germany,Central,Consumer,12/11/2014,Economy Plus,Baden-Württemberg,9.9876076,48.4010822
AZ-2014-3025995,07/11/2014,Benjamin Humphries,Clermont-Ferrand,France,Central,Consumer,09/11/2014,Priority,Auvergne-Rhône-Alpes,3.087025,45.777222
AZ-2014-8465996,07/11/2014,Dylan Dry,Novara,Italy,South,Consumer,11/11/2014,Economy,Piedmont,8.6221612,45.44693
AZ-2014-5189353,07/11/2014,Michael Watkins,Vienna,Austria,Central,Home Office,11/11/2014,Economy,Vienna,16.3738189,48.2081743
BN-2014-7351644,07/11/2014,Carol Evans,Muret,France,Central,Consumer,11/11/2014,Economy,Languedoc-Roussillon-Midi-Pyrénées,1.33071,43.461574
AZ-2014-5509537,08/11/2014,Nicole Howard,Glasgow,United Kingdom,North,Consumer,10/11/2014,Economy Plus,Scotland,-4.251806,55.864237
AZ-2014-6017898,08/11/2014,Joan Douglas,Valladolid,Spain,South,Corporate,14/11/2014,Economy,Castile and León,-4.7245321,41.652251
AZ-2014-4756753,08/11/2014,Thomas McCallum,Valladolid,Spain,South,Consumer,14/11/2014,Economy,Castile and León,-4.7245321,41.652251
AZ-2014-2016291,08/11/2014,Marcus Griffin,Leipzig,Germany,Central,Home Office,10/11/2014,Economy Plus,Saxony,12.3730747,51.3396955
AZ-2014-8555156,10/11/2014,Madison Chadwick,Nice,France,Central,Consumer,15/11/2014,Economy,Provence-Alpes-Côte d'Azur,7.2619532,43.7101728
AZ-2014-5927838,10/11/2014,Maya O'Sullivan,Offenbach,Germany,Central,Corporate,15/11/2014,Economy,Hesse,8.7760843,50.0956362
AZ-2014-1389011,10/11/2014,Nicole Todd,Magdeburg,Germany,Central,Corporate,10/11/2014,Immediate,Saxony-Anhalt,11.6276237,52.1205333
AZ-2014-599049,10/11/2014,Lily Dallachy,Saint-Chamond,France,Central,Corporate,14/11/2014,Economy Plus,Auvergne-Rhône-Alpes,4.5127119,45.476088
AZ-2014-9727546,10/11/2014,Dylan Disney,Marseille,France,Central,Home Office,15/11/2014,Economy,Provence-Alpes-Côte d'Azur,5.36978,43.296482
AZ-2014-6389131,10/11/2014,Daisy Summers,Lyon,France,Central,Corporate,15/11/2014,Economy Plus,Auvergne-Rhône-Alpes,4.835659,45.764043
AZ-2014-9102115,10/11/2014,Thomas Stephens,Savona,Italy,South,Corporate,16/11/2014,Economy,Liguria,8.4645,44.2975603
AZ-2014-4722343,10/11/2014,Morgan Dodd,Istres,France,Central,Consumer,17/11/2014,Economy,Provence-Alpes-Côte d'Azur,4.987968,43.513006
AZ-2014-6875422,10/11/2014,Elise Ali,Gravesend,United Kingdom,North,Home Office,16/11/2014,Economy,England,0.370759,51.441884
BN-2014-8082943,10/11/2014,Wynona Janelle,Cuxhaven,Germany,Central,Corporate,15/11/2014,Economy,Lower Saxony,8.6879057,53.859336
AZ-2014-9504290,11/11/2014,Kimberly Russo,Barakaldo,Spain,South,Corporate,16/11/2014,Economy,Basque Country,-2.9862029,43.2969875
AZ-2014-9894212,11/11/2014,Mark Washington,Halle,Germany,Central,Home Office,15/11/2014,Economy,North Rhine-Westphalia,11.9688029,51.4969802
AZ-2014-8489084,11/11/2014,Samuel Hardey,Marseille,France,Central,Home Office,15/11/2014,Economy,Provence-Alpes-Côte d'Azur,5.36978,43.296482
AZ-2014-6040640,11/11/2014,Nathan Iqbal,Herne,Germany,Central,Consumer,13/11/2014,Economy Plus,North Rhine-Westphalia,7.2009147,51.5368948
BN-2014-7571614,11/11/2014,Henry Pedder,Reims,France,Central,Consumer,17/11/2014,Economy,Alsace-Champagne-Ardenne-Lorraine,4.031696,49.258329
AZ-2014-3332040,12/11/2014,Lola Hughes,Villach,Austria,Central,Consumer,16/11/2014,Economy,Carinthia,13.85062,46.60856
AZ-2014-2419598,12/11/2014,Minnie Cash,Dijon,France,Central,Corporate,14/11/2014,Economy Plus,Bourgogne-Franche-Comté,5.04148,47.322047
AZ-2014-7526286,12/11/2014,Kristina Moore,Nice,France,Central,Corporate,18/11/2014,Economy,Provence-Alpes-Côte d'Azur,7.2619532,43.7101728
AZ-2014-9007405,12/11/2014,Ruth Williams,Cardiff,United Kingdom,North,Consumer,14/11/2014,Economy Plus,Wales,-3.17909,51.481581
AZ-2014-4993399,12/11/2014,Kyle Beard,Edinburgh,United Kingdom,North,Consumer,14/11/2014,Economy Plus,Scotland,-3.188267,55.953252
AZ-2014-6559589,12/11/2014,Natasha Sykes,Fontenay-aux-Roses,France,Central,Consumer,14/11/2014,Priority,Ile-de-France,2.287181,48.789776
BN-2014-5368093,12/11/2014,Liam Newton,Stockholm,Sweden,North,Corporate,19/11/2014,Economy,Stockholm,18.0685808,59.3293235
BN-2014-7621631,12/11/2014,Sean Wheeler,Porto,Portugal,South,Corporate,16/11/2014,Economy,Porto,-8.6291053,41.1579438
AZ-2014-9502741,13/11/2014,Madeline Crooks,Ajaccio,France,Central,Consumer,15/11/2014,Priority,Corsica,8.738635,41.919229
AZ-2014-818907,13/11/2014,Julian Corbin,Woking,United Kingdom,North,Home Office,19/11/2014,Economy,England,-0.5600349,51.316774
BN-2014-504974,13/11/2014,Britney Basaldua,Copenhagen,Denmark,North,Corporate,15/11/2014,Economy Plus,Hovedstaden,12.5683371,55.6760968
BN-2014-7211355,13/11/2014,Gary Crume,Amsterdam,Netherlands,Central,Consumer,19/11/2014,Economy,North Holland,4.8951679,52.3702157
BN-2014-1002619,13/11/2014,Leah Derham,Dublin,Ireland,North,Consumer,17/11/2014,Economy Plus,Dublin,-6.2603097,53.3498053
AZ-2014-1101148,14/11/2014,Dominic Joyce,Cologne,Germany,Central,Corporate,20/11/2014,Economy,North Rhine-Westphalia,6.9602786,50.937531
AZ-2014-8568161,14/11/2014,Madison Holloway,Heilbronn,Germany,Central,Corporate,21/11/2014,Economy,Baden-Württemberg,9.210879,49.1426929
AZ-2014-5374456,14/11/2014,Ryan Greenwood,Viterbo,Italy,South,Consumer,16/11/2014,Priority,Lazio,12.107669,42.4206766
AZ-2014-5759981,15/11/2014,Carol Leach,Le Havre,France,Central,Home Office,21/11/2014,Economy,Normandy,0.107929,49.49437
AZ-2014-5174076,15/11/2014,Abby Muramats,Acireale,Italy,South,Consumer,21/11/2014,Economy,Sicily,15.166736,37.607802
AZ-2014-5765261,15/11/2014,Libby Thompson,Valencia,Spain,South,Consumer,19/11/2014,Economy,Valenciana,-0.3762881,39.4699075
AZ-2014-8751101,15/11/2014,Imogen Steele,Modica,Italy,South,Corporate,20/11/2014,Economy,Sicily,14.7608152,36.8588355
AZ-2014-4114625,15/11/2014,Lamar Lockhart,Le Pré-Saint-Gervais,France,Central,Consumer,20/11/2014,Economy Plus,Ile-de-France,2.40557,48.885063
AZ-2014-3621683,16/11/2014,Isabelle Gould,Bergen,Norway,North,Consumer,17/11/2014,Priority,Hordaland,5.3220544,60.3912628
AZ-2014-6052512,17/11/2014,James Lamoureux,Antwerp,Belgium,Central,Corporate,20/11/2014,Priority,Antwerp,4.4024643,51.2194475
AZ-2014-5406401,17/11/2014,Alexis Code,Boulogne-Billancourt,France,Central,Corporate,20/11/2014,Economy Plus,Ile-de-France,2.2399123,48.8396952
AZ-2014-5104048,17/11/2014,Georgia Blackburn,Dresden,Germany,Central,Corporate,21/11/2014,Economy,Saxony,13.7372621,51.0504088
AZ-2014-7384314,17/11/2014,Milla Hollinworth,Berlin,Germany,Central,Corporate,22/11/2014,Economy,Berlin,13.404954,52.5200066
AZ-2014-985095,17/11/2014,Zachary Disher,Florence,Italy,South,Consumer,22/11/2014,Economy Plus,Tuscany,11.2558136,43.7695604
AZ-2014-7267676,17/11/2014,Shelby Dunston,Poole,United Kingdom,North,Consumer,20/11/2014,Priority,England,-1.987248,50.71505
BN-2014-444620,17/11/2014,Tricia Bustamante,Foggia,Italy,South,Corporate,21/11/2014,Economy,Apulia,15.5446302,41.4621984
BN-2014-4309746,17/11/2014,Adam Walpole,Celle,Germany,Central,Corporate,22/11/2014,Economy,Lower Saxony,10.0628515,52.6175963
BN-2014-5562074,17/11/2014,Kimberly Jones,Braga,Portugal,South,Corporate,21/11/2014,Economy,Braga,-8.426507,41.5454486
BN-2014-3198729,17/11/2014,Sebastian Barber,Nijmegen,Netherlands,Central,Home Office,22/11/2014,Economy Plus,Gelderland,5.8372264,51.8125626
AZ-2014-9050550,18/11/2014,Charles Builder,Aix-les-Bains,France,Central,Consumer,20/11/2014,Economy Plus,Auvergne-Rhône-Alpes,5.908998,45.692341
AZ-2014-6061991,18/11/2014,Gerald Galvan,Landskrona,Sweden,North,Corporate,20/11/2014,Economy Plus,Skåne,12.8300802,55.8703477
AZ-2014-3436015,18/11/2014,Jade Farmer,Madrid,Spain,South,Consumer,20/11/2014,Priority,Madrid,-3.7037902,40.4167754
AZ-2014-3855882,18/11/2014,Beverly Brooks,Longjumeau,France,Central,Consumer,22/11/2014,Economy,Ile-de-France,2.2947615,48.6930642
AZ-2014-2414105,18/11/2014,Jeremy Pilcher,Saint-Malo,France,Central,Corporate,25/11/2014,Economy,Brittany,-2.025674,48.649337
AZ-2014-9165152,18/11/2014,Ethan Williams,Livingston,United Kingdom,North,Corporate,23/11/2014,Economy,Scotland,-3.518068,55.900708
BN-2014-7201366,18/11/2014,Jeffrey Laird,Las Rozas de Madrid,Spain,South,Corporate,22/11/2014,Economy,Madrid,-3.8757916,40.4935329
BN-2014-8834829,18/11/2014,Piper Wilder-Neligan,Pantin,France,Central,Consumer,20/11/2014,Economy Plus,Ile-de-France,2.40963,48.894533
AZ-2014-6305127,19/11/2014,Justin Armit,Farnborough,United Kingdom,North,Consumer,24/11/2014,Economy,England,-0.752615,51.2868939
AZ-2014-6530154,19/11/2014,Bettie Lang,Lille,France,Central,Consumer,23/11/2014,Economy,Nord-Pas-de-Calais-Picardie,3.057256,50.62925
AZ-2014-6854187,19/11/2014,Oscar Clayton,Lille,France,Central,Consumer,21/11/2014,Priority,Nord-Pas-de-Calais-Picardie,3.057256,50.62925
AZ-2014-8637835,19/11/2014,Jasmine Slater,Preston,United Kingdom,North,Corporate,24/11/2014,Economy,England,-2.70309,53.763201
BN-2014-8354693,19/11/2014,Jason Calhoun,Hilversum,Netherlands,Central,Consumer,25/11/2014,Economy,North Holland,5.1668974,52.2291696
BN-2014-9079543,19/11/2014,Freddie Kaur,Naples,Italy,South,Consumer,26/11/2014,Economy,Campania,14.2681244,40.8517746
AZ-2014-741158,20/11/2014,Victoria Burke,Manchester,United Kingdom,North,Corporate,23/11/2014,Priority,England,-2.2426305,53.4807593
AZ-2014-2539403,20/11/2014,Dennis Conaway,Kiel,Germany,Central,Consumer,24/11/2014,Economy,Schleswig-Holstein,10.1227652,54.3232927
AZ-2014-3740104,20/11/2014,Oliver Stephenson,Vienna,Austria,Central,Consumer,26/11/2014,Economy,Vienna,16.3738189,48.2081743
AZ-2014-8708841,20/11/2014,Isabella Falkiner,Acireale,Italy,South,Corporate,25/11/2014,Economy,Sicily,15.166736,37.607802
AZ-2014-3937200,20/11/2014,Isabelle Torpy,Bilbao,Spain,South,Consumer,24/11/2014,Economy Plus,Basque Country,-2.9349852,43.2630126
BN-2014-9526659,20/11/2014,Keith Martinez,El Ejido,Spain,South,Consumer,24/11/2014,Economy,Andalusía,-2.8103551,36.7731148
BN-2014-3991888,20/11/2014,Joyce Cornell,Molfetta,Italy,South,Consumer,27/11/2014,Economy,Apulia,16.5987187,41.2027767
AZ-2014-1473888,21/11/2014,Oscar Noble,Maidenhead,United Kingdom,North,Consumer,26/11/2014,Economy,England,-0.7219,51.522414
AZ-2014-5541569,21/11/2014,Jett Osman,Milan,Italy,South,Home Office,22/11/2014,Priority,Lombardy,9.1859243,45.4654219
AZ-2014-8808446,21/11/2014,Alexander Bennett,Valence,France,Central,Corporate,25/11/2014,Economy,Auvergne-Rhône-Alpes,4.89236,44.933393
AZ-2014-8193054,21/11/2014,Liam Mathias,Antwerp,Belgium,Central,Corporate,25/11/2014,Economy,Antwerp,4.4024643,51.2194475
BN-2014-9998478,21/11/2014,Ella Dwyer-Gray,Breda,Netherlands,Central,Consumer,25/11/2014,Economy,North Brabant,4.768323,51.5719149
AZ-2014-9173852,22/11/2014,Rachel Tyler,Argenteuil,France,Central,Corporate,28/11/2014,Economy,Ile-de-France,2.2466847,48.9472096
AZ-2014-3494429,23/11/2014,Betty Reynolds,Zamora,Spain,South,Corporate,29/11/2014,Economy,Castile and León,-5.7467879,41.5034712
AZ-2014-564669,24/11/2014,Rose Nicolay,Lowestoft,United Kingdom,North,Home Office,28/11/2014,Economy,England,1.753449,52.481138
AZ-2014-3200941,24/11/2014,Skye Hammond,Paris,France,Central,Corporate,27/11/2014,Economy Plus,Ile-de-France,2.3522219,48.856614
AZ-2014-8232144,24/11/2014,Dylan Disney,Dinslaken,Germany,Central,Home Office,28/11/2014,Economy,North Rhine-Westphalia,6.747534,51.5674264
BN-2014-2777881,24/11/2014,Jude Leonard,Berlin,Germany,Central,Consumer,24/11/2014,Immediate,Berlin,13.404954,52.5200066
BN-2014-1528026,24/11/2014,Abby Colebe,Vigo,Spain,South,Consumer,29/11/2014,Economy,Galicia,-8.7207268,42.2405989
BN-2014-4538346,24/11/2014,Nathan Iqbal,Dublin,Ireland,North,Consumer,27/11/2014,Economy Plus,Dublin,-6.2603097,53.3498053
AZ-2014-4188403,25/11/2014,Anna Leal,Valence,France,Central,Consumer,29/11/2014,Economy,Auvergne-Rhône-Alpes,4.89236,44.933393
AZ-2014-641146,25/11/2014,Kimberly Jones,Montpellier,France,Central,Corporate,28/11/2014,Economy Plus,Languedoc-Roussillon-Midi-Pyrénées,3.876716,43.610769
AZ-2014-3745040,25/11/2014,Dominic Stephenson,Sandnes,Norway,North,Home Office,27/11/2014,Priority,Rogaland,5.7329455,58.8532585
AZ-2014-2942129,25/11/2014,Isabelle Grimstone,Hamm,Germany,Central,Consumer,30/11/2014,Economy,North Rhine-Westphalia,7.8159816,51.6738583
AZ-2014-165255,25/11/2014,Yasmin Bradley,Leipzig,Germany,Central,Consumer,01/12/2014,Economy,Saxony,12.3730747,51.3396955
AZ-2014-7388956,25/11/2014,Edward Dolling,Odense,Denmark,North,Consumer,30/11/2014,Economy,South Denmark,10.40237,55.403756
AZ-2014-3638648,25/11/2014,Joseph Banks,Pomezia,Italy,South,Consumer,27/11/2014,Priority,Lazio,12.5023439,41.6693373
AZ-2014-3107566,25/11/2014,Laura Akhtar,Leuven,Belgium,Central,Consumer,27/11/2014,Priority,Flemish Brabant,4.7005176,50.8798438
AZ-2014-6915689,26/11/2014,Tom Charlton,Hasselt,Belgium,Central,Corporate,28/11/2014,Economy Plus,Limburg,5.33248,50.93069
AZ-2014-8848786,26/11/2014,Hollie Norris,Lisieux,France,Central,Consumer,01/12/2014,Economy,Normandy,0.227849,49.145922
AZ-2014-2950767,26/11/2014,Donald Molina,Stavanger,Norway,North,Home Office,30/11/2014,Economy,Rogaland,5.7331073,58.9699756
AZ-2014-2699091,26/11/2014,Casey Forte,Manchester,United Kingdom,North,Consumer,29/11/2014,Priority,England,-2.2426305,53.4807593
BN-2014-3007442,26/11/2014,Mackenzie Whitford,Vincennes,France,Central,Consumer,03/12/2014,Economy,Ile-de-France,2.4394969,48.847759
AZ-2014-4655935,27/11/2014,Tia Metcalfe,Paris,France,Central,Consumer,04/12/2014,Economy,Ile-de-France,2.3522219,48.856614
AZ-2014-9653961,27/11/2014,Robert Quick,Stuttgart,Germany,Central,Consumer,01/12/2014,Economy,Baden-Württemberg,9.1829321,48.7758459
AZ-2014-4031340,27/11/2014,Rita McCann,San Sebastian,Spain,South,Consumer,02/12/2014,Economy,Basque Country,-1.9812313,43.318334
AZ-2014-320668,27/11/2014,Sandra Hooks,Ivry-sur-Seine,France,Central,Corporate,29/11/2014,Priority,Ile-de-France,2.38822,48.813055
AZ-2014-1067698,27/11/2014,Chloe Miller,Utrecht,Netherlands,Central,Consumer,29/11/2014,Priority,Utrecht,5.1214201,52.0907374
AZ-2014-5836619,27/11/2014,Julian Corbin,Montgeron,France,Central,Home Office,01/12/2014,Economy,Ile-de-France,2.4604529,48.703859
BN-2014-657443,27/11/2014,Lane Taylor,Halluin,France,Central,Corporate,27/11/2014,Immediate,Nord-Pas-de-Calais-Picardie,3.127845,50.782824
AZ-2014-2278287,28/11/2014,Bryce Efird,Erlangen,Germany,Central,Corporate,03/12/2014,Economy,Bavaria,11.0119611,49.5896744
BN-2014-8729433,28/11/2014,Jade Farmer,Granada,Spain,South,Consumer,03/12/2014,Economy,Andalusía,-3.5985571,37.1773363
BN-2014-9643770,28/11/2014,Ruth Williams,Manfredonia,Italy,South,Consumer,02/12/2014,Economy,Apulia,15.9165105,41.6307347
BN-2014-2942497,28/11/2014,Abby Muramats,Tilburg,Netherlands,Central,Consumer,03/12/2014,Economy,North Brabant,5.0919143,51.560596
AZ-2014-6484153,29/11/2014,Isabelle Radcliffe,Oslo,Norway,North,Corporate,03/12/2014,Economy,Oslo,10.7522454,59.9138688
AZ-2014-2183629,29/11/2014,Joel McKean,Girona,Spain,South,Home Office,02/12/2014,Economy Plus,Catalonia,2.8214264,41.9794005
BN-2014-7651755,29/11/2014,Jammie Gibbs,Wuppertal,Germany,Central,Consumer,02/12/2014,Economy Plus,North Rhine-Westphalia,7.1507636,51.2562128
AZ-2014-6185153,01/12/2014,Rose Heap,Montreuil,France,Central,Consumer,06/12/2014,Economy,Ile-de-France,2.448451,48.863812
AZ-2014-7955306,01/12/2014,Tahlia Coughlan,Schiltigheim,France,Central,Corporate,07/12/2014,Economy,Alsace-Champagne-Ardenne-Lorraine,7.748453,48.605226
AZ-2014-4042743,01/12/2014,Jasper Neighbour,Cologne,Germany,Central,Corporate,07/12/2014,Economy,North Rhine-Westphalia,6.9602786,50.937531
AZ-2014-1732557,01/12/2014,Adam Harte,Veenendaal,Netherlands,Central,Corporate,06/12/2014,Economy,Utrecht,5.5544309,52.0263009
AZ-2014-688313,02/12/2014,Edward Davidson,Torre del Greco,Italy,South,Home Office,08/12/2014,Economy,Campania,14.367461,40.7894429
AZ-2014-4277955,02/12/2014,Kian Pollard,Vitoria,Spain,South,Consumer,07/12/2014,Economy,Basque Country,-2.6817918,42.8591656
AZ-2014-7187125,02/12/2014,Juan Smith,Essen,Germany,Central,Consumer,09/12/2014,Economy,North Rhine-Westphalia,7.0115552,51.4556432
AZ-2014-183532,02/12/2014,Kyle Nash,Madrid,Spain,South,Consumer,09/12/2014,Economy,Madrid,-3.7037902,40.4167754
BN-2014-5580925,02/12/2014,Julian Corbin,Acireale,Italy,South,Home Office,07/12/2014,Economy,Sicily,15.166736,37.607802
BN-2014-1278253,02/12/2014,Amanda Hutcherson,Amadora,Portugal,South,Corporate,09/12/2014,Economy,Lisboa,-9.2245474,38.7577603
AZ-2014-538841,03/12/2014,Rachel Morton,Segovia,Spain,South,Corporate,08/12/2014,Economy,Castile and León,-4.1088069,40.9429032
AZ-2014-1598982,03/12/2014,Lucas Wood,Ghent,Belgium,Central,Corporate,07/12/2014,Economy,East Flanders,3.7174243,51.0543422
AZ-2014-8059227,03/12/2014,Alta Nokes,Cologne,Germany,Central,Home Office,07/12/2014,Economy,North Rhine-Westphalia,6.9602786,50.937531
AZ-2014-5419885,04/12/2014,Kristal McCaslin,Bolton,United Kingdom,North,Corporate,06/12/2014,Economy Plus,England,-2.4282192,53.5768647
AZ-2014-4284397,04/12/2014,Makayla Elphinstone,Vienna,Austria,Central,Consumer,09/12/2014,Economy,Vienna,16.3738189,48.2081743
AZ-2014-8735182,04/12/2014,Hannah Conyers,Palermo,Italy,South,Home Office,04/12/2014,Immediate,Sicily,13.3612671,38.1156879
AZ-2014-582693,04/12/2014,Ava Corbin,Grasse,France,Central,Home Office,04/12/2014,Immediate,Provence-Alpes-Côte d'Azur,6.926492,43.660153
BN-2014-4509327,04/12/2014,Anna Macdonald,Zurich,Switzerland,Central,Consumer,11/12/2014,Economy,Zürich,8.541694,47.3768866
BN-2014-7902691,04/12/2014,Georgina Garner,Reggio nell'Emilia,Italy,South,Consumer,06/12/2014,Economy Plus,Emilia-Romagna,10.6296859,44.6989932
BN-2014-3939059,04/12/2014,Mark Briggs,Dublin,Ireland,North,Consumer,11/12/2014,Economy,Dublin,-6.2603097,53.3498053
AZ-2014-8993401,05/12/2014,Eloise Sykes,Pierrefitte-sur-Seine,France,Central,Consumer,10/12/2014,Economy,Ile-de-France,2.364077,48.967903
AZ-2014-8665160,05/12/2014,Sam Rees,Sant Boi de Llobregat,Spain,South,Home Office,10/12/2014,Economy,Catalonia,2.035041,41.3458415
AZ-2014-2293716,05/12/2014,Alexis Code,Stoke-on-Trent,United Kingdom,North,Corporate,09/12/2014,Economy Plus,England,-2.179404,53.002668
BN-2014-6253845,05/12/2014,David To,Villeneuve-sur-Lot,France,Central,Home Office,12/12/2014,Economy,Aquitaine-Limousin-Poitou-Charentes,0.7072568,44.4082053
BN-2014-2113216,05/12/2014,Eleanor Pollard,Velsen,Netherlands,Central,Home Office,09/12/2014,Economy Plus,North Holland,4.630587,52.4520591
BN-2014-6721665,05/12/2014,David Chadwick,Agrigento,Italy,South,Corporate,07/12/2014,Economy Plus,Sicily,13.5765475,37.3110897
BN-2014-4060472,05/12/2014,Molly Bidmead,Guildford,United Kingdom,North,Home Office,09/12/2014,Economy Plus,England,-0.570409,51.23622
AZ-2014-8132045,06/12/2014,Will Poynton,Lorient,France,Central,Consumer,10/12/2014,Economy Plus,Brittany,-3.3702449,47.7482524
AZ-2014-2804403,06/12/2014,Rita McCann,Albacete,Spain,South,Consumer,08/12/2014,Economy Plus,Castile-La Mancha,-1.8585424,38.994349
BN-2014-8847537,06/12/2014,Leroy Samson,Leeuwarden,Netherlands,Central,Home Office,09/12/2014,Priority,Friesland,5.7999133,53.2012334
BN-2014-2952495,07/12/2014,Nancy Seay,Seville,Spain,South,Consumer,08/12/2014,Priority,Andalusía,-5.9844589,37.3890924
AZ-2014-1665809,08/12/2014,Jack Brier,Seville,Spain,South,Consumer,12/12/2014,Economy,Andalusía,-5.9844589,37.3890924
AZ-2014-9792783,08/12/2014,Timothy Pownall,Frankfurt,Germany,Central,Consumer,10/12/2014,Priority,Hesse,8.6821267,50.1109221
AZ-2014-4983887,08/12/2014,Kayla Tearle,Le Cannet,France,Central,Corporate,14/12/2014,Economy,Provence-Alpes-Côte d'Azur,7.01902,43.576551
BN-2014-5985534,08/12/2014,Craig Rayner,Madrid,Spain,South,Consumer,12/12/2014,Economy,Madrid,-3.7037902,40.4167754
BN-2014-3537667,08/12/2014,Maddison Breen,Venlo,Netherlands,Central,Corporate,13/12/2014,Economy,Limburg,6.1724031,51.3703748
AZ-2014-1665836,09/12/2014,Philip Newsom,Halle,Germany,Central,Corporate,12/12/2014,Economy Plus,Saxony-Anhalt,11.9688029,51.4969802
AZ-2014-2235626,09/12/2014,Amber Adams,Antwerp,Belgium,Central,Corporate,16/12/2014,Economy,Antwerp,4.4024643,51.2194475
AZ-2014-2323449,09/12/2014,Mary Saterfiel,Champigny-sur-Marne,France,Central,Consumer,16/12/2014,Economy,Ile-de-France,2.515556,48.817049
BN-2014-5780585,09/12/2014,Demi Power,The Hague,Netherlands,Central,Consumer,14/12/2014,Economy,South Holland,4.3006999,52.0704978
BN-2014-3687942,09/12/2014,Rory Braim,Paris,France,Central,Consumer,13/12/2014,Economy,Ile-de-France,2.3522219,48.856614
BN-2014-6653003,09/12/2014,Libby Allan,Stockholm,Sweden,North,Consumer,14/12/2014,Economy,Stockholm,18.0685808,59.3293235
AZ-2014-1912622,10/12/2014,Ralph Holmes,Oyonnax,France,Central,Consumer,14/12/2014,Economy,Auvergne-Rhône-Alpes,5.655335,46.257773
AZ-2014-2886352,10/12/2014,Carrie Boots,Manchester,United Kingdom,North,Corporate,15/12/2014,Economy Plus,England,-2.2426305,53.4807593
AZ-2014-9494759,10/12/2014,Cora Konieczny,Evreux,France,Central,Home Office,14/12/2014,Economy,Normandy,1.151361,49.0270129
AZ-2014-5855020,10/12/2014,Thomas Thompson,Lille,France,Central,Corporate,16/12/2014,Economy,Nord-Pas-de-Calais-Picardie,3.057256,50.62925
BN-2014-2999624,10/12/2014,Madison Rowley,Stockholm,Sweden,North,Consumer,15/12/2014,Economy,Stockholm,18.0685808,59.3293235
AZ-2014-2071834,11/12/2014,Peter Daly,Sheffield,United Kingdom,North,Consumer,11/12/2014,Immediate,England,-1.470085,53.381129
AZ-2014-767884,11/12/2014,Louise Walsh,Bournemouth,United Kingdom,North,Consumer,13/12/2014,Economy Plus,England,-1.880769,50.719164
AZ-2014-371022,12/12/2014,Joseph Banks,Ercolano,Italy,South,Consumer,16/12/2014,Economy,Campania,14.3481628,40.8079195
AZ-2014-2885324,12/12/2014,Jason Calhoun,Middlesbrough,United Kingdom,North,Consumer,12/12/2014,Immediate,England,-1.234956,54.574227
AZ-2014-9683756,12/12/2014,Tahlia Murnin,Paris,France,Central,Consumer,18/12/2014,Economy,Ile-de-France,2.3522219,48.856614
AZ-2014-8652861,12/12/2014,Imogen Steele,Namur,Belgium,Central,Corporate,16/12/2014,Economy,Namur,4.8719854,50.4673883
AZ-2014-3628552,12/12/2014,Donna Farr,Venice,Italy,South,Consumer,16/12/2014,Economy,Veneto,12.3155151,45.4408474
AZ-2014-6047268,12/12/2014,Toby Labilliere,Glasgow,United Kingdom,North,Consumer,16/12/2014,Economy Plus,Scotland,-4.251806,55.864237
AZ-2014-2179018,12/12/2014,Mia Pugh,Perugia,Italy,South,Consumer,19/12/2014,Economy,Umbria,12.3908279,43.1107168
BN-2014-2653916,12/12/2014,Benjamin Lee,Sant Boi de Llobregat,Spain,South,Corporate,14/12/2014,Economy Plus,Catalonia,2.035041,41.3458415
AZ-2014-8611062,13/12/2014,Julian Mack,Grenoble,France,Central,Consumer,18/12/2014,Economy Plus,Auvergne-Rhône-Alpes,5.724524,45.188529
AZ-2014-8589669,13/12/2014,James Bruns,Valence,France,Central,Consumer,17/12/2014,Economy,Auvergne-Rhône-Alpes,4.89236,44.933393
AZ-2014-4158813,13/12/2014,Lola Hughes,Wuppertal,Germany,Central,Consumer,20/12/2014,Economy,North Rhine-Westphalia,7.1507636,51.2562128
AZ-2014-6621179,13/12/2014,Eden Gooseberry,Courbevoie,France,Central,Corporate,17/12/2014,Economy,Ile-de-France,2.25929,48.900552
BN-2014-9300857,14/12/2014,Jonathan Barbee,Palermo,Italy,South,Consumer,19/12/2014,Economy,Sicily,13.3612671,38.1156879
AZ-2014-7090989,15/12/2014,Jessica Williams,Montpellier,France,Central,Consumer,21/12/2014,Economy,Languedoc-Roussillon-Midi-Pyrénées,3.876716,43.610769
AZ-2014-4329133,15/12/2014,Evie Flockhart,Hanover,Germany,Central,Consumer,19/12/2014,Economy,Lower Saxony,9.7320104,52.3758916
AZ-2014-2920974,15/12/2014,Jessica Williams,Rennes,France,Central,Consumer,17/12/2014,Economy Plus,Brittany,-1.6777926,48.117266
AZ-2014-7040665,15/12/2014,Charles Carey,Hamburg,Germany,Central,Consumer,19/12/2014,Economy,Hamburg,9.9936818,53.5510846
BN-2014-6330410,15/12/2014,Evie Newton,Dublin,Ireland,North,Home Office,17/12/2014,Priority,Dublin,-6.2603097,53.3498053
BN-2014-8656062,15/12/2014,Declan Dundas,Solna,Sweden,North,Corporate,21/12/2014,Economy,Stockholm,18.0084334,59.3688791
AZ-2014-4645148,16/12/2014,Hollie Norris,Alicante,Spain,South,Consumer,19/12/2014,Economy Plus,Valenciana,-0.4906855,38.3459963
AZ-2014-4151029,16/12/2014,Victor Kron,Vincennes,France,Central,Consumer,16/12/2014,Immediate,Ile-de-France,2.4394969,48.847759
AZ-2014-3909532,16/12/2014,Ava Giles,Pontault-Combault,France,Central,Corporate,21/12/2014,Economy,Ile-de-France,2.607598,48.801255
AZ-2014-8610318,16/12/2014,Bianca Monsoor,Segovia,Spain,South,Consumer,20/12/2014,Economy,Castile and León,-4.1088069,40.9429032
AZ-2014-9629800,16/12/2014,Minnie Cash,Bradford,United Kingdom,North,Corporate,20/12/2014,Economy,England,-1.759398,53.795984
BN-2014-4808235,16/12/2014,Julie Ochoa,Reims,France,Central,Corporate,20/12/2014,Economy,Alsace-Champagne-Ardenne-Lorraine,4.031696,49.258329
BN-2014-1737730,16/12/2014,Audrey Emanuel,Sheffield,United Kingdom,North,Consumer,21/12/2014,Economy,England,-1.470085,53.381129
BN-2014-7246636,16/12/2014,Steven Prince,Plymouth,United Kingdom,North,Home Office,20/12/2014,Economy,England,-4.1426565,50.3754565
AZ-2014-2694550,17/12/2014,Ashley Baldwinson,Albi,France,Central,Corporate,21/12/2014,Economy Plus,Languedoc-Roussillon-Midi-Pyrénées,2.1486413,43.9250853
AZ-2014-6453341,17/12/2014,Bethany Child,Arles,France,Central,Consumer,23/12/2014,Economy,Provence-Alpes-Côte d'Azur,4.6277769,43.676647
AZ-2014-6360683,17/12/2014,Katie Evenden,Ponteareas,Spain,South,Corporate,21/12/2014,Economy,Galicia,-8.5064757,42.1756174
AZ-2014-2748626,17/12/2014,Niki Peirce,Hagen,Germany,Central,Consumer,22/12/2014,Economy,North Rhine-Westphalia,7.4632841,51.3670777
BN-2014-7539265,17/12/2014,Pamela Searles,Sheffield,United Kingdom,North,Home Office,22/12/2014,Economy,England,-1.470085,53.381129
AZ-2014-8677519,18/12/2014,Tilly Payne,Vigevano,Italy,South,Consumer,20/12/2014,Priority,Lombardy,8.8466726,45.3218787
AZ-2014-8427942,18/12/2014,Joshua Romero,Limoges,France,Central,Consumer,24/12/2014,Economy,Aquitaine-Limousin-Poitou-Charentes,1.261105,45.833619
AZ-2014-2267437,18/12/2014,Janet Broussard,Paris,France,Central,Consumer,23/12/2014,Economy,Ile-de-France,2.3522219,48.856614
AZ-2014-5922257,18/12/2014,Zona Meyer,Berlin,Germany,Central,Corporate,24/12/2014,Economy,Berlin,13.404954,52.5200066
AZ-2014-5958332,18/12/2014,Milla Day,Leeds,United Kingdom,North,Consumer,24/12/2014,Economy,England,-1.5490774,53.8007554
AZ-2014-1538782,18/12/2014,Sam French,Trapani,Italy,South,Consumer,21/12/2014,Priority,Sicily,12.537202,38.0176177
AZ-2014-2452834,19/12/2014,Lisa Boyette,Wasquehal,France,Central,Corporate,20/12/2014,Priority,Nord-Pas-de-Calais-Picardie,3.130782,50.669276
AZ-2014-8034683,19/12/2014,Mark Washington,Kingswood,United Kingdom,North,Home Office,26/12/2014,Economy,England,-2.368647,51.626435
AZ-2014-3367172,19/12/2014,Zara Money,Middlesbrough,United Kingdom,North,Corporate,19/12/2014,Immediate,England,-1.234956,54.574227
AZ-2014-6423763,19/12/2014,Xavier Burford,Villefontaine,France,Central,Corporate,23/12/2014,Economy,Auvergne-Rhône-Alpes,5.150093,45.613538
AZ-2014-9797465,19/12/2014,Georgia Arundale,Halle,Germany,Central,Corporate,20/12/2014,Priority,North Rhine-Westphalia,11.9688029,51.4969802
AZ-2014-4112590,19/12/2014,Juanita Smalls,Pessac,France,Central,Home Office,21/12/2014,Priority,Aquitaine-Limousin-Poitou-Charentes,-0.630386,44.80583
AZ-2014-5854917,19/12/2014,Charli Rose,Getafe,Spain,South,Consumer,23/12/2014,Economy,Madrid,-3.7323934,40.3082504
AZ-2014-1456061,19/12/2014,Eve Bates,Tournai,Belgium,Central,Consumer,23/12/2014,Economy Plus,Hainaut,3.3879338,50.6056475
AZ-2014-8636946,19/12/2014,Rebecca Cook,Brest,France,Central,Corporate,21/12/2014,Economy Plus,Brittany,-4.486076,48.390394
AZ-2014-6852379,19/12/2014,Alex Greenwood,Villach,Austria,Central,Consumer,21/12/2014,Priority,Carinthia,13.85062,46.60856
BN-2014-8706715,20/12/2014,Mohammed Arnold,Arrentela,Portugal,South,Consumer,25/12/2014,Economy Plus,Setúbal,-9.0958183,38.6283811
BN-2014-323564,20/12/2014,Lucas Warren,Sheffield,United Kingdom,North,Consumer,24/12/2014,Economy,England,-1.470085,53.381129
AZ-2014-449112,22/12/2014,Toby Conway,La Teste-de-Buch,France,Central,Consumer,25/12/2014,Economy Plus,Aquitaine-Limousin-Poitou-Charentes,-1.148224,44.631077
AZ-2014-559431,22/12/2014,Paige Horsfall,Aschaffenburg,Germany,Central,Home Office,26/12/2014,Economy,Bavaria,9.1355554,49.9806625
AZ-2014-2718227,23/12/2014,William Jolly,Clacton-on-Sea,United Kingdom,North,Consumer,25/12/2014,Priority,England,1.153035,51.789534
AZ-2014-9135903,23/12/2014,Chloe O'Dea,Munich,Germany,Central,Consumer,28/12/2014,Economy,Bavaria,11.5819806,48.1351253
BN-2014-2221750,23/12/2014,Mike Obrien,Porto,Portugal,South,Consumer,27/12/2014,Economy,Porto,-8.6291053,41.1579438
AZ-2014-938052,24/12/2014,Erick Tanner,London,United Kingdom,North,Corporate,28/12/2014,Economy,England,-0.1277583,51.5073509
AZ-2014-5480991,24/12/2014,Shelby Dunston,Marseille,France,Central,Consumer,28/12/2014,Economy,Provence-Alpes-Côte d'Azur,5.36978,43.296482
AZ-2014-2938104,24/12/2014,Charlie Donnelly,Berlin,Germany,Central,Consumer,28/12/2014,Economy,Berlin,13.404954,52.5200066
AZ-2014-4842242,24/12/2014,Tyson Ebden,Reggio nell'Emilia,Italy,South,Consumer,24/12/2014,Immediate,Emilia-Romagna,10.6296859,44.6989932
AZ-2014-5759830,24/12/2014,Peter Daly,Longjumeau,France,Central,Consumer,24/12/2014,Immediate,Ile-de-France,2.2947615,48.6930642
AZ-2014-6684100,24/12/2014,Angelina Hurst,Dortmund,Germany,Central,Consumer,30/12/2014,Economy,North Rhine-Westphalia,7.4652981,51.5135872
AZ-2014-2238445,24/12/2014,Samuel Hardey,Milan,Italy,South,Home Office,28/12/2014,Economy,Lombardy,9.1859243,45.4654219
BN-2014-8501685,24/12/2014,Julian Dobie,Stockholm,Sweden,North,Consumer,28/12/2014,Economy,Stockholm,18.0685808,59.3293235
AZ-2014-5706621,25/12/2014,Kian Sykes,Palma de Mallorca,Spain,South,Consumer,31/12/2014,Economy,Balearic Islands,2.6501603,39.5696005
AZ-2014-7188993,25/12/2014,Michael Halcomb,Palma de Mallorca,Spain,South,Corporate,29/12/2014,Economy,Balearic Islands,2.6501603,39.5696005
AZ-2014-1328396,25/12/2014,Isaac David,Copenhagen,Denmark,North,Corporate,27/12/2014,Priority,Hovedstaden,12.5683371,55.6760968
AZ-2014-3281125,25/12/2014,Thomas Shepherd,Oldenburg,Germany,Central,Corporate,29/12/2014,Economy,Lower Saxony,8.2145521,53.1434501
AZ-2014-9082134,25/12/2014,Jessica Williams,Saint-Laurent-du-Var,France,Central,Consumer,25/12/2014,Immediate,Provence-Alpes-Côte d'Azur,7.189811,43.673417
AZ-2014-6165036,25/12/2014,Xavier Synan,Munich,Germany,Central,Consumer,01/01/2015,Economy,Bavaria,11.5819806,48.1351253
AZ-2014-1986339,25/12/2014,Alexis O'Flaherty,Sagunto,Spain,South,Home Office,31/12/2014,Economy,Valenciana,-0.2784385,39.6798633
AZ-2014-663950,25/12/2014,Nate Dacey,Edinburgh,United Kingdom,North,Consumer,30/12/2014,Economy,Scotland,-3.188267,55.953252
AZ-2014-1317871,25/12/2014,Ruby Blomfield,Hasselt,Belgium,Central,Consumer,29/12/2014,Economy,Limburg,5.33248,50.93069
BN-2014-1926985,25/12/2014,Harriet Chadwick,Karlstad,Sweden,North,Corporate,25/12/2014,Immediate,Värmland,13.5114977,59.4021806
BN-2014-7634157,25/12/2014,Alexandra Portus,Oosterhout,Netherlands,Central,Corporate,01/01/2015,Economy,North Brabant,4.8616901,51.6410202
AZ-2014-2210711,26/12/2014,Vaughn Gibbs,Toulouse,France,Central,Home Office,30/12/2014,Economy,Languedoc-Roussillon-Midi-Pyrénées,1.444209,43.604652
AZ-2014-5189158,26/12/2014,Piper Wilder-Neligan,Dortmund,Germany,Central,Consumer,01/01/2015,Economy,North Rhine-Westphalia,7.4652981,51.5135872
AZ-2014-856008,26/12/2014,Jose Gullo,London,United Kingdom,North,Consumer,30/12/2014,Economy Plus,England,-0.1277583,51.5073509
AZ-2014-7108585,26/12/2014,Zoe Lowin,Bordeaux,France,Central,Consumer,31/12/2014,Economy,Aquitaine-Limousin-Poitou-Charentes,-0.57918,44.837789
AZ-2014-7174058,26/12/2014,Anthony Spooner,Marseille,France,Central,Corporate,31/12/2014,Economy,Provence-Alpes-Côte d'Azur,5.36978,43.296482
AZ-2014-2687996,26/12/2014,Charles Builder,Berlin,Germany,Central,Consumer,01/01/2015,Economy,Berlin,13.404954,52.5200066
AZ-2014-9733542,26/12/2014,Desiree Hurt,Dormagen,Germany,Central,Home Office,01/01/2015,Economy,North Rhine-Westphalia,6.8289112,51.0936851
AZ-2014-9018441,26/12/2014,Kaitlyn Dorsch,Linz,Austria,Central,Corporate,30/12/2014,Economy,Upper Austria,14.28583,48.30694
BN-2014-2971842,26/12/2014,Chelsea Howell,Lisbon,Portugal,South,Consumer,28/12/2014,Priority,Lisboa,-9.1393366,38.7222524
BN-2014-9956954,26/12/2014,Darcy Medley,Ferrara,Italy,South,Corporate,01/01/2015,Economy,Emilia-Romagna,11.619787,44.8381237
BN-2014-5013417,26/12/2014,Toby Clunie,Schwerin,Germany,Central,Consumer,27/12/2014,Priority,Mecklenburg-Vorpommern,11.4012499,53.6355022
BN-2014-5182753,26/12/2014,Zachary Warner,Stockholm,Sweden,North,Consumer,31/12/2014,Economy,Stockholm,18.0685808,59.3293235
AZ-2014-494283,27/12/2014,Sherron Henegar,Harrow,United Kingdom,North,Consumer,02/01/2015,Economy,England,-0.341995,51.580559
AZ-2014-8899195,27/12/2014,Matthew Gill,Milan,Italy,South,Home Office,31/12/2014,Economy,Lombardy,9.1859243,45.4654219
BN-2014-2616164,27/12/2014,Carl Proctor,Stockholm,Sweden,North,Consumer,30/12/2014,Economy Plus,Stockholm,18.0685808,59.3293235
BN-2014-6319094,27/12/2014,Isabella Falkiner,The Hague,Netherlands,Central,Corporate,31/12/2014,Economy,South Holland,4.3006999,52.0704978
AZ-2014-9491986,28/12/2014,Audrey Knowles,Wolverhampton,United Kingdom,North,Consumer,31/12/2014,Priority,England,-2.12882,52.586973
AZ-2014-6630720,29/12/2014,Lara Stoate,London,United Kingdom,North,Corporate,04/01/2015,Economy,England,-0.1277583,51.5073509
AZ-2014-338779,29/12/2014,Judy Rodriquez,Champigny-sur-Marne,France,Central,Consumer,29/12/2014,Immediate,Ile-de-France,2.515556,48.817049
AZ-2014-5388375,29/12/2014,Anna Kelly,Pamplona,Spain,South,Corporate,02/01/2015,Economy,Navarra,-1.6457745,42.812526
AZ-2014-6752912,29/12/2014,Lauren Saunders,Oyonnax,France,Central,Consumer,31/12/2014,Economy Plus,Auvergne-Rhône-Alpes,5.655335,46.257773
AZ-2014-8026360,29/12/2014,Darcy Farnell,Sarcelles,France,Central,Consumer,03/01/2015,Economy,Ile-de-France,2.378493,48.997347
BN-2014-5301206,29/12/2014,Jay Collier,Haarlem,Netherlands,Central,Consumer,31/12/2014,Priority,North Holland,4.6462194,52.3873878
BN-2014-4912801,29/12/2014,Rachel Morton,Stockholm,Sweden,North,Corporate,01/01/2015,Priority,Stockholm,18.0685808,59.3293235
BN-2014-3913645,29/12/2014,Mark Washington,Dublin,Ireland,North,Home Office,02/01/2015,Economy,Dublin,-6.2603097,53.3498053
AZ-2014-8007090,30/12/2014,Mary Saterfiel,Plymouth,United Kingdom,North,Consumer,03/01/2015,Economy,England,-4.1426565,50.3754565
AZ-2014-5047236,30/12/2014,Alexis O'Flaherty,Munich,Germany,Central,Home Office,04/01/2015,Economy,Bavaria,11.5819806,48.1351253
AZ-2014-157670,30/12/2014,Max Ludwig,Edinburgh,United Kingdom,North,Home Office,04/01/2015,Economy,Scotland,-3.188267,55.953252
AZ-2014-436448,30/12/2014,Georgia Arundale,Naples,Italy,South,Corporate,05/01/2015,Economy,Campania,14.2681244,40.8517746
AZ-2014-3870231,30/12/2014,Thomas Thompson,Basel,Switzerland,Central,Corporate,02/01/2015,Priority,Basel-Stadt,7.5885761,47.5595986
BN-2014-8679573,30/12/2014,Dennis Conaway,The Hague,Netherlands,Central,Consumer,01/01/2015,Priority,South Holland,4.3006999,52.0704978
AZ-2014-4217323,31/12/2014,Evie Morton,Caen,France,Central,Consumer,02/01/2015,Economy Plus,Normandy,-0.370679,49.182863
AZ-2014-8174835,31/12/2014,Eloise Sykes,Bielefeld,Germany,Central,Consumer,04/01/2015,Economy,North Rhine-Westphalia,8.5324708,52.0302285
AZ-2014-766953,31/12/2014,Jose Gambino,Maidenhead,United Kingdom,North,Corporate,05/01/2015,Economy,England,-0.7219,51.522414
AZ-2014-1412225,31/12/2014,Leon Barnes,Worcester,United Kingdom,North,Consumer,01/01/2015,Priority,England,-2.221575,52.193636
AZ-2014-7604524,31/12/2014,Rebecca Chamberlain,Hamburg,Germany,Central,Home Office,04/01/2015,Economy,Hamburg,9.9936818,53.5510846
BN-2014-4140795,31/12/2014,Daniel Hamilton,Eindhoven,Netherlands,Central,Home Office,05/01/2015,Economy Plus,North Brabant,5.4697225,51.441642
